accident_id,location_id,location_name,latitude,longitude,accident_date,accident_time,day_of_week,weather_condition,road_type,traffic_density,vehicle_type,accident_severity,num_casualties
2,1,Albert Ekka Chowk,23.3701968,85.3249027,2021-12-07,07:05:00,Tuesday,Clear,Main Road,Medium,Car,Minor,0
13,1,Albert Ekka Chowk,23.3701968,85.3249027,2024-09-10,18:57:00,Tuesday,Clear,Chowk/Intersection,Medium,Auto-Rickshaw,Minor,0
20,1,Albert Ekka Chowk,23.3701968,85.3249027,2025-04-19,18:04:00,Saturday,Clear,Main Road,High,Auto-Rickshaw,Serious,3
101,1,Albert Ekka Chowk,23.3701968,85.3249027,2023-10-04,08:19:00,Wednesday,Rainy,Chowk/Intersection,High,Auto-Rickshaw,Minor,1
125,1,Albert Ekka Chowk,23.3701968,85.3249027,2024-05-29,10:09:00,Wednesday,Clear,Chowk/Intersection,High,Truck,Minor,1
127,1,Albert Ekka Chowk,23.3701968,85.3249027,2021-02-12,09:00:00,Friday,Clear,Highway,Low,Two-Wheeler,Minor,0
270,1,Albert Ekka Chowk,23.3701968,85.3249027,2023-07-16,07:22:00,Sunday,Clear,Residential Road,Medium,Two-Wheeler,Serious,2
291,1,Albert Ekka Chowk,23.3701968,85.3249027,2024-06-13,19:50:00,Thursday,Clear,Chowk/Intersection,Low,Car,Minor,0
298,1,Albert Ekka Chowk,23.3701968,85.3249027,2021-01-01,08:56:00,Friday,Clear,Chowk/Intersection,Low,Car,Minor,1
325,1,Albert Ekka Chowk,23.3701968,85.3249027,2025-11-20,09:18:00,Thursday,Clear,Chowk/Intersection,High,Truck,Minor,0
343,1,Albert Ekka Chowk,23.3701968,85.3249027,2021-04-21,08:26:00,Wednesday,Clear,Highway,Medium,Two-Wheeler,Minor,1
369,1,Albert Ekka Chowk,23.3701968,85.3249027,2025-08-29,17:42:00,Friday,Clear,Highway,High,Two-Wheeler,Serious,1
395,1,Albert Ekka Chowk,23.3701968,85.3249027,2021-08-13,21:58:00,Friday,Clear,Highway,Medium,Two-Wheeler,Minor,1
416,1,Albert Ekka Chowk,23.3701968,85.3249027,2023-03-22,18:14:00,Wednesday,Clear,Chowk/Intersection,Medium,Two-Wheeler,Minor,0
428,1,Albert Ekka Chowk,23.3701968,85.3249027,2021-07-15,17:13:00,Thursday,Clear,Residential Road,Low,Two-Wheeler,Fatal,1
482,1,Albert Ekka Chowk,23.3701968,85.3249027,2024-06-16,09:36:00,Sunday,Rainy,Highway,Medium,Two-Wheeler,Minor,1
494,1,Albert Ekka Chowk,23.3701968,85.3249027,2021-02-25,08:38:00,Thursday,Clear,Chowk/Intersection,Medium,Car,Minor,1
502,1,Albert Ekka Chowk,23.3701968,85.3249027,2025-05-19,08:21:00,Monday,Stormy,Highway,Low,Two-Wheeler,Serious,2
505,1,Albert Ekka Chowk,23.3701968,85.3249027,2023-08-10,08:07:00,Thursday,Clear,Residential Road,Low,Car,Serious,1
519,1,Albert Ekka Chowk,23.3701968,85.3249027,2021-05-11,16:46:00,Tuesday,Rainy,Highway,Medium,Car,Serious,2
529,1,Albert Ekka Chowk,23.3701968,85.3249027,2024-09-22,16:40:00,Sunday,Clear,Highway,Medium,Two-Wheeler,Minor,1
544,1,Albert Ekka Chowk,23.3701968,85.3249027,2023-05-28,18:06:00,Sunday,Clear,Chowk/Intersection,High,Auto-Rickshaw,Minor,1
590,1,Albert Ekka Chowk,23.3701968,85.3249027,2025-03-12,18:08:00,Wednesday,Clear,Chowk/Intersection,Medium,Car,Serious,1
599,1,Albert Ekka Chowk,23.3701968,85.3249027,2025-04-22,06:29:00,Tuesday,Clear,Highway,High,Bus,Minor,0
638,1,Albert Ekka Chowk,23.3701968,85.3249027,2024-10-25,08:40:00,Friday,Clear,Residential Road,High,Auto-Rickshaw,Minor,1
685,1,Albert Ekka Chowk,23.3701968,85.3249027,2024-12-13,17:08:00,Friday,Clear,Residential Road,Medium,Car,Minor,0
883,1,Albert Ekka Chowk,23.3701968,85.3249027,2025-06-29,08:42:00,Sunday,Clear,Main Road,Low,Two-Wheeler,Fatal,2
957,1,Albert Ekka Chowk,23.3701968,85.3249027,2023-02-02,19:16:00,Thursday,Clear,Main Road,High,Auto-Rickshaw,Minor,1
967,1,Albert Ekka Chowk,23.3701968,85.3249027,2024-06-04,19:21:00,Tuesday,Clear,Chowk/Intersection,Medium,Two-Wheeler,Minor,0
1014,1,Albert Ekka Chowk,23.3701968,85.3249027,2021-02-05,19:59:00,Friday,Clear,Main Road,High,Two-Wheeler,Minor,0
1027,1,Albert Ekka Chowk,23.3701968,85.3249027,2024-04-19,07:57:00,Friday,Clear,Main Road,Medium,Car,Minor,0
1034,1,Albert Ekka Chowk,23.3701968,85.3249027,2021-09-13,18:16:00,Monday,Clear,Main Road,High,Two-Wheeler,Serious,1
1035,1,Albert Ekka Chowk,23.3701968,85.3249027,2022-01-27,19:44:00,Thursday,Clear,Chowk/Intersection,Medium,Two-Wheeler,Serious,3
1126,1,Albert Ekka Chowk,23.3701968,85.3249027,2024-05-17,18:04:00,Friday,Clear,Chowk/Intersection,Medium,Two-Wheeler,Minor,0
1134,1,Albert Ekka Chowk,23.3701968,85.3249027,2023-06-13,16:31:00,Tuesday,Clear,Main Road,High,Car,Minor,0
1169,1,Albert Ekka Chowk,23.3701968,85.3249027,2024-07-04,17:59:00,Thursday,Clear,Main Road,Low,Car,Minor,0
1175,1,Albert Ekka Chowk,23.3701968,85.3249027,2023-11-18,18:20:00,Saturday,Clear,Chowk/Intersection,Medium,Two-Wheeler,Minor,0
1186,1,Albert Ekka Chowk,23.3701968,85.3249027,2025-05-28,19:34:00,Wednesday,Clear,Highway,High,Truck,Fatal,1
1194,1,Albert Ekka Chowk,23.3701968,85.3249027,2022-08-15,20:55:00,Monday,Clear,Chowk/Intersection,High,Two-Wheeler,Minor,1
1374,1,Albert Ekka Chowk,23.3701968,85.3249027,2025-10-22,20:16:00,Wednesday,Foggy,Highway,High,Bus,Minor,0
1380,1,Albert Ekka Chowk,23.3701968,85.3249027,2025-10-11,16:16:00,Saturday,Clear,Main Road,Medium,Two-Wheeler,Fatal,4
1392,1,Albert Ekka Chowk,23.3701968,85.3249027,2024-06-13,18:46:00,Thursday,Rainy,Residential Road,Medium,Auto-Rickshaw,Serious,1
1409,1,Albert Ekka Chowk,23.3701968,85.3249027,2025-07-18,09:46:00,Friday,Clear,Residential Road,High,Auto-Rickshaw,Minor,1
1430,1,Albert Ekka Chowk,23.3701968,85.3249027,2024-01-11,07:35:00,Thursday,Clear,Main Road,Low,Car,Serious,3
1557,1,Albert Ekka Chowk,23.3701968,85.3249027,2025-12-20,10:45:00,Saturday,Clear,Highway,Medium,Car,Minor,0
1609,1,Albert Ekka Chowk,23.3701968,85.3249027,2023-11-16,17:50:00,Thursday,Clear,Main Road,Low,Two-Wheeler,Minor,0
1658,1,Albert Ekka Chowk,23.3701968,85.3249027,2021-04-17,16:03:00,Saturday,Foggy,Main Road,Medium,Auto-Rickshaw,Minor,0
1722,1,Albert Ekka Chowk,23.3701968,85.3249027,2025-01-06,20:09:00,Monday,Clear,Highway,High,Auto-Rickshaw,Serious,2
1739,1,Albert Ekka Chowk,23.3701968,85.3249027,2021-08-06,18:26:00,Friday,Clear,Residential Road,Low,Truck,Serious,1
1808,1,Albert Ekka Chowk,23.3701968,85.3249027,2021-02-27,19:34:00,Saturday,Stormy,Main Road,High,Two-Wheeler,Serious,2
1837,1,Albert Ekka Chowk,23.3701968,85.3249027,2023-02-23,19:06:00,Thursday,Clear,Highway,Medium,Two-Wheeler,Serious,1
1875,1,Albert Ekka Chowk,23.3701968,85.3249027,2024-05-07,16:37:00,Tuesday,Rainy,Main Road,Low,Two-Wheeler,Minor,0
1962,1,Albert Ekka Chowk,23.3701968,85.3249027,2021-01-22,08:57:00,Friday,Clear,Main Road,Medium,Two-Wheeler,Fatal,1
1963,1,Albert Ekka Chowk,23.3701968,85.3249027,2025-09-06,17:21:00,Saturday,Clear,Chowk/Intersection,High,Car,Serious,2
1979,1,Albert Ekka Chowk,23.3701968,85.3249027,2025-06-16,16:06:00,Monday,Foggy,Residential Road,Low,Two-Wheeler,Fatal,2
2051,1,Albert Ekka Chowk,23.3701968,85.3249027,2025-04-24,09:14:00,Thursday,Clear,Chowk/Intersection,Medium,Two-Wheeler,Minor,0
2113,1,Albert Ekka Chowk,23.3701968,85.3249027,2023-11-11,18:07:00,Saturday,Rainy,Main Road,Medium,Car,Minor,0
2121,1,Albert Ekka Chowk,23.3701968,85.3249027,2025-02-18,15:46:00,Tuesday,Clear,Main Road,High,Auto-Rickshaw,Serious,2
2123,1,Albert Ekka Chowk,23.3701968,85.3249027,2025-05-19,09:19:00,Monday,Clear,Chowk/Intersection,Low,Car,Fatal,3
2127,1,Albert Ekka Chowk,23.3701968,85.3249027,2023-03-28,08:39:00,Tuesday,Foggy,Highway,High,Two-Wheeler,Fatal,2
2154,1,Albert Ekka Chowk,23.3701968,85.3249027,2021-04-07,18:52:00,Wednesday,Clear,Main Road,Low,Two-Wheeler,Serious,2
2222,1,Albert Ekka Chowk,23.3701968,85.3249027,2024-08-04,09:45:00,Sunday,Clear,Chowk/Intersection,High,Two-Wheeler,Minor,1
2231,1,Albert Ekka Chowk,23.3701968,85.3249027,2024-12-09,21:13:00,Monday,Clear,Chowk/Intersection,High,Two-Wheeler,Minor,0
2331,1,Albert Ekka Chowk,23.3701968,85.3249027,2025-01-25,10:27:00,Saturday,Foggy,Main Road,Medium,Car,Minor,0
2343,1,Albert Ekka Chowk,23.3701968,85.3249027,2023-01-10,09:46:00,Tuesday,Clear,Highway,High,Two-Wheeler,Serious,2
2376,1,Albert Ekka Chowk,23.3701968,85.3249027,2025-03-12,08:18:00,Wednesday,Foggy,Chowk/Intersection,High,Two-Wheeler,Minor,0
2427,1,Albert Ekka Chowk,23.3701968,85.3249027,2023-02-14,17:26:00,Tuesday,Clear,Residential Road,High,Car,Serious,2
2517,1,Albert Ekka Chowk,23.3701968,85.3249027,2024-10-18,10:58:00,Friday,Clear,Chowk/Intersection,High,Two-Wheeler,Minor,0
2544,1,Albert Ekka Chowk,23.3701968,85.3249027,2023-07-25,20:14:00,Tuesday,Rainy,Main Road,Low,Car,Fatal,2
2564,1,Albert Ekka Chowk,23.3701968,85.3249027,2023-04-27,22:24:00,Thursday,Rainy,Residential Road,Low,Two-Wheeler,Minor,0
2569,1,Albert Ekka Chowk,23.3701968,85.3249027,2024-09-27,17:50:00,Friday,Clear,Chowk/Intersection,Low,Auto-Rickshaw,Minor,1
2588,1,Albert Ekka Chowk,23.3701968,85.3249027,2023-06-05,19:57:00,Monday,Clear,Highway,Low,Car,Minor,0
2638,1,Albert Ekka Chowk,23.3701968,85.3249027,2021-10-05,06:34:00,Tuesday,Clear,Highway,Low,Two-Wheeler,Serious,1
2688,1,Albert Ekka Chowk,23.3701968,85.3249027,2022-08-31,20:07:00,Wednesday,Clear,Chowk/Intersection,High,Car,Minor,1
2736,1,Albert Ekka Chowk,23.3701968,85.3249027,2021-08-30,18:32:00,Monday,Clear,Main Road,Medium,Truck,Minor,0
2749,1,Albert Ekka Chowk,23.3701968,85.3249027,2024-06-07,08:02:00,Friday,Rainy,Main Road,Medium,Two-Wheeler,Minor,1
2756,1,Albert Ekka Chowk,23.3701968,85.3249027,2024-01-31,17:00:00,Wednesday,Clear,Chowk/Intersection,Medium,Two-Wheeler,Minor,1
2826,1,Albert Ekka Chowk,23.3701968,85.3249027,2021-05-10,20:09:00,Monday,Clear,Main Road,Low,Two-Wheeler,Minor,0
2837,1,Albert Ekka Chowk,23.3701968,85.3249027,2025-02-24,08:34:00,Monday,Rainy,Chowk/Intersection,High,Two-Wheeler,Serious,2
2910,1,Albert Ekka Chowk,23.3701968,85.3249027,2022-03-15,17:20:00,Tuesday,Foggy,Chowk/Intersection,Medium,Truck,Minor,0
2925,1,Albert Ekka Chowk,23.3701968,85.3249027,2025-06-08,08:15:00,Sunday,Rainy,Main Road,Medium,Car,Minor,0
2933,1,Albert Ekka Chowk,23.3701968,85.3249027,2025-09-24,09:52:00,Wednesday,Rainy,Chowk/Intersection,Medium,Truck,Serious,1
2991,1,Albert Ekka Chowk,23.3701968,85.3249027,2023-06-19,22:29:00,Monday,Rainy,Chowk/Intersection,Medium,Bus,Fatal,2
3044,1,Albert Ekka Chowk,23.3701968,85.3249027,2021-11-11,17:14:00,Thursday,Clear,Main Road,Low,Auto-Rickshaw,Serious,1
3142,1,Albert Ekka Chowk,23.3701968,85.3249027,2025-05-31,07:20:00,Saturday,Clear,Chowk/Intersection,High,Two-Wheeler,Minor,0
3171,1,Albert Ekka Chowk,23.3701968,85.3249027,2021-06-20,18:27:00,Sunday,Clear,Chowk/Intersection,Medium,Two-Wheeler,Minor,1
3205,1,Albert Ekka Chowk,23.3701968,85.3249027,2023-11-14,07:58:00,Tuesday,Clear,Highway,Low,Bus,Fatal,1
3208,1,Albert Ekka Chowk,23.3701968,85.3249027,2021-05-12,19:54:00,Wednesday,Clear,Chowk/Intersection,Medium,Two-Wheeler,Minor,0
3212,1,Albert Ekka Chowk,23.3701968,85.3249027,2024-06-20,09:34:00,Thursday,Rainy,Highway,Low,Bus,Serious,2
3314,1,Albert Ekka Chowk,23.3701968,85.3249027,2022-08-08,10:14:00,Monday,Stormy,Chowk/Intersection,Medium,Auto-Rickshaw,Minor,0
3330,1,Albert Ekka Chowk,23.3701968,85.3249027,2023-01-14,18:39:00,Saturday,Clear,Highway,Low,Two-Wheeler,Minor,0
3374,1,Albert Ekka Chowk,23.3701968,85.3249027,2025-01-19,08:00:00,Sunday,Foggy,Main Road,Medium,Two-Wheeler,Minor,1
3407,1,Albert Ekka Chowk,23.3701968,85.3249027,2021-05-03,19:02:00,Monday,Rainy,Highway,Medium,Two-Wheeler,Serious,3
3462,1,Albert Ekka Chowk,23.3701968,85.3249027,2021-06-26,08:26:00,Saturday,Clear,Main Road,Medium,Two-Wheeler,Minor,0
3518,1,Albert Ekka Chowk,23.3701968,85.3249027,2023-03-30,18:49:00,Thursday,Foggy,Main Road,Low,Car,Serious,2
3625,1,Albert Ekka Chowk,23.3701968,85.3249027,2024-05-23,07:09:00,Thursday,Clear,Residential Road,High,Bus,Minor,1
3656,1,Albert Ekka Chowk,23.3701968,85.3249027,2022-10-21,07:02:00,Friday,Clear,Residential Road,Medium,Two-Wheeler,Minor,1
3713,1,Albert Ekka Chowk,23.3701968,85.3249027,2023-03-19,19:47:00,Sunday,Clear,Chowk/Intersection,High,Two-Wheeler,Minor,0
3740,1,Albert Ekka Chowk,23.3701968,85.3249027,2024-05-09,16:25:00,Thursday,Clear,Main Road,High,Auto-Rickshaw,Serious,1
3767,1,Albert Ekka Chowk,23.3701968,85.3249027,2025-09-28,17:27:00,Sunday,Clear,Main Road,Medium,Auto-Rickshaw,Serious,1
3802,1,Albert Ekka Chowk,23.3701968,85.3249027,2023-08-16,07:31:00,Wednesday,Rainy,Highway,Low,Two-Wheeler,Minor,0
3845,1,Albert Ekka Chowk,23.3701968,85.3249027,2024-08-17,09:50:00,Saturday,Rainy,Main Road,High,Two-Wheeler,Serious,3
3868,1,Albert Ekka Chowk,23.3701968,85.3249027,2021-08-18,19:52:00,Wednesday,Clear,Chowk/Intersection,High,Bus,Serious,2
3954,1,Albert Ekka Chowk,23.3701968,85.3249027,2022-03-03,17:22:00,Thursday,Rainy,Chowk/Intersection,High,Two-Wheeler,Minor,1
3967,1,Albert Ekka Chowk,23.3701968,85.3249027,2022-04-27,20:34:00,Wednesday,Rainy,Chowk/Intersection,Low,Two-Wheeler,Fatal,2
4034,1,Albert Ekka Chowk,23.3701968,85.3249027,2024-10-07,08:51:00,Monday,Clear,Main Road,Medium,Two-Wheeler,Serious,1
4072,1,Albert Ekka Chowk,23.3701968,85.3249027,2021-08-24,09:28:00,Tuesday,Clear,Highway,Low,Two-Wheeler,Serious,2
4102,1,Albert Ekka Chowk,23.3701968,85.3249027,2024-05-18,16:28:00,Saturday,Rainy,Residential Road,High,Two-Wheeler,Minor,0
4143,1,Albert Ekka Chowk,23.3701968,85.3249027,2025-07-23,17:08:00,Wednesday,Foggy,Highway,High,Auto-Rickshaw,Serious,3
4153,1,Albert Ekka Chowk,23.3701968,85.3249027,2022-12-11,11:17:00,Sunday,Rainy,Main Road,High,Two-Wheeler,Minor,0
4209,1,Albert Ekka Chowk,23.3701968,85.3249027,2023-08-23,16:39:00,Wednesday,Clear,Residential Road,Medium,Bus,Minor,0
4261,1,Albert Ekka Chowk,23.3701968,85.3249027,2024-02-11,07:45:00,Sunday,Stormy,Residential Road,Medium,Car,Fatal,1
4300,1,Albert Ekka Chowk,23.3701968,85.3249027,2023-11-01,19:10:00,Wednesday,Clear,Chowk/Intersection,Low,Two-Wheeler,Serious,1
4311,1,Albert Ekka Chowk,23.3701968,85.3249027,2021-01-31,20:26:00,Sunday,Clear,Chowk/Intersection,Medium,Bus,Minor,0
4325,1,Albert Ekka Chowk,23.3701968,85.3249027,2022-11-27,10:28:00,Sunday,Clear,Chowk/Intersection,High,Two-Wheeler,Minor,0
4351,1,Albert Ekka Chowk,23.3701968,85.3249027,2022-04-14,18:49:00,Thursday,Clear,Residential Road,Low,Car,Serious,2
4356,1,Albert Ekka Chowk,23.3701968,85.3249027,2023-06-05,10:20:00,Monday,Rainy,Chowk/Intersection,Low,Two-Wheeler,Minor,1
4360,1,Albert Ekka Chowk,23.3701968,85.3249027,2023-02-09,08:02:00,Thursday,Clear,Highway,High,Two-Wheeler,Minor,0
4364,1,Albert Ekka Chowk,23.3701968,85.3249027,2021-07-20,11:19:00,Tuesday,Clear,Chowk/Intersection,Medium,Auto-Rickshaw,Minor,0
4392,1,Albert Ekka Chowk,23.3701968,85.3249027,2022-11-17,09:41:00,Thursday,Foggy,Residential Road,High,Two-Wheeler,Minor,1
4452,1,Albert Ekka Chowk,23.3701968,85.3249027,2025-07-05,10:02:00,Saturday,Clear,Main Road,High,Two-Wheeler,Minor,0
4498,1,Albert Ekka Chowk,23.3701968,85.3249027,2021-03-31,19:50:00,Wednesday,Foggy,Chowk/Intersection,High,Two-Wheeler,Minor,1
4502,1,Albert Ekka Chowk,23.3701968,85.3249027,2023-08-22,14:14:00,Tuesday,Clear,Highway,Low,Two-Wheeler,Minor,0
4602,1,Albert Ekka Chowk,23.3701968,85.3249027,2023-06-03,16:15:00,Saturday,Clear,Chowk/Intersection,High,Auto-Rickshaw,Minor,0
4643,1,Albert Ekka Chowk,23.3701968,85.3249027,2025-03-19,08:59:00,Wednesday,Rainy,Chowk/Intersection,Low,Two-Wheeler,Serious,1
4688,1,Albert Ekka Chowk,23.3701968,85.3249027,2023-05-01,18:04:00,Monday,Clear,Chowk/Intersection,Medium,Car,Serious,1
4707,1,Albert Ekka Chowk,23.3701968,85.3249027,2024-05-13,09:14:00,Monday,Clear,Highway,Low,Car,Minor,0
4711,1,Albert Ekka Chowk,23.3701968,85.3249027,2025-01-27,19:22:00,Monday,Clear,Highway,Medium,Car,Fatal,2
4721,1,Albert Ekka Chowk,23.3701968,85.3249027,2022-02-11,18:36:00,Friday,Clear,Residential Road,High,Truck,Minor,1
4731,1,Albert Ekka Chowk,23.3701968,85.3249027,2021-08-20,18:39:00,Friday,Stormy,Main Road,Medium,Auto-Rickshaw,Fatal,1
4737,1,Albert Ekka Chowk,23.3701968,85.3249027,2025-07-26,15:40:00,Saturday,Foggy,Highway,Medium,Two-Wheeler,Minor,0
4751,1,Albert Ekka Chowk,23.3701968,85.3249027,2025-02-02,17:49:00,Sunday,Rainy,Highway,Low,Two-Wheeler,Minor,1
4839,1,Albert Ekka Chowk,23.3701968,85.3249027,2022-01-12,18:27:00,Wednesday,Clear,Main Road,Medium,Truck,Minor,0
4938,1,Albert Ekka Chowk,23.3701968,85.3249027,2023-07-09,20:19:00,Sunday,Clear,Chowk/Intersection,Medium,Auto-Rickshaw,Serious,2
5010,1,Albert Ekka Chowk,23.3701968,85.3249027,2023-08-22,19:30:00,Tuesday,Clear,Chowk/Intersection,High,Two-Wheeler,Minor,0
5011,1,Albert Ekka Chowk,23.3701968,85.3249027,2023-03-08,19:43:00,Wednesday,Clear,Main Road,Low,Auto-Rickshaw,Minor,0
5021,1,Albert Ekka Chowk,23.3701968,85.3249027,2023-11-10,09:03:00,Friday,Clear,Main Road,Medium,Two-Wheeler,Minor,0
5028,1,Albert Ekka Chowk,23.3701968,85.3249027,2021-06-18,17:01:00,Friday,Rainy,Highway,Medium,Bus,Serious,2
5033,1,Albert Ekka Chowk,23.3701968,85.3249027,2024-07-14,19:03:00,Sunday,Clear,Highway,High,Two-Wheeler,Minor,1
5085,1,Albert Ekka Chowk,23.3701968,85.3249027,2024-04-15,19:16:00,Monday,Stormy,Chowk/Intersection,Medium,Two-Wheeler,Serious,1
5103,1,Albert Ekka Chowk,23.3701968,85.3249027,2022-05-09,20:48:00,Monday,Clear,Highway,High,Auto-Rickshaw,Serious,2
5124,1,Albert Ekka Chowk,23.3701968,85.3249027,2021-11-01,06:52:00,Monday,Clear,Highway,Low,Auto-Rickshaw,Serious,1
5229,1,Albert Ekka Chowk,23.3701968,85.3249027,2021-05-11,17:27:00,Tuesday,Foggy,Highway,Medium,Car,Minor,1
5246,1,Albert Ekka Chowk,23.3701968,85.3249027,2022-01-28,07:34:00,Friday,Clear,Main Road,Low,Two-Wheeler,Fatal,2
5277,1,Albert Ekka Chowk,23.3701968,85.3249027,2025-08-27,18:23:00,Wednesday,Rainy,Chowk/Intersection,High,Two-Wheeler,Minor,0
5356,1,Albert Ekka Chowk,23.3701968,85.3249027,2021-05-20,08:53:00,Thursday,Clear,Highway,High,Car,Fatal,1
5396,1,Albert Ekka Chowk,23.3701968,85.3249027,2021-02-01,19:37:00,Monday,Clear,Residential Road,Low,Two-Wheeler,Serious,1
5425,1,Albert Ekka Chowk,23.3701968,85.3249027,2021-01-29,20:41:00,Friday,Clear,Main Road,Low,Two-Wheeler,Serious,2
5432,1,Albert Ekka Chowk,23.3701968,85.3249027,2021-06-24,10:58:00,Thursday,Clear,Chowk/Intersection,High,Car,Serious,1
5501,1,Albert Ekka Chowk,23.3701968,85.3249027,2022-04-28,19:24:00,Thursday,Rainy,Main Road,Medium,Auto-Rickshaw,Minor,1
5601,1,Albert Ekka Chowk,23.3701968,85.3249027,2022-09-12,09:56:00,Monday,Clear,Chowk/Intersection,Medium,Auto-Rickshaw,Minor,0
5603,1,Albert Ekka Chowk,23.3701968,85.3249027,2021-08-05,07:33:00,Thursday,Stormy,Residential Road,High,Bus,Minor,0
5625,1,Albert Ekka Chowk,23.3701968,85.3249027,2022-05-10,10:26:00,Tuesday,Clear,Chowk/Intersection,Medium,Two-Wheeler,Minor,1
5716,1,Albert Ekka Chowk,23.3701968,85.3249027,2023-06-24,08:20:00,Saturday,Foggy,Main Road,Low,Two-Wheeler,Fatal,1
5729,1,Albert Ekka Chowk,23.3701968,85.3249027,2022-04-12,17:54:00,Tuesday,Clear,Residential Road,Medium,Car,Minor,0
5741,1,Albert Ekka Chowk,23.3701968,85.3249027,2023-04-12,18:00:00,Wednesday,Clear,Main Road,Medium,Car,Serious,3
5880,1,Albert Ekka Chowk,23.3701968,85.3249027,2021-09-03,17:18:00,Friday,Clear,Main Road,Low,Car,Minor,0
5910,1,Albert Ekka Chowk,23.3701968,85.3249027,2024-12-22,17:39:00,Sunday,Rainy,Highway,High,Two-Wheeler,Serious,3
5967,1,Albert Ekka Chowk,23.3701968,85.3249027,2023-01-16,16:12:00,Monday,Foggy,Highway,Medium,Two-Wheeler,Fatal,2
5968,1,Albert Ekka Chowk,23.3701968,85.3249027,2021-01-07,21:26:00,Thursday,Clear,Chowk/Intersection,Low,Two-Wheeler,Minor,0
6022,1,Albert Ekka Chowk,23.3701968,85.3249027,2021-12-10,18:45:00,Friday,Clear,Main Road,Medium,Two-Wheeler,Minor,1
6053,1,Albert Ekka Chowk,23.3701968,85.3249027,2021-09-18,10:04:00,Saturday,Clear,Chowk/Intersection,Medium,Two-Wheeler,Minor,0
6095,1,Albert Ekka Chowk,23.3701968,85.3249027,2023-05-05,09:03:00,Friday,Clear,Chowk/Intersection,Low,Truck,Minor,0
6231,1,Albert Ekka Chowk,23.3701968,85.3249027,2025-01-06,10:26:00,Monday,Clear,Chowk/Intersection,Low,Auto-Rickshaw,Minor,0
6236,1,Albert Ekka Chowk,23.3701968,85.3249027,2021-07-07,10:06:00,Wednesday,Clear,Chowk/Intersection,Medium,Two-Wheeler,Minor,0
6251,1,Albert Ekka Chowk,23.3701968,85.3249027,2024-05-26,11:13:00,Sunday,Rainy,Main Road,High,Truck,Serious,2
6305,1,Albert Ekka Chowk,23.3701968,85.3249027,2023-01-19,08:59:00,Thursday,Rainy,Main Road,Low,Two-Wheeler,Minor,0
6355,1,Albert Ekka Chowk,23.3701968,85.3249027,2022-11-03,06:44:00,Thursday,Clear,Residential Road,High,Bus,Minor,0
6404,1,Albert Ekka Chowk,23.3701968,85.3249027,2025-02-11,17:18:00,Tuesday,Foggy,Chowk/Intersection,High,Auto-Rickshaw,Minor,1
6454,1,Albert Ekka Chowk,23.3701968,85.3249027,2025-10-18,18:33:00,Saturday,Foggy,Chowk/Intersection,Medium,Two-Wheeler,Minor,0
6530,1,Albert Ekka Chowk,23.3701968,85.3249027,2022-05-14,18:46:00,Saturday,Clear,Chowk/Intersection,Medium,Car,Serious,2
6621,1,Albert Ekka Chowk,23.3701968,85.3249027,2024-03-19,18:15:00,Tuesday,Foggy,Main Road,Medium,Two-Wheeler,Serious,2
6635,1,Albert Ekka Chowk,23.3701968,85.3249027,2022-07-07,08:34:00,Thursday,Rainy,Residential Road,High,Car,Minor,0
6736,1,Albert Ekka Chowk,23.3701968,85.3249027,2025-02-01,15:39:00,Saturday,Clear,Main Road,High,Two-Wheeler,Serious,2
6753,1,Albert Ekka Chowk,23.3701968,85.3249027,2022-04-17,09:01:00,Sunday,Foggy,Chowk/Intersection,Low,Truck,Serious,1
6755,1,Albert Ekka Chowk,23.3701968,85.3249027,2022-04-29,08:06:00,Friday,Clear,Main Road,Medium,Car,Minor,0
6768,1,Albert Ekka Chowk,23.3701968,85.3249027,2021-10-18,10:01:00,Monday,Rainy,Residential Road,Medium,Two-Wheeler,Serious,1
6780,1,Albert Ekka Chowk,23.3701968,85.3249027,2025-09-18,07:32:00,Thursday,Clear,Main Road,Medium,Two-Wheeler,Minor,1
6808,1,Albert Ekka Chowk,23.3701968,85.3249027,2022-05-13,07:59:00,Friday,Clear,Chowk/Intersection,High,Car,Fatal,1
6842,1,Albert Ekka Chowk,23.3701968,85.3249027,2021-04-15,20:19:00,Thursday,Rainy,Main Road,High,Car,Minor,0
6915,1,Albert Ekka Chowk,23.3701968,85.3249027,2024-03-06,09:26:00,Wednesday,Clear,Main Road,High,Car,Minor,0
6939,1,Albert Ekka Chowk,23.3701968,85.3249027,2023-10-18,10:04:00,Wednesday,Rainy,Main Road,Low,Two-Wheeler,Minor,0
6967,1,Albert Ekka Chowk,23.3701968,85.3249027,2023-02-25,17:03:00,Saturday,Clear,Main Road,Medium,Two-Wheeler,Fatal,3
7105,1,Albert Ekka Chowk,23.3701968,85.3249027,2024-04-11,17:27:00,Thursday,Clear,Chowk/Intersection,Medium,Auto-Rickshaw,Minor,0
7116,1,Albert Ekka Chowk,23.3701968,85.3249027,2025-10-19,17:30:00,Sunday,Clear,Main Road,Medium,Car,Minor,1
7133,1,Albert Ekka Chowk,23.3701968,85.3249027,2025-01-17,18:41:00,Friday,Clear,Residential Road,High,Two-Wheeler,Minor,0
7175,1,Albert Ekka Chowk,23.3701968,85.3249027,2022-04-24,05:20:00,Sunday,Rainy,Chowk/Intersection,Medium,Car,Minor,0
7180,1,Albert Ekka Chowk,23.3701968,85.3249027,2025-06-15,08:08:00,Sunday,Foggy,Highway,High,Two-Wheeler,Minor,0
7213,1,Albert Ekka Chowk,23.3701968,85.3249027,2024-05-10,20:45:00,Friday,Clear,Main Road,High,Two-Wheeler,Serious,3
7216,1,Albert Ekka Chowk,23.3701968,85.3249027,2022-06-20,18:43:00,Monday,Foggy,Residential Road,High,Two-Wheeler,Fatal,1
7239,1,Albert Ekka Chowk,23.3701968,85.3249027,2021-07-02,09:09:00,Friday,Foggy,Chowk/Intersection,High,Auto-Rickshaw,Minor,0
7244,1,Albert Ekka Chowk,23.3701968,85.3249027,2025-08-07,18:52:00,Thursday,Foggy,Highway,Low,Car,Minor,0
7303,1,Albert Ekka Chowk,23.3701968,85.3249027,2021-01-18,08:30:00,Monday,Clear,Highway,Medium,Two-Wheeler,Minor,0
7307,1,Albert Ekka Chowk,23.3701968,85.3249027,2022-04-07,05:08:00,Thursday,Foggy,Chowk/Intersection,High,Auto-Rickshaw,Minor,0
7356,1,Albert Ekka Chowk,23.3701968,85.3249027,2023-08-05,08:23:00,Saturday,Clear,Highway,Medium,Car,Minor,1
7392,1,Albert Ekka Chowk,23.3701968,85.3249027,2023-08-29,09:55:00,Tuesday,Clear,Residential Road,High,Car,Minor,1
7419,1,Albert Ekka Chowk,23.3701968,85.3249027,2022-10-02,16:23:00,Sunday,Clear,Residential Road,High,Two-Wheeler,Minor,0
7448,1,Albert Ekka Chowk,23.3701968,85.3249027,2021-03-07,09:33:00,Sunday,Clear,Chowk/Intersection,High,Truck,Minor,0
7451,1,Albert Ekka Chowk,23.3701968,85.3249027,2025-01-04,19:08:00,Saturday,Foggy,Chowk/Intersection,Medium,Two-Wheeler,Fatal,4
7558,1,Albert Ekka Chowk,23.3701968,85.3249027,2025-04-07,18:44:00,Monday,Rainy,Main Road,Medium,Car,Minor,0
7591,1,Albert Ekka Chowk,23.3701968,85.3249027,2025-12-06,17:18:00,Saturday,Foggy,Residential Road,High,Auto-Rickshaw,Serious,2
7601,1,Albert Ekka Chowk,23.3701968,85.3249027,2024-03-11,18:47:00,Monday,Clear,Chowk/Intersection,Medium,Auto-Rickshaw,Serious,1
7656,1,Albert Ekka Chowk,23.3701968,85.3249027,2023-10-13,18:43:00,Friday,Foggy,Highway,Low,Car,Fatal,1
7713,1,Albert Ekka Chowk,23.3701968,85.3249027,2021-10-22,07:01:00,Friday,Clear,Main Road,Low,Auto-Rickshaw,Serious,3
7727,1,Albert Ekka Chowk,23.3701968,85.3249027,2023-10-02,19:42:00,Monday,Foggy,Main Road,Low,Two-Wheeler,Minor,0
7750,1,Albert Ekka Chowk,23.3701968,85.3249027,2022-08-31,07:13:00,Wednesday,Clear,Highway,High,Truck,Minor,1
7844,1,Albert Ekka Chowk,23.3701968,85.3249027,2024-04-08,07:17:00,Monday,Clear,Residential Road,Medium,Auto-Rickshaw,Minor,0
7858,1,Albert Ekka Chowk,23.3701968,85.3249027,2023-07-28,08:05:00,Friday,Clear,Highway,Low,Two-Wheeler,Minor,1
7892,1,Albert Ekka Chowk,23.3701968,85.3249027,2021-02-16,21:56:00,Tuesday,Clear,Main Road,Medium,Car,Minor,0
7910,1,Albert Ekka Chowk,23.3701968,85.3249027,2023-08-18,18:00:00,Friday,Clear,Chowk/Intersection,High,Two-Wheeler,Minor,0
7952,1,Albert Ekka Chowk,23.3701968,85.3249027,2023-11-28,18:28:00,Tuesday,Clear,Residential Road,Medium,Bus,Serious,2
7983,1,Albert Ekka Chowk,23.3701968,85.3249027,2025-11-21,15:44:00,Friday,Rainy,Chowk/Intersection,Medium,Car,Minor,0
10,2,Kutchery Chowk,23.362,85.323,2023-04-27,20:00:00,Thursday,Stormy,Residential Road,High,Two-Wheeler,Minor,1
42,2,Kutchery Chowk,23.362,85.323,2025-11-07,19:24:00,Friday,Rainy,Chowk/Intersection,Medium,Two-Wheeler,Serious,3
68,2,Kutchery Chowk,23.362,85.323,2024-05-31,10:29:00,Friday,Stormy,Chowk/Intersection,High,Car,Serious,1
90,2,Kutchery Chowk,23.362,85.323,2025-08-18,06:07:00,Monday,Rainy,Residential Road,Low,Two-Wheeler,Serious,1
717,2,Kutchery Chowk,23.362,85.323,2025-12-12,17:43:00,Friday,Foggy,Main Road,Medium,Two-Wheeler,Minor,1
729,2,Kutchery Chowk,23.362,85.323,2023-03-13,08:18:00,Monday,Clear,Main Road,Medium,Two-Wheeler,Minor,1
818,2,Kutchery Chowk,23.362,85.323,2025-11-15,06:15:00,Saturday,Rainy,Chowk/Intersection,Low,Car,Minor,1
827,2,Kutchery Chowk,23.362,85.323,2023-03-05,17:47:00,Sunday,Clear,Residential Road,High,Auto-Rickshaw,Minor,1
852,2,Kutchery Chowk,23.362,85.323,2025-08-14,10:07:00,Thursday,Clear,Residential Road,Medium,Car,Serious,1
865,2,Kutchery Chowk,23.362,85.323,2021-06-27,10:34:00,Sunday,Clear,Chowk/Intersection,High,Car,Minor,1
909,2,Kutchery Chowk,23.362,85.323,2022-07-22,07:15:00,Friday,Clear,Chowk/Intersection,Medium,Two-Wheeler,Minor,1
996,2,Kutchery Chowk,23.362,85.323,2022-05-05,10:27:00,Thursday,Clear,Chowk/Intersection,High,Car,Minor,0
1050,2,Kutchery Chowk,23.362,85.323,2024-02-13,20:36:00,Tuesday,Clear,Highway,Low,Car,Minor,0
1140,2,Kutchery Chowk,23.362,85.323,2021-05-13,18:18:00,Thursday,Foggy,Main Road,High,Car,Serious,3
1166,2,Kutchery Chowk,23.362,85.323,2024-07-29,05:01:00,Monday,Clear,Residential Road,Medium,Two-Wheeler,Serious,2
1185,2,Kutchery Chowk,23.362,85.323,2022-10-15,08:21:00,Saturday,Rainy,Chowk/Intersection,High,Two-Wheeler,Serious,1
1323,2,Kutchery Chowk,23.362,85.323,2025-10-03,18:42:00,Friday,Clear,Chowk/Intersection,Low,Car,Minor,0
1402,2,Kutchery Chowk,23.362,85.323,2022-06-21,07:52:00,Tuesday,Rainy,Main Road,High,Car,Minor,0
1438,2,Kutchery Chowk,23.362,85.323,2024-05-18,09:04:00,Saturday,Rainy,Chowk/Intersection,High,Car,Minor,0
1451,2,Kutchery Chowk,23.362,85.323,2021-08-26,18:00:00,Thursday,Rainy,Main Road,High,Two-Wheeler,Minor,0
1453,2,Kutchery Chowk,23.362,85.323,2022-04-11,18:55:00,Monday,Clear,Highway,Medium,Two-Wheeler,Minor,0
1490,2,Kutchery Chowk,23.362,85.323,2023-09-05,06:49:00,Tuesday,Clear,Highway,Medium,Two-Wheeler,Fatal,2
1506,2,Kutchery Chowk,23.362,85.323,2021-07-06,18:53:00,Tuesday,Rainy,Chowk/Intersection,Medium,Two-Wheeler,Fatal,1
1610,2,Kutchery Chowk,23.362,85.323,2021-11-21,09:04:00,Sunday,Clear,Main Road,Medium,Auto-Rickshaw,Minor,0
1696,2,Kutchery Chowk,23.362,85.323,2023-04-03,10:55:00,Monday,Clear,Main Road,High,Car,Serious,2
1736,2,Kutchery Chowk,23.362,85.323,2023-12-31,18:22:00,Sunday,Rainy,Main Road,Low,Bus,Serious,3
1933,2,Kutchery Chowk,23.362,85.323,2022-01-08,18:35:00,Saturday,Rainy,Chowk/Intersection,Medium,Auto-Rickshaw,Minor,0
1940,2,Kutchery Chowk,23.362,85.323,2023-04-13,17:52:00,Thursday,Clear,Chowk/Intersection,Medium,Two-Wheeler,Minor,0
1982,2,Kutchery Chowk,23.362,85.323,2025-12-22,17:56:00,Monday,Clear,Chowk/Intersection,Low,Car,Minor,1
1985,2,Kutchery Chowk,23.362,85.323,2022-05-10,18:00:00,Tuesday,Stormy,Main Road,Low,Two-Wheeler,Serious,3
2104,2,Kutchery Chowk,23.362,85.323,2023-02-21,21:11:00,Tuesday,Clear,Main Road,Medium,Auto-Rickshaw,Minor,0
2163,2,Kutchery Chowk,23.362,85.323,2023-11-05,18:48:00,Sunday,Clear,Highway,Low,Auto-Rickshaw,Minor,0
2168,2,Kutchery Chowk,23.362,85.323,2023-03-29,11:42:00,Wednesday,Clear,Chowk/Intersection,Medium,Two-Wheeler,Minor,1
2173,2,Kutchery Chowk,23.362,85.323,2024-06-18,18:46:00,Tuesday,Clear,Chowk/Intersection,High,Car,Minor,0
2202,2,Kutchery Chowk,23.362,85.323,2024-02-20,09:35:00,Tuesday,Clear,Residential Road,Medium,Auto-Rickshaw,Minor,0
2324,2,Kutchery Chowk,23.362,85.323,2024-04-26,19:55:00,Friday,Clear,Chowk/Intersection,High,Truck,Minor,1
2438,2,Kutchery Chowk,23.362,85.323,2023-09-30,20:02:00,Saturday,Clear,Main Road,Low,Two-Wheeler,Serious,1
2454,2,Kutchery Chowk,23.362,85.323,2024-06-15,17:40:00,Saturday,Clear,Main Road,Medium,Car,Fatal,1
2537,2,Kutchery Chowk,23.362,85.323,2025-05-10,18:21:00,Saturday,Clear,Main Road,Medium,Auto-Rickshaw,Minor,0
2641,2,Kutchery Chowk,23.362,85.323,2021-12-22,17:01:00,Wednesday,Clear,Main Road,Medium,Auto-Rickshaw,Minor,1
2706,2,Kutchery Chowk,23.362,85.323,2023-01-21,17:28:00,Saturday,Rainy,Highway,High,Two-Wheeler,Serious,1
2808,2,Kutchery Chowk,23.362,85.323,2021-05-18,09:22:00,Tuesday,Foggy,Chowk/Intersection,Medium,Two-Wheeler,Serious,3
2818,2,Kutchery Chowk,23.362,85.323,2025-12-01,18:39:00,Monday,Clear,Chowk/Intersection,Medium,Bus,Serious,2
2845,2,Kutchery Chowk,23.362,85.323,2022-11-17,07:45:00,Thursday,Clear,Highway,High,Bus,Minor,1
2851,2,Kutchery Chowk,23.362,85.323,2022-02-23,09:57:00,Wednesday,Clear,Main Road,Medium,Auto-Rickshaw,Serious,3
2858,2,Kutchery Chowk,23.362,85.323,2022-06-10,15:33:00,Friday,Stormy,Main Road,Medium,Two-Wheeler,Serious,2
2968,2,Kutchery Chowk,23.362,85.323,2025-04-17,11:58:00,Thursday,Clear,Main Road,Medium,Two-Wheeler,Minor,1
3020,2,Kutchery Chowk,23.362,85.323,2022-12-01,11:34:00,Thursday,Rainy,Residential Road,Low,Car,Minor,1
3130,2,Kutchery Chowk,23.362,85.323,2021-06-25,19:14:00,Friday,Clear,Chowk/Intersection,Medium,Car,Minor,0
3135,2,Kutchery Chowk,23.362,85.323,2023-08-26,20:50:00,Saturday,Rainy,Chowk/Intersection,Low,Two-Wheeler,Serious,3
3184,2,Kutchery Chowk,23.362,85.323,2021-05-19,19:46:00,Wednesday,Clear,Chowk/Intersection,Medium,Auto-Rickshaw,Minor,1
3257,2,Kutchery Chowk,23.362,85.323,2022-05-26,09:41:00,Thursday,Clear,Residential Road,Medium,Two-Wheeler,Minor,0
3327,2,Kutchery Chowk,23.362,85.323,2023-05-18,16:25:00,Thursday,Rainy,Highway,High,Two-Wheeler,Serious,1
3366,2,Kutchery Chowk,23.362,85.323,2024-01-12,09:37:00,Friday,Foggy,Chowk/Intersection,High,Car,Minor,1
3370,2,Kutchery Chowk,23.362,85.323,2025-11-11,19:05:00,Tuesday,Rainy,Highway,Low,Auto-Rickshaw,Serious,3
3402,2,Kutchery Chowk,23.362,85.323,2023-11-19,05:56:00,Sunday,Clear,Residential Road,Low,Two-Wheeler,Minor,0
3424,2,Kutchery Chowk,23.362,85.323,2024-10-05,10:20:00,Saturday,Clear,Main Road,High,Two-Wheeler,Minor,0
3431,2,Kutchery Chowk,23.362,85.323,2023-03-12,09:52:00,Sunday,Clear,Highway,High,Two-Wheeler,Minor,0
3470,2,Kutchery Chowk,23.362,85.323,2023-08-29,20:02:00,Tuesday,Clear,Chowk/Intersection,High,Bus,Serious,1
3545,2,Kutchery Chowk,23.362,85.323,2025-03-04,08:23:00,Tuesday,Rainy,Main Road,Medium,Two-Wheeler,Minor,0
3570,2,Kutchery Chowk,23.362,85.323,2021-09-08,16:56:00,Wednesday,Clear,Chowk/Intersection,Low,Auto-Rickshaw,Minor,0
3637,2,Kutchery Chowk,23.362,85.323,2021-05-19,17:33:00,Wednesday,Rainy,Highway,Medium,Two-Wheeler,Minor,0
3732,2,Kutchery Chowk,23.362,85.323,2022-08-07,19:00:00,Sunday,Foggy,Residential Road,Medium,Car,Serious,2
3870,2,Kutchery Chowk,23.362,85.323,2025-02-21,18:51:00,Friday,Clear,Chowk/Intersection,High,Two-Wheeler,Minor,0
3907,2,Kutchery Chowk,23.362,85.323,2022-06-15,09:03:00,Wednesday,Clear,Highway,Low,Auto-Rickshaw,Minor,0
3913,2,Kutchery Chowk,23.362,85.323,2021-10-15,18:38:00,Friday,Clear,Highway,High,Car,Minor,0
3955,2,Kutchery Chowk,23.362,85.323,2024-05-06,10:19:00,Monday,Rainy,Chowk/Intersection,High,Auto-Rickshaw,Fatal,1
3959,2,Kutchery Chowk,23.362,85.323,2021-03-22,19:12:00,Monday,Rainy,Residential Road,Low,Car,Minor,0
3998,2,Kutchery Chowk,23.362,85.323,2025-04-06,17:07:00,Sunday,Clear,Highway,Low,Two-Wheeler,Minor,0
4011,2,Kutchery Chowk,23.362,85.323,2022-06-26,19:44:00,Sunday,Clear,Main Road,Medium,Two-Wheeler,Serious,1
4080,2,Kutchery Chowk,23.362,85.323,2022-04-08,22:17:00,Friday,Clear,Highway,Low,Truck,Fatal,2
4095,2,Kutchery Chowk,23.362,85.323,2025-12-30,10:11:00,Tuesday,Clear,Residential Road,Low,Two-Wheeler,Serious,1
4100,2,Kutchery Chowk,23.362,85.323,2022-07-05,07:58:00,Tuesday,Rainy,Residential Road,Medium,Car,Minor,1
4184,2,Kutchery Chowk,23.362,85.323,2023-11-21,09:50:00,Tuesday,Stormy,Highway,Medium,Car,Minor,1
4426,2,Kutchery Chowk,23.362,85.323,2023-12-27,09:15:00,Wednesday,Clear,Highway,Medium,Truck,Fatal,1
4436,2,Kutchery Chowk,23.362,85.323,2021-01-28,09:08:00,Thursday,Clear,Residential Road,Medium,Auto-Rickshaw,Minor,0
4453,2,Kutchery Chowk,23.362,85.323,2025-09-09,08:26:00,Tuesday,Clear,Chowk/Intersection,Medium,Two-Wheeler,Serious,1
4548,2,Kutchery Chowk,23.362,85.323,2025-10-19,19:10:00,Sunday,Foggy,Highway,Medium,Auto-Rickshaw,Fatal,1
4610,2,Kutchery Chowk,23.362,85.323,2021-09-05,12:12:00,Sunday,Rainy,Chowk/Intersection,Low,Truck,Minor,1
4647,2,Kutchery Chowk,23.362,85.323,2022-04-08,17:08:00,Friday,Clear,Chowk/Intersection,High,Car,Serious,2
4664,2,Kutchery Chowk,23.362,85.323,2024-02-27,17:56:00,Tuesday,Clear,Main Road,Low,Car,Serious,2
4695,2,Kutchery Chowk,23.362,85.323,2023-10-24,10:13:00,Tuesday,Clear,Highway,High,Auto-Rickshaw,Minor,0
4724,2,Kutchery Chowk,23.362,85.323,2021-04-13,11:10:00,Tuesday,Clear,Chowk/Intersection,Medium,Car,Minor,1
4768,2,Kutchery Chowk,23.362,85.323,2023-08-31,08:59:00,Thursday,Clear,Chowk/Intersection,High,Auto-Rickshaw,Serious,1
4837,2,Kutchery Chowk,23.362,85.323,2025-11-10,10:39:00,Monday,Clear,Residential Road,High,Two-Wheeler,Minor,0
4854,2,Kutchery Chowk,23.362,85.323,2024-01-20,06:31:00,Saturday,Clear,Main Road,High,Auto-Rickshaw,Serious,1
4867,2,Kutchery Chowk,23.362,85.323,2023-08-25,18:15:00,Friday,Clear,Main Road,Low,Truck,Serious,3
4875,2,Kutchery Chowk,23.362,85.323,2022-05-26,11:06:00,Thursday,Stormy,Chowk/Intersection,Low,Two-Wheeler,Serious,3
4951,2,Kutchery Chowk,23.362,85.323,2022-11-12,11:14:00,Saturday,Clear,Chowk/Intersection,Low,Two-Wheeler,Minor,0
4954,2,Kutchery Chowk,23.362,85.323,2024-01-08,20:56:00,Monday,Clear,Chowk/Intersection,High,Two-Wheeler,Minor,0
4960,2,Kutchery Chowk,23.362,85.323,2025-01-31,10:22:00,Friday,Rainy,Main Road,High,Two-Wheeler,Fatal,2
5061,2,Kutchery Chowk,23.362,85.323,2025-07-23,18:03:00,Wednesday,Clear,Highway,Medium,Auto-Rickshaw,Minor,1
5072,2,Kutchery Chowk,23.362,85.323,2022-06-18,18:47:00,Saturday,Rainy,Main Road,Low,Car,Minor,0
5109,2,Kutchery Chowk,23.362,85.323,2023-07-22,09:23:00,Saturday,Clear,Chowk/Intersection,High,Auto-Rickshaw,Serious,1
5177,2,Kutchery Chowk,23.362,85.323,2025-05-23,11:58:00,Friday,Clear,Residential Road,Medium,Two-Wheeler,Serious,2
5336,2,Kutchery Chowk,23.362,85.323,2025-10-15,08:55:00,Wednesday,Stormy,Main Road,High,Two-Wheeler,Serious,3
5402,2,Kutchery Chowk,23.362,85.323,2023-09-29,07:00:00,Friday,Clear,Highway,High,Two-Wheeler,Minor,0
5520,2,Kutchery Chowk,23.362,85.323,2025-07-03,11:16:00,Thursday,Clear,Residential Road,Medium,Two-Wheeler,Minor,0
5542,2,Kutchery Chowk,23.362,85.323,2025-04-03,08:32:00,Thursday,Rainy,Chowk/Intersection,High,Auto-Rickshaw,Minor,0
5545,2,Kutchery Chowk,23.362,85.323,2022-06-18,10:22:00,Saturday,Clear,Highway,Medium,Auto-Rickshaw,Serious,2
5555,2,Kutchery Chowk,23.362,85.323,2025-01-24,20:52:00,Friday,Clear,Chowk/Intersection,Medium,Two-Wheeler,Minor,0
5560,2,Kutchery Chowk,23.362,85.323,2022-01-04,18:53:00,Tuesday,Clear,Main Road,Medium,Two-Wheeler,Minor,1
5596,2,Kutchery Chowk,23.362,85.323,2021-06-15,08:54:00,Tuesday,Rainy,Highway,Medium,Two-Wheeler,Minor,1
5618,2,Kutchery Chowk,23.362,85.323,2024-10-31,19:43:00,Thursday,Foggy,Residential Road,Low,Two-Wheeler,Serious,1
5644,2,Kutchery Chowk,23.362,85.323,2024-07-12,08:36:00,Friday,Rainy,Main Road,High,Two-Wheeler,Minor,0
5651,2,Kutchery Chowk,23.362,85.323,2025-03-14,10:09:00,Friday,Clear,Highway,Medium,Two-Wheeler,Fatal,1
5718,2,Kutchery Chowk,23.362,85.323,2023-12-02,19:15:00,Saturday,Foggy,Chowk/Intersection,Low,Auto-Rickshaw,Minor,1
5721,2,Kutchery Chowk,23.362,85.323,2021-07-28,18:11:00,Wednesday,Clear,Highway,High,Two-Wheeler,Fatal,3
5754,2,Kutchery Chowk,23.362,85.323,2021-11-26,09:15:00,Friday,Clear,Chowk/Intersection,High,Car,Serious,1
5848,2,Kutchery Chowk,23.362,85.323,2022-11-26,18:12:00,Saturday,Clear,Highway,High,Two-Wheeler,Fatal,1
5861,2,Kutchery Chowk,23.362,85.323,2024-11-13,16:28:00,Wednesday,Clear,Chowk/Intersection,Medium,Auto-Rickshaw,Minor,0
5867,2,Kutchery Chowk,23.362,85.323,2023-04-21,07:40:00,Friday,Clear,Chowk/Intersection,High,Auto-Rickshaw,Minor,1
5961,2,Kutchery Chowk,23.362,85.323,2021-06-17,16:30:00,Thursday,Stormy,Main Road,Medium,Auto-Rickshaw,Fatal,2
6067,2,Kutchery Chowk,23.362,85.323,2024-02-24,10:39:00,Saturday,Clear,Residential Road,Medium,Car,Serious,2
6123,2,Kutchery Chowk,23.362,85.323,2021-11-14,07:06:00,Sunday,Clear,Residential Road,Low,Car,Minor,1
6200,2,Kutchery Chowk,23.362,85.323,2022-01-27,19:23:00,Thursday,Clear,Highway,High,Car,Serious,2
6207,2,Kutchery Chowk,23.362,85.323,2025-05-04,11:54:00,Sunday,Clear,Chowk/Intersection,Low,Two-Wheeler,Minor,0
6232,2,Kutchery Chowk,23.362,85.323,2024-08-02,07:40:00,Friday,Clear,Main Road,Low,Two-Wheeler,Serious,1
6280,2,Kutchery Chowk,23.362,85.323,2022-11-17,16:39:00,Thursday,Rainy,Residential Road,Medium,Car,Minor,0
6345,2,Kutchery Chowk,23.362,85.323,2024-06-28,07:14:00,Friday,Clear,Chowk/Intersection,Low,Two-Wheeler,Minor,1
6436,2,Kutchery Chowk,23.362,85.323,2024-08-21,08:22:00,Wednesday,Clear,Main Road,Medium,Truck,Fatal,3
6549,2,Kutchery Chowk,23.362,85.323,2022-09-15,19:32:00,Thursday,Clear,Main Road,High,Car,Serious,2
6567,2,Kutchery Chowk,23.362,85.323,2024-05-20,17:40:00,Monday,Clear,Main Road,High,Two-Wheeler,Serious,1
6590,2,Kutchery Chowk,23.362,85.323,2022-10-26,21:15:00,Wednesday,Clear,Residential Road,Medium,Two-Wheeler,Serious,3
6596,2,Kutchery Chowk,23.362,85.323,2024-06-19,20:22:00,Wednesday,Foggy,Main Road,Medium,Car,Minor,0
6645,2,Kutchery Chowk,23.362,85.323,2023-05-27,09:24:00,Saturday,Clear,Main Road,High,Car,Fatal,4
6683,2,Kutchery Chowk,23.362,85.323,2024-06-28,16:10:00,Friday,Foggy,Main Road,High,Two-Wheeler,Minor,1
6702,2,Kutchery Chowk,23.362,85.323,2024-03-03,18:47:00,Sunday,Stormy,Residential Road,Medium,Two-Wheeler,Minor,0
6704,2,Kutchery Chowk,23.362,85.323,2021-06-07,09:13:00,Monday,Clear,Highway,High,Auto-Rickshaw,Fatal,1
6841,2,Kutchery Chowk,23.362,85.323,2024-03-25,11:22:00,Monday,Clear,Main Road,High,Auto-Rickshaw,Minor,0
6848,2,Kutchery Chowk,23.362,85.323,2022-01-16,16:56:00,Sunday,Clear,Main Road,High,Two-Wheeler,Serious,2
6857,2,Kutchery Chowk,23.362,85.323,2025-09-02,07:57:00,Tuesday,Foggy,Chowk/Intersection,Medium,Auto-Rickshaw,Serious,1
6875,2,Kutchery Chowk,23.362,85.323,2022-09-29,11:24:00,Thursday,Clear,Chowk/Intersection,Medium,Auto-Rickshaw,Minor,1
6913,2,Kutchery Chowk,23.362,85.323,2023-05-31,18:27:00,Wednesday,Clear,Chowk/Intersection,Medium,Two-Wheeler,Serious,2
6955,2,Kutchery Chowk,23.362,85.323,2023-05-26,21:23:00,Friday,Rainy,Main Road,High,Auto-Rickshaw,Fatal,1
6979,2,Kutchery Chowk,23.362,85.323,2025-09-07,09:44:00,Sunday,Rainy,Chowk/Intersection,High,Two-Wheeler,Serious,3
7043,2,Kutchery Chowk,23.362,85.323,2021-12-03,20:49:00,Friday,Clear,Highway,High,Two-Wheeler,Minor,1
7052,2,Kutchery Chowk,23.362,85.323,2021-10-17,15:49:00,Sunday,Clear,Highway,Medium,Two-Wheeler,Serious,1
7114,2,Kutchery Chowk,23.362,85.323,2023-12-13,09:50:00,Wednesday,Rainy,Main Road,High,Bus,Fatal,1
7190,2,Kutchery Chowk,23.362,85.323,2023-06-08,17:35:00,Thursday,Clear,Highway,Medium,Two-Wheeler,Serious,1
7228,2,Kutchery Chowk,23.362,85.323,2024-06-07,18:16:00,Friday,Clear,Main Road,Low,Car,Minor,1
7337,2,Kutchery Chowk,23.362,85.323,2025-05-16,09:20:00,Friday,Clear,Highway,High,Car,Minor,0
7417,2,Kutchery Chowk,23.362,85.323,2022-08-24,07:18:00,Wednesday,Foggy,Residential Road,Medium,Two-Wheeler,Minor,0
7433,2,Kutchery Chowk,23.362,85.323,2023-11-14,16:50:00,Tuesday,Rainy,Chowk/Intersection,High,Car,Minor,0
7439,2,Kutchery Chowk,23.362,85.323,2025-03-21,19:13:00,Friday,Clear,Main Road,High,Auto-Rickshaw,Minor,0
7440,2,Kutchery Chowk,23.362,85.323,2023-08-30,21:02:00,Wednesday,Clear,Chowk/Intersection,High,Two-Wheeler,Serious,1
7476,2,Kutchery Chowk,23.362,85.323,2025-08-07,10:42:00,Thursday,Clear,Main Road,Low,Auto-Rickshaw,Serious,1
7508,2,Kutchery Chowk,23.362,85.323,2025-11-28,08:08:00,Friday,Clear,Highway,Low,Car,Serious,1
7544,2,Kutchery Chowk,23.362,85.323,2021-06-17,06:16:00,Thursday,Clear,Highway,Low,Car,Serious,1
7623,2,Kutchery Chowk,23.362,85.323,2025-11-09,08:18:00,Sunday,Rainy,Main Road,Medium,Car,Minor,0
7738,2,Kutchery Chowk,23.362,85.323,2023-01-10,05:16:00,Tuesday,Clear,Chowk/Intersection,Low,Two-Wheeler,Minor,0
7831,2,Kutchery Chowk,23.362,85.323,2021-11-05,08:18:00,Friday,Clear,Main Road,Medium,Two-Wheeler,Serious,1
7922,2,Kutchery Chowk,23.362,85.323,2023-09-18,08:15:00,Monday,Clear,Chowk/Intersection,Medium,Two-Wheeler,Minor,0
7939,2,Kutchery Chowk,23.362,85.323,2022-05-13,09:08:00,Friday,Clear,Highway,High,Two-Wheeler,Minor,0
45,3,Firayalal Chowk,23.3701968,85.3249027,2024-08-13,18:19:00,Tuesday,Clear,Main Road,Low,Bus,Minor,0
95,3,Firayalal Chowk,23.3701968,85.3249027,2024-06-05,09:54:00,Wednesday,Clear,Main Road,Low,Two-Wheeler,Minor,0
132,3,Firayalal Chowk,23.3701968,85.3249027,2025-09-10,07:00:00,Wednesday,Clear,Residential Road,Medium,Two-Wheeler,Minor,0
137,3,Firayalal Chowk,23.3701968,85.3249027,2024-07-03,16:22:00,Wednesday,Clear,Residential Road,Medium,Two-Wheeler,Fatal,3
161,3,Firayalal Chowk,23.3701968,85.3249027,2021-03-08,09:05:00,Monday,Clear,Residential Road,Medium,Auto-Rickshaw,Minor,0
166,3,Firayalal Chowk,23.3701968,85.3249027,2023-08-07,07:40:00,Monday,Rainy,Chowk/Intersection,High,Auto-Rickshaw,Minor,0
198,3,Firayalal Chowk,23.3701968,85.3249027,2024-02-07,17:34:00,Wednesday,Clear,Main Road,High,Car,Serious,2
208,3,Firayalal Chowk,23.3701968,85.3249027,2024-08-12,08:03:00,Monday,Clear,Highway,Low,Car,Serious,1
225,3,Firayalal Chowk,23.3701968,85.3249027,2023-10-13,12:25:00,Friday,Clear,Residential Road,Low,Auto-Rickshaw,Minor,1
231,3,Firayalal Chowk,23.3701968,85.3249027,2025-07-15,09:50:00,Tuesday,Clear,Chowk/Intersection,Low,Two-Wheeler,Minor,0
253,3,Firayalal Chowk,23.3701968,85.3249027,2023-07-19,19:54:00,Wednesday,Foggy,Main Road,Low,Two-Wheeler,Fatal,1
257,3,Firayalal Chowk,23.3701968,85.3249027,2022-12-22,09:59:00,Thursday,Clear,Main Road,Low,Two-Wheeler,Minor,1
299,3,Firayalal Chowk,23.3701968,85.3249027,2025-09-02,18:25:00,Tuesday,Clear,Chowk/Intersection,Medium,Truck,Minor,1
376,3,Firayalal Chowk,23.3701968,85.3249027,2021-09-14,17:15:00,Tuesday,Clear,Highway,Medium,Two-Wheeler,Minor,0
420,3,Firayalal Chowk,23.3701968,85.3249027,2025-02-25,16:55:00,Tuesday,Clear,Chowk/Intersection,High,Auto-Rickshaw,Fatal,1
436,3,Firayalal Chowk,23.3701968,85.3249027,2021-01-19,07:27:00,Tuesday,Rainy,Residential Road,High,Two-Wheeler,Minor,0
461,3,Firayalal Chowk,23.3701968,85.3249027,2021-11-10,19:11:00,Wednesday,Clear,Residential Road,Medium,Auto-Rickshaw,Minor,0
470,3,Firayalal Chowk,23.3701968,85.3249027,2021-01-22,07:23:00,Friday,Foggy,Main Road,High,Two-Wheeler,Minor,0
509,3,Firayalal Chowk,23.3701968,85.3249027,2021-10-24,16:27:00,Sunday,Clear,Residential Road,Medium,Car,Minor,0
550,3,Firayalal Chowk,23.3701968,85.3249027,2023-09-01,17:43:00,Friday,Rainy,Chowk/Intersection,High,Two-Wheeler,Minor,1
652,3,Firayalal Chowk,23.3701968,85.3249027,2021-04-27,18:55:00,Tuesday,Rainy,Highway,High,Bus,Minor,1
657,3,Firayalal Chowk,23.3701968,85.3249027,2021-07-14,09:48:00,Wednesday,Clear,Chowk/Intersection,High,Car,Minor,0
659,3,Firayalal Chowk,23.3701968,85.3249027,2025-11-04,19:25:00,Tuesday,Clear,Highway,High,Car,Minor,0
684,3,Firayalal Chowk,23.3701968,85.3249027,2025-01-12,09:16:00,Sunday,Rainy,Residential Road,High,Car,Fatal,1
704,3,Firayalal Chowk,23.3701968,85.3249027,2025-07-19,19:42:00,Saturday,Rainy,Highway,Low,Car,Serious,1
716,3,Firayalal Chowk,23.3701968,85.3249027,2023-02-01,17:25:00,Wednesday,Clear,Chowk/Intersection,Low,Car,Serious,1
853,3,Firayalal Chowk,23.3701968,85.3249027,2022-06-06,18:42:00,Monday,Rainy,Residential Road,High,Auto-Rickshaw,Minor,0
874,3,Firayalal Chowk,23.3701968,85.3249027,2025-07-14,17:58:00,Monday,Clear,Chowk/Intersection,Low,Truck,Minor,1
972,3,Firayalal Chowk,23.3701968,85.3249027,2021-03-22,17:52:00,Monday,Rainy,Residential Road,High,Auto-Rickshaw,Serious,2
1019,3,Firayalal Chowk,23.3701968,85.3249027,2025-07-29,09:09:00,Tuesday,Rainy,Chowk/Intersection,High,Truck,Minor,0
1040,3,Firayalal Chowk,23.3701968,85.3249027,2022-07-18,11:12:00,Monday,Clear,Residential Road,Medium,Two-Wheeler,Minor,0
1056,3,Firayalal Chowk,23.3701968,85.3249027,2024-11-13,10:36:00,Wednesday,Clear,Residential Road,High,Two-Wheeler,Serious,1
1062,3,Firayalal Chowk,23.3701968,85.3249027,2021-01-14,18:31:00,Thursday,Clear,Highway,Medium,Two-Wheeler,Fatal,2
1063,3,Firayalal Chowk,23.3701968,85.3249027,2021-07-01,18:14:00,Thursday,Clear,Residential Road,Medium,Two-Wheeler,Minor,1
1065,3,Firayalal Chowk,23.3701968,85.3249027,2021-02-13,17:12:00,Saturday,Clear,Chowk/Intersection,High,Auto-Rickshaw,Minor,0
1092,3,Firayalal Chowk,23.3701968,85.3249027,2021-11-04,08:36:00,Thursday,Clear,Chowk/Intersection,High,Car,Minor,1
1150,3,Firayalal Chowk,23.3701968,85.3249027,2025-03-15,07:35:00,Saturday,Rainy,Residential Road,Medium,Two-Wheeler,Serious,1
1183,3,Firayalal Chowk,23.3701968,85.3249027,2025-08-27,08:46:00,Wednesday,Clear,Highway,High,Bus,Serious,1
1237,3,Firayalal Chowk,23.3701968,85.3249027,2021-03-11,19:40:00,Thursday,Clear,Main Road,Low,Two-Wheeler,Minor,0
1241,3,Firayalal Chowk,23.3701968,85.3249027,2023-11-22,18:45:00,Wednesday,Clear,Chowk/Intersection,Low,Truck,Serious,2
1245,3,Firayalal Chowk,23.3701968,85.3249027,2022-06-22,09:13:00,Wednesday,Clear,Highway,Low,Two-Wheeler,Serious,3
1247,3,Firayalal Chowk,23.3701968,85.3249027,2023-09-11,09:16:00,Monday,Clear,Highway,Medium,Car,Minor,0
1262,3,Firayalal Chowk,23.3701968,85.3249027,2023-10-02,14:52:00,Monday,Clear,Chowk/Intersection,Medium,Bus,Minor,1
1281,3,Firayalal Chowk,23.3701968,85.3249027,2025-12-01,16:19:00,Monday,Clear,Highway,High,Two-Wheeler,Serious,1
1317,3,Firayalal Chowk,23.3701968,85.3249027,2023-03-20,18:33:00,Monday,Clear,Residential Road,Medium,Two-Wheeler,Serious,2
1375,3,Firayalal Chowk,23.3701968,85.3249027,2022-01-13,18:21:00,Thursday,Clear,Highway,Medium,Two-Wheeler,Minor,0
1393,3,Firayalal Chowk,23.3701968,85.3249027,2021-06-23,06:57:00,Wednesday,Rainy,Highway,Low,Two-Wheeler,Minor,1
1420,3,Firayalal Chowk,23.3701968,85.3249027,2025-10-20,17:08:00,Monday,Clear,Chowk/Intersection,High,Car,Serious,1
1447,3,Firayalal Chowk,23.3701968,85.3249027,2025-12-23,17:50:00,Tuesday,Clear,Chowk/Intersection,Medium,Car,Minor,0
1478,3,Firayalal Chowk,23.3701968,85.3249027,2022-03-16,17:59:00,Wednesday,Foggy,Chowk/Intersection,High,Car,Minor,0
1483,3,Firayalal Chowk,23.3701968,85.3249027,2022-03-19,16:49:00,Saturday,Clear,Highway,High,Two-Wheeler,Minor,0
1497,3,Firayalal Chowk,23.3701968,85.3249027,2021-02-01,17:02:00,Monday,Clear,Main Road,High,Auto-Rickshaw,Serious,1
1507,3,Firayalal Chowk,23.3701968,85.3249027,2023-06-03,19:10:00,Saturday,Rainy,Chowk/Intersection,High,Two-Wheeler,Minor,1
1544,3,Firayalal Chowk,23.3701968,85.3249027,2025-07-15,18:04:00,Tuesday,Rainy,Chowk/Intersection,High,Car,Serious,1
1570,3,Firayalal Chowk,23.3701968,85.3249027,2023-05-22,08:19:00,Monday,Clear,Chowk/Intersection,High,Auto-Rickshaw,Minor,0
1583,3,Firayalal Chowk,23.3701968,85.3249027,2024-12-17,11:54:00,Tuesday,Rainy,Main Road,Medium,Bus,Minor,1
1625,3,Firayalal Chowk,23.3701968,85.3249027,2023-07-13,09:36:00,Thursday,Foggy,Residential Road,Medium,Car,Minor,0
1626,3,Firayalal Chowk,23.3701968,85.3249027,2024-10-16,15:44:00,Wednesday,Clear,Main Road,Low,Two-Wheeler,Minor,1
1664,3,Firayalal Chowk,23.3701968,85.3249027,2023-03-19,17:18:00,Sunday,Foggy,Highway,High,Two-Wheeler,Minor,0
1680,3,Firayalal Chowk,23.3701968,85.3249027,2025-02-26,09:14:00,Wednesday,Clear,Chowk/Intersection,Medium,Two-Wheeler,Minor,0
1748,3,Firayalal Chowk,23.3701968,85.3249027,2023-05-15,17:59:00,Monday,Foggy,Main Road,Low,Truck,Fatal,1
1803,3,Firayalal Chowk,23.3701968,85.3249027,2022-05-11,20:03:00,Wednesday,Clear,Highway,Medium,Truck,Serious,1
1878,3,Firayalal Chowk,23.3701968,85.3249027,2025-04-04,19:51:00,Friday,Stormy,Chowk/Intersection,Low,Two-Wheeler,Serious,2
1907,3,Firayalal Chowk,23.3701968,85.3249027,2022-03-06,10:19:00,Sunday,Foggy,Highway,High,Car,Minor,0
1909,3,Firayalal Chowk,23.3701968,85.3249027,2022-12-31,08:16:00,Saturday,Clear,Main Road,High,Car,Minor,0
1925,3,Firayalal Chowk,23.3701968,85.3249027,2022-08-07,15:40:00,Sunday,Clear,Main Road,High,Bus,Minor,0
1935,3,Firayalal Chowk,23.3701968,85.3249027,2022-02-02,20:08:00,Wednesday,Clear,Chowk/Intersection,Low,Truck,Serious,1
1938,3,Firayalal Chowk,23.3701968,85.3249027,2024-10-30,09:27:00,Wednesday,Clear,Main Road,Medium,Truck,Serious,2
1991,3,Firayalal Chowk,23.3701968,85.3249027,2021-12-07,18:19:00,Tuesday,Clear,Main Road,Medium,Car,Serious,2
2005,3,Firayalal Chowk,23.3701968,85.3249027,2023-06-29,22:48:00,Thursday,Clear,Main Road,High,Car,Minor,1
2103,3,Firayalal Chowk,23.3701968,85.3249027,2023-05-13,06:57:00,Saturday,Clear,Residential Road,Low,Auto-Rickshaw,Fatal,1
2153,3,Firayalal Chowk,23.3701968,85.3249027,2025-01-11,17:25:00,Saturday,Clear,Highway,High,Bus,Serious,1
2169,3,Firayalal Chowk,23.3701968,85.3249027,2023-07-21,17:43:00,Friday,Clear,Residential Road,Medium,Car,Minor,0
2181,3,Firayalal Chowk,23.3701968,85.3249027,2024-08-01,08:23:00,Thursday,Clear,Chowk/Intersection,Medium,Car,Minor,0
2194,3,Firayalal Chowk,23.3701968,85.3249027,2024-10-26,08:28:00,Saturday,Rainy,Chowk/Intersection,High,Two-Wheeler,Fatal,1
2249,3,Firayalal Chowk,23.3701968,85.3249027,2023-08-22,05:00:00,Tuesday,Clear,Chowk/Intersection,Medium,Car,Minor,0
2253,3,Firayalal Chowk,23.3701968,85.3249027,2025-09-03,08:33:00,Wednesday,Clear,Main Road,Medium,Car,Serious,1
2306,3,Firayalal Chowk,23.3701968,85.3249027,2023-12-30,21:47:00,Saturday,Clear,Chowk/Intersection,High,Car,Minor,0
2385,3,Firayalal Chowk,23.3701968,85.3249027,2022-07-15,18:27:00,Friday,Stormy,Highway,High,Two-Wheeler,Minor,0
2425,3,Firayalal Chowk,23.3701968,85.3249027,2023-01-11,11:01:00,Wednesday,Foggy,Chowk/Intersection,Medium,Car,Fatal,1
2479,3,Firayalal Chowk,23.3701968,85.3249027,2023-10-19,09:26:00,Thursday,Clear,Highway,Medium,Car,Minor,0
2524,3,Firayalal Chowk,23.3701968,85.3249027,2022-05-11,07:25:00,Wednesday,Clear,Main Road,Low,Two-Wheeler,Minor,0
2575,3,Firayalal Chowk,23.3701968,85.3249027,2025-08-15,17:02:00,Friday,Clear,Chowk/Intersection,High,Two-Wheeler,Minor,0
2619,3,Firayalal Chowk,23.3701968,85.3249027,2024-08-25,12:51:00,Sunday,Clear,Main Road,High,Two-Wheeler,Serious,1
2639,3,Firayalal Chowk,23.3701968,85.3249027,2023-03-01,06:53:00,Wednesday,Clear,Chowk/Intersection,Medium,Car,Minor,0
2642,3,Firayalal Chowk,23.3701968,85.3249027,2023-06-25,09:00:00,Sunday,Foggy,Main Road,Medium,Two-Wheeler,Fatal,1
2662,3,Firayalal Chowk,23.3701968,85.3249027,2022-02-07,07:17:00,Monday,Clear,Chowk/Intersection,High,Two-Wheeler,Minor,0
2666,3,Firayalal Chowk,23.3701968,85.3249027,2025-05-19,21:13:00,Monday,Rainy,Chowk/Intersection,Medium,Two-Wheeler,Minor,0
2691,3,Firayalal Chowk,23.3701968,85.3249027,2023-03-07,07:34:00,Tuesday,Clear,Residential Road,Medium,Car,Serious,2
2694,3,Firayalal Chowk,23.3701968,85.3249027,2021-06-11,18:36:00,Friday,Rainy,Residential Road,Low,Truck,Serious,3
2722,3,Firayalal Chowk,23.3701968,85.3249027,2022-04-24,09:24:00,Sunday,Clear,Chowk/Intersection,Low,Bus,Minor,0
2730,3,Firayalal Chowk,23.3701968,85.3249027,2021-12-18,17:47:00,Saturday,Clear,Residential Road,High,Car,Minor,0
2764,3,Firayalal Chowk,23.3701968,85.3249027,2024-11-06,09:31:00,Wednesday,Clear,Highway,High,Car,Fatal,3
2778,3,Firayalal Chowk,23.3701968,85.3249027,2023-02-10,19:03:00,Friday,Clear,Residential Road,Medium,Two-Wheeler,Minor,0
2790,3,Firayalal Chowk,23.3701968,85.3249027,2023-08-15,08:19:00,Tuesday,Clear,Main Road,Medium,Two-Wheeler,Fatal,1
2838,3,Firayalal Chowk,23.3701968,85.3249027,2021-06-21,15:31:00,Monday,Clear,Main Road,Low,Auto-Rickshaw,Serious,1
2864,3,Firayalal Chowk,23.3701968,85.3249027,2023-04-28,20:21:00,Friday,Rainy,Main Road,Medium,Two-Wheeler,Fatal,1
2886,3,Firayalal Chowk,23.3701968,85.3249027,2021-02-02,09:37:00,Tuesday,Clear,Chowk/Intersection,Medium,Two-Wheeler,Minor,0
2897,3,Firayalal Chowk,23.3701968,85.3249027,2021-11-10,14:44:00,Wednesday,Clear,Chowk/Intersection,Medium,Auto-Rickshaw,Fatal,1
2988,3,Firayalal Chowk,23.3701968,85.3249027,2022-12-16,18:00:00,Friday,Clear,Highway,Medium,Car,Minor,0
3005,3,Firayalal Chowk,23.3701968,85.3249027,2025-06-28,08:35:00,Saturday,Stormy,Residential Road,Medium,Car,Serious,2
3010,3,Firayalal Chowk,23.3701968,85.3249027,2025-12-19,22:12:00,Friday,Rainy,Highway,Medium,Two-Wheeler,Minor,0
3034,3,Firayalal Chowk,23.3701968,85.3249027,2024-01-23,11:04:00,Tuesday,Rainy,Chowk/Intersection,High,Truck,Minor,1
3063,3,Firayalal Chowk,23.3701968,85.3249027,2022-07-22,07:40:00,Friday,Rainy,Residential Road,Low,Truck,Fatal,3
3080,3,Firayalal Chowk,23.3701968,85.3249027,2025-07-15,12:41:00,Tuesday,Clear,Main Road,High,Two-Wheeler,Serious,1
3104,3,Firayalal Chowk,23.3701968,85.3249027,2021-03-06,17:47:00,Saturday,Rainy,Highway,Medium,Car,Serious,2
3235,3,Firayalal Chowk,23.3701968,85.3249027,2022-03-27,09:44:00,Sunday,Rainy,Chowk/Intersection,Medium,Auto-Rickshaw,Minor,0
3293,3,Firayalal Chowk,23.3701968,85.3249027,2024-06-24,17:31:00,Monday,Clear,Highway,Medium,Two-Wheeler,Fatal,1
3299,3,Firayalal Chowk,23.3701968,85.3249027,2022-06-11,19:21:00,Saturday,Clear,Chowk/Intersection,Medium,Car,Serious,2
3452,3,Firayalal Chowk,23.3701968,85.3249027,2023-07-26,12:56:00,Wednesday,Clear,Chowk/Intersection,Medium,Two-Wheeler,Minor,0
3492,3,Firayalal Chowk,23.3701968,85.3249027,2023-07-26,06:19:00,Wednesday,Rainy,Chowk/Intersection,High,Car,Minor,1
3498,3,Firayalal Chowk,23.3701968,85.3249027,2024-03-16,18:03:00,Saturday,Rainy,Main Road,Medium,Two-Wheeler,Serious,1
3502,3,Firayalal Chowk,23.3701968,85.3249027,2023-08-26,09:48:00,Saturday,Rainy,Highway,Low,Two-Wheeler,Minor,1
3528,3,Firayalal Chowk,23.3701968,85.3249027,2025-03-22,18:43:00,Saturday,Foggy,Chowk/Intersection,Medium,Two-Wheeler,Minor,0
3687,3,Firayalal Chowk,23.3701968,85.3249027,2024-04-11,16:07:00,Thursday,Clear,Chowk/Intersection,Low,Two-Wheeler,Fatal,2
3698,3,Firayalal Chowk,23.3701968,85.3249027,2023-10-07,19:56:00,Saturday,Foggy,Highway,Medium,Auto-Rickshaw,Minor,0
3741,3,Firayalal Chowk,23.3701968,85.3249027,2021-12-05,18:22:00,Sunday,Clear,Highway,Medium,Two-Wheeler,Minor,0
3758,3,Firayalal Chowk,23.3701968,85.3249027,2021-03-04,18:08:00,Thursday,Clear,Highway,High,Two-Wheeler,Minor,0
3775,3,Firayalal Chowk,23.3701968,85.3249027,2024-09-20,08:23:00,Friday,Foggy,Highway,Medium,Truck,Fatal,1
3826,3,Firayalal Chowk,23.3701968,85.3249027,2022-05-05,19:09:00,Thursday,Clear,Chowk/Intersection,Medium,Two-Wheeler,Minor,0
3866,3,Firayalal Chowk,23.3701968,85.3249027,2024-08-19,18:47:00,Monday,Clear,Main Road,Medium,Truck,Serious,1
3867,3,Firayalal Chowk,23.3701968,85.3249027,2023-07-10,11:20:00,Monday,Clear,Residential Road,High,Car,Minor,1
3905,3,Firayalal Chowk,23.3701968,85.3249027,2022-08-06,12:53:00,Saturday,Rainy,Residential Road,Low,Two-Wheeler,Minor,0
3939,3,Firayalal Chowk,23.3701968,85.3249027,2024-09-26,19:37:00,Thursday,Clear,Highway,Medium,Auto-Rickshaw,Serious,2
3961,3,Firayalal Chowk,23.3701968,85.3249027,2024-06-28,18:36:00,Friday,Clear,Highway,High,Car,Minor,0
4077,3,Firayalal Chowk,23.3701968,85.3249027,2024-03-23,18:19:00,Saturday,Clear,Chowk/Intersection,High,Two-Wheeler,Minor,1
4079,3,Firayalal Chowk,23.3701968,85.3249027,2022-11-26,07:58:00,Saturday,Rainy,Chowk/Intersection,Low,Two-Wheeler,Minor,0
4111,3,Firayalal Chowk,23.3701968,85.3249027,2025-01-26,19:32:00,Sunday,Clear,Main Road,Low,Two-Wheeler,Minor,0
4126,3,Firayalal Chowk,23.3701968,85.3249027,2025-08-21,16:50:00,Thursday,Clear,Highway,Medium,Car,Fatal,1
4145,3,Firayalal Chowk,23.3701968,85.3249027,2025-11-05,11:00:00,Wednesday,Stormy,Chowk/Intersection,Medium,Two-Wheeler,Minor,0
4159,3,Firayalal Chowk,23.3701968,85.3249027,2021-09-18,07:30:00,Saturday,Clear,Residential Road,Medium,Bus,Minor,0
4197,3,Firayalal Chowk,23.3701968,85.3249027,2022-03-12,19:42:00,Saturday,Clear,Chowk/Intersection,Medium,Car,Fatal,1
4251,3,Firayalal Chowk,23.3701968,85.3249027,2022-10-07,08:43:00,Friday,Rainy,Main Road,Medium,Truck,Serious,3
4285,3,Firayalal Chowk,23.3701968,85.3249027,2022-06-19,04:41:00,Sunday,Clear,Chowk/Intersection,High,Car,Serious,3
4305,3,Firayalal Chowk,23.3701968,85.3249027,2024-12-09,16:32:00,Monday,Clear,Chowk/Intersection,Medium,Car,Minor,1
4308,3,Firayalal Chowk,23.3701968,85.3249027,2022-07-13,19:34:00,Wednesday,Clear,Chowk/Intersection,Medium,Auto-Rickshaw,Minor,0
4393,3,Firayalal Chowk,23.3701968,85.3249027,2021-12-02,17:05:00,Thursday,Rainy,Main Road,Low,Truck,Fatal,3
4412,3,Firayalal Chowk,23.3701968,85.3249027,2021-02-03,16:56:00,Wednesday,Rainy,Residential Road,Medium,Two-Wheeler,Minor,0
4414,3,Firayalal Chowk,23.3701968,85.3249027,2024-03-01,20:47:00,Friday,Clear,Highway,High,Car,Minor,0
4465,3,Firayalal Chowk,23.3701968,85.3249027,2022-05-25,20:19:00,Wednesday,Foggy,Highway,Medium,Car,Serious,2
4493,3,Firayalal Chowk,23.3701968,85.3249027,2022-04-14,18:03:00,Thursday,Rainy,Highway,Medium,Two-Wheeler,Serious,2
4518,3,Firayalal Chowk,23.3701968,85.3249027,2024-10-22,17:30:00,Tuesday,Clear,Main Road,Low,Car,Minor,0
4533,3,Firayalal Chowk,23.3701968,85.3249027,2024-12-22,11:28:00,Sunday,Rainy,Main Road,Medium,Car,Serious,2
4538,3,Firayalal Chowk,23.3701968,85.3249027,2021-10-05,18:56:00,Tuesday,Clear,Highway,High,Truck,Serious,1
4540,3,Firayalal Chowk,23.3701968,85.3249027,2021-03-03,09:16:00,Wednesday,Clear,Main Road,High,Two-Wheeler,Minor,0
4549,3,Firayalal Chowk,23.3701968,85.3249027,2023-07-24,18:51:00,Monday,Rainy,Chowk/Intersection,High,Car,Minor,0
4632,3,Firayalal Chowk,23.3701968,85.3249027,2023-01-29,21:38:00,Sunday,Clear,Main Road,Medium,Car,Minor,0
4633,3,Firayalal Chowk,23.3701968,85.3249027,2021-10-12,09:34:00,Tuesday,Rainy,Chowk/Intersection,Medium,Two-Wheeler,Minor,0
4652,3,Firayalal Chowk,23.3701968,85.3249027,2021-12-28,18:01:00,Tuesday,Rainy,Highway,Medium,Two-Wheeler,Minor,1
4678,3,Firayalal Chowk,23.3701968,85.3249027,2023-06-16,18:16:00,Friday,Foggy,Chowk/Intersection,Low,Bus,Fatal,1
4702,3,Firayalal Chowk,23.3701968,85.3249027,2022-03-21,19:52:00,Monday,Stormy,Chowk/Intersection,Medium,Car,Serious,1
4729,3,Firayalal Chowk,23.3701968,85.3249027,2022-02-24,16:41:00,Thursday,Clear,Main Road,Medium,Two-Wheeler,Serious,2
4845,3,Firayalal Chowk,23.3701968,85.3249027,2023-11-18,16:57:00,Saturday,Clear,Highway,High,Auto-Rickshaw,Minor,0
4883,3,Firayalal Chowk,23.3701968,85.3249027,2025-10-22,11:33:00,Wednesday,Clear,Main Road,Medium,Two-Wheeler,Minor,0
4944,3,Firayalal Chowk,23.3701968,85.3249027,2025-05-15,18:42:00,Thursday,Clear,Main Road,High,Two-Wheeler,Fatal,1
4976,3,Firayalal Chowk,23.3701968,85.3249027,2021-07-02,16:07:00,Friday,Foggy,Chowk/Intersection,High,Two-Wheeler,Minor,0
5134,3,Firayalal Chowk,23.3701968,85.3249027,2021-11-11,09:16:00,Thursday,Rainy,Chowk/Intersection,Low,Auto-Rickshaw,Minor,0
5142,3,Firayalal Chowk,23.3701968,85.3249027,2023-04-28,19:25:00,Friday,Foggy,Main Road,High,Car,Serious,2
5207,3,Firayalal Chowk,23.3701968,85.3249027,2022-06-26,19:22:00,Sunday,Clear,Residential Road,Low,Two-Wheeler,Serious,1
5217,3,Firayalal Chowk,23.3701968,85.3249027,2022-01-03,18:45:00,Monday,Rainy,Highway,High,Two-Wheeler,Fatal,1
5253,3,Firayalal Chowk,23.3701968,85.3249027,2021-01-06,06:20:00,Wednesday,Rainy,Main Road,High,Two-Wheeler,Minor,0
5276,3,Firayalal Chowk,23.3701968,85.3249027,2023-04-17,17:30:00,Monday,Clear,Residential Road,Low,Bus,Minor,1
5315,3,Firayalal Chowk,23.3701968,85.3249027,2024-04-23,17:30:00,Tuesday,Clear,Chowk/Intersection,High,Truck,Minor,1
5321,3,Firayalal Chowk,23.3701968,85.3249027,2022-07-29,17:53:00,Friday,Clear,Chowk/Intersection,High,Car,Minor,0
5325,3,Firayalal Chowk,23.3701968,85.3249027,2021-11-08,17:04:00,Monday,Stormy,Main Road,Medium,Auto-Rickshaw,Minor,0
5341,3,Firayalal Chowk,23.3701968,85.3249027,2025-01-01,17:57:00,Wednesday,Clear,Chowk/Intersection,High,Two-Wheeler,Serious,1
5344,3,Firayalal Chowk,23.3701968,85.3249027,2025-11-15,09:54:00,Saturday,Clear,Chowk/Intersection,Low,Two-Wheeler,Minor,0
5460,3,Firayalal Chowk,23.3701968,85.3249027,2023-07-17,08:31:00,Monday,Clear,Residential Road,Low,Car,Minor,0
5464,3,Firayalal Chowk,23.3701968,85.3249027,2022-12-21,19:24:00,Wednesday,Clear,Main Road,Low,Car,Minor,1
5480,3,Firayalal Chowk,23.3701968,85.3249027,2024-05-15,11:37:00,Wednesday,Clear,Chowk/Intersection,Low,Auto-Rickshaw,Minor,0
5515,3,Firayalal Chowk,23.3701968,85.3249027,2023-11-29,08:26:00,Wednesday,Clear,Main Road,High,Car,Minor,0
5535,3,Firayalal Chowk,23.3701968,85.3249027,2023-05-27,07:57:00,Saturday,Clear,Residential Road,High,Two-Wheeler,Serious,3
5543,3,Firayalal Chowk,23.3701968,85.3249027,2022-05-17,19:16:00,Tuesday,Clear,Highway,Medium,Two-Wheeler,Minor,0
5564,3,Firayalal Chowk,23.3701968,85.3249027,2024-08-04,09:57:00,Sunday,Clear,Chowk/Intersection,Low,Car,Minor,0
5686,3,Firayalal Chowk,23.3701968,85.3249027,2025-07-15,16:44:00,Tuesday,Clear,Main Road,Medium,Car,Fatal,1
5751,3,Firayalal Chowk,23.3701968,85.3249027,2021-09-27,18:59:00,Monday,Clear,Chowk/Intersection,Medium,Car,Serious,2
5761,3,Firayalal Chowk,23.3701968,85.3249027,2023-05-17,07:46:00,Wednesday,Clear,Chowk/Intersection,High,Bus,Minor,1
5764,3,Firayalal Chowk,23.3701968,85.3249027,2022-02-02,18:09:00,Wednesday,Clear,Chowk/Intersection,Medium,Two-Wheeler,Minor,1
5774,3,Firayalal Chowk,23.3701968,85.3249027,2024-04-07,10:39:00,Sunday,Foggy,Chowk/Intersection,High,Two-Wheeler,Serious,2
5791,3,Firayalal Chowk,23.3701968,85.3249027,2022-06-30,10:07:00,Thursday,Clear,Chowk/Intersection,High,Truck,Serious,1
5805,3,Firayalal Chowk,23.3701968,85.3249027,2021-03-21,08:00:00,Sunday,Clear,Highway,High,Car,Serious,2
5808,3,Firayalal Chowk,23.3701968,85.3249027,2022-12-03,19:34:00,Saturday,Clear,Main Road,Medium,Two-Wheeler,Minor,0
5827,3,Firayalal Chowk,23.3701968,85.3249027,2021-05-17,11:00:00,Monday,Foggy,Main Road,Medium,Two-Wheeler,Fatal,1
5904,3,Firayalal Chowk,23.3701968,85.3249027,2025-05-21,09:52:00,Wednesday,Rainy,Main Road,High,Truck,Serious,2
5947,3,Firayalal Chowk,23.3701968,85.3249027,2025-05-25,10:28:00,Sunday,Clear,Highway,Medium,Two-Wheeler,Minor,0
5982,3,Firayalal Chowk,23.3701968,85.3249027,2022-03-15,09:13:00,Tuesday,Clear,Highway,Medium,Car,Minor,0
5995,3,Firayalal Chowk,23.3701968,85.3249027,2024-10-18,09:04:00,Friday,Clear,Chowk/Intersection,High,Truck,Minor,0
6041,3,Firayalal Chowk,23.3701968,85.3249027,2023-07-02,09:37:00,Sunday,Stormy,Main Road,High,Two-Wheeler,Minor,0
6061,3,Firayalal Chowk,23.3701968,85.3249027,2025-06-16,19:10:00,Monday,Clear,Chowk/Intersection,Medium,Auto-Rickshaw,Serious,1
6064,3,Firayalal Chowk,23.3701968,85.3249027,2022-01-02,17:26:00,Sunday,Clear,Chowk/Intersection,Medium,Two-Wheeler,Minor,1
6071,3,Firayalal Chowk,23.3701968,85.3249027,2021-03-09,17:11:00,Tuesday,Clear,Highway,High,Car,Fatal,2
6074,3,Firayalal Chowk,23.3701968,85.3249027,2024-10-27,22:35:00,Sunday,Clear,Chowk/Intersection,High,Bus,Minor,1
6135,3,Firayalal Chowk,23.3701968,85.3249027,2021-10-29,09:59:00,Friday,Clear,Main Road,Medium,Bus,Minor,1
6152,3,Firayalal Chowk,23.3701968,85.3249027,2024-05-19,19:08:00,Sunday,Clear,Highway,Medium,Two-Wheeler,Minor,0
6179,3,Firayalal Chowk,23.3701968,85.3249027,2022-12-13,18:20:00,Tuesday,Clear,Chowk/Intersection,Low,Car,Serious,1
6180,3,Firayalal Chowk,23.3701968,85.3249027,2022-06-02,18:58:00,Thursday,Clear,Main Road,High,Two-Wheeler,Serious,2
6188,3,Firayalal Chowk,23.3701968,85.3249027,2022-04-24,22:45:00,Sunday,Stormy,Main Road,High,Bus,Serious,3
6248,3,Firayalal Chowk,23.3701968,85.3249027,2021-11-30,09:32:00,Tuesday,Rainy,Residential Road,High,Two-Wheeler,Fatal,1
6289,3,Firayalal Chowk,23.3701968,85.3249027,2023-08-13,17:42:00,Sunday,Clear,Residential Road,Medium,Auto-Rickshaw,Fatal,2
6329,3,Firayalal Chowk,23.3701968,85.3249027,2025-03-06,14:17:00,Thursday,Clear,Highway,Low,Two-Wheeler,Minor,0
6455,3,Firayalal Chowk,23.3701968,85.3249027,2025-08-10,21:13:00,Sunday,Foggy,Chowk/Intersection,Low,Two-Wheeler,Fatal,1
6540,3,Firayalal Chowk,23.3701968,85.3249027,2023-06-07,17:27:00,Wednesday,Rainy,Chowk/Intersection,High,Two-Wheeler,Minor,0
6587,3,Firayalal Chowk,23.3701968,85.3249027,2025-06-16,11:24:00,Monday,Clear,Highway,Medium,Auto-Rickshaw,Serious,1
6617,3,Firayalal Chowk,23.3701968,85.3249027,2021-07-19,07:56:00,Monday,Rainy,Residential Road,High,Bus,Fatal,2
6629,3,Firayalal Chowk,23.3701968,85.3249027,2023-01-28,19:15:00,Saturday,Foggy,Main Road,High,Two-Wheeler,Serious,1
6648,3,Firayalal Chowk,23.3701968,85.3249027,2021-06-27,22:05:00,Sunday,Clear,Main Road,High,Two-Wheeler,Serious,1
6649,3,Firayalal Chowk,23.3701968,85.3249027,2021-08-21,19:28:00,Saturday,Clear,Residential Road,Medium,Car,Fatal,1
6703,3,Firayalal Chowk,23.3701968,85.3249027,2023-01-04,10:20:00,Wednesday,Clear,Main Road,Medium,Car,Minor,0
6712,3,Firayalal Chowk,23.3701968,85.3249027,2022-11-23,10:17:00,Wednesday,Rainy,Main Road,Low,Auto-Rickshaw,Minor,1
6779,3,Firayalal Chowk,23.3701968,85.3249027,2024-04-09,19:44:00,Tuesday,Clear,Chowk/Intersection,Medium,Bus,Minor,0
6800,3,Firayalal Chowk,23.3701968,85.3249027,2024-07-20,09:26:00,Saturday,Clear,Chowk/Intersection,Medium,Truck,Serious,1
6849,3,Firayalal Chowk,23.3701968,85.3249027,2023-08-01,09:22:00,Tuesday,Rainy,Chowk/Intersection,High,Bus,Serious,3
6922,3,Firayalal Chowk,23.3701968,85.3249027,2024-11-05,08:54:00,Tuesday,Clear,Chowk/Intersection,Medium,Two-Wheeler,Minor,0
6927,3,Firayalal Chowk,23.3701968,85.3249027,2025-05-20,08:20:00,Tuesday,Rainy,Main Road,Medium,Car,Serious,1
6975,3,Firayalal Chowk,23.3701968,85.3249027,2022-12-17,09:58:00,Saturday,Clear,Chowk/Intersection,High,Two-Wheeler,Serious,2
7009,3,Firayalal Chowk,23.3701968,85.3249027,2023-12-19,19:03:00,Tuesday,Rainy,Chowk/Intersection,Medium,Two-Wheeler,Minor,0
7097,3,Firayalal Chowk,23.3701968,85.3249027,2022-07-05,11:22:00,Tuesday,Clear,Main Road,High,Two-Wheeler,Serious,1
7134,3,Firayalal Chowk,23.3701968,85.3249027,2024-09-10,20:42:00,Tuesday,Clear,Chowk/Intersection,Medium,Two-Wheeler,Minor,0
7149,3,Firayalal Chowk,23.3701968,85.3249027,2021-02-05,17:53:00,Friday,Rainy,Highway,Medium,Two-Wheeler,Minor,1
7227,3,Firayalal Chowk,23.3701968,85.3249027,2022-03-22,06:39:00,Tuesday,Clear,Residential Road,Low,Bus,Minor,0
7270,3,Firayalal Chowk,23.3701968,85.3249027,2021-06-08,09:25:00,Tuesday,Rainy,Main Road,Low,Two-Wheeler,Minor,0
7272,3,Firayalal Chowk,23.3701968,85.3249027,2022-08-01,18:19:00,Monday,Rainy,Highway,High,Two-Wheeler,Minor,0
7289,3,Firayalal Chowk,23.3701968,85.3249027,2022-08-14,10:17:00,Sunday,Clear,Chowk/Intersection,Medium,Truck,Serious,1
7311,3,Firayalal Chowk,23.3701968,85.3249027,2021-09-02,15:36:00,Thursday,Clear,Main Road,High,Auto-Rickshaw,Minor,0
7326,3,Firayalal Chowk,23.3701968,85.3249027,2021-12-12,08:47:00,Sunday,Clear,Residential Road,High,Bus,Minor,0
7336,3,Firayalal Chowk,23.3701968,85.3249027,2021-01-20,17:14:00,Wednesday,Foggy,Chowk/Intersection,Medium,Truck,Minor,0
7340,3,Firayalal Chowk,23.3701968,85.3249027,2024-12-27,16:50:00,Friday,Rainy,Highway,Medium,Bus,Minor,0
7346,3,Firayalal Chowk,23.3701968,85.3249027,2022-02-07,17:49:00,Monday,Clear,Chowk/Intersection,Medium,Two-Wheeler,Minor,1
7369,3,Firayalal Chowk,23.3701968,85.3249027,2023-10-10,19:53:00,Tuesday,Clear,Chowk/Intersection,Medium,Car,Minor,0
7380,3,Firayalal Chowk,23.3701968,85.3249027,2021-02-27,18:06:00,Saturday,Clear,Residential Road,High,Two-Wheeler,Fatal,4
7395,3,Firayalal Chowk,23.3701968,85.3249027,2024-10-19,18:51:00,Saturday,Clear,Main Road,Low,Car,Minor,0
7432,3,Firayalal Chowk,23.3701968,85.3249027,2021-12-10,16:25:00,Friday,Clear,Main Road,Medium,Car,Serious,1
7466,3,Firayalal Chowk,23.3701968,85.3249027,2022-09-15,08:01:00,Thursday,Clear,Chowk/Intersection,High,Car,Minor,0
7482,3,Firayalal Chowk,23.3701968,85.3249027,2025-10-02,08:27:00,Thursday,Clear,Main Road,High,Two-Wheeler,Minor,0
7489,3,Firayalal Chowk,23.3701968,85.3249027,2023-11-10,06:56:00,Friday,Stormy,Highway,Medium,Auto-Rickshaw,Serious,3
7492,3,Firayalal Chowk,23.3701968,85.3249027,2022-10-19,20:59:00,Wednesday,Clear,Chowk/Intersection,High,Car,Serious,2
7543,3,Firayalal Chowk,23.3701968,85.3249027,2023-05-08,09:15:00,Monday,Clear,Highway,Medium,Two-Wheeler,Minor,0
7627,3,Firayalal Chowk,23.3701968,85.3249027,2021-05-16,20:29:00,Sunday,Clear,Highway,Medium,Car,Minor,0
7632,3,Firayalal Chowk,23.3701968,85.3249027,2024-04-28,21:13:00,Sunday,Clear,Chowk/Intersection,Low,Two-Wheeler,Serious,1
7633,3,Firayalal Chowk,23.3701968,85.3249027,2021-11-26,16:20:00,Friday,Clear,Residential Road,Low,Auto-Rickshaw,Fatal,1
7642,3,Firayalal Chowk,23.3701968,85.3249027,2025-10-28,08:11:00,Tuesday,Rainy,Main Road,High,Auto-Rickshaw,Serious,2
7658,3,Firayalal Chowk,23.3701968,85.3249027,2022-01-22,19:56:00,Saturday,Clear,Residential Road,Medium,Car,Serious,2
7698,3,Firayalal Chowk,23.3701968,85.3249027,2021-03-20,09:56:00,Saturday,Clear,Chowk/Intersection,Medium,Two-Wheeler,Minor,0
7706,3,Firayalal Chowk,23.3701968,85.3249027,2025-10-21,18:41:00,Tuesday,Clear,Highway,Medium,Car,Serious,1
7719,3,Firayalal Chowk,23.3701968,85.3249027,2023-04-19,16:03:00,Wednesday,Clear,Chowk/Intersection,Medium,Two-Wheeler,Minor,0
7732,3,Firayalal Chowk,23.3701968,85.3249027,2024-06-16,19:29:00,Sunday,Rainy,Highway,Medium,Car,Serious,2
7749,3,Firayalal Chowk,23.3701968,85.3249027,2021-06-09,07:49:00,Wednesday,Clear,Chowk/Intersection,Medium,Truck,Minor,0
7784,3,Firayalal Chowk,23.3701968,85.3249027,2022-01-24,16:11:00,Monday,Clear,Chowk/Intersection,High,Car,Minor,1
7788,3,Firayalal Chowk,23.3701968,85.3249027,2023-03-12,20:57:00,Sunday,Clear,Main Road,Low,Truck,Serious,1
7826,3,Firayalal Chowk,23.3701968,85.3249027,2021-11-21,10:35:00,Sunday,Clear,Chowk/Intersection,High,Car,Minor,0
7860,3,Firayalal Chowk,23.3701968,85.3249027,2023-12-03,06:24:00,Sunday,Clear,Residential Road,Low,Truck,Minor,0
7870,3,Firayalal Chowk,23.3701968,85.3249027,2022-11-27,19:03:00,Sunday,Clear,Chowk/Intersection,Low,Auto-Rickshaw,Serious,1
7882,3,Firayalal Chowk,23.3701968,85.3249027,2022-07-04,16:51:00,Monday,Rainy,Main Road,High,Two-Wheeler,Serious,1
7905,3,Firayalal Chowk,23.3701968,85.3249027,2025-04-30,18:50:00,Wednesday,Rainy,Residential Road,High,Two-Wheeler,Fatal,3
7984,3,Firayalal Chowk,23.3701968,85.3249027,2024-12-31,20:31:00,Tuesday,Clear,Chowk/Intersection,Medium,Two-Wheeler,Minor,0
7998,3,Firayalal Chowk,23.3701968,85.3249027,2025-06-06,17:10:00,Friday,Clear,Main Road,Low,Two-Wheeler,Minor,0
8,4,Sujata Chowk,23.3536514,85.3244753,2025-01-25,19:59:00,Saturday,Clear,Chowk/Intersection,High,Two-Wheeler,Minor,0
27,4,Sujata Chowk,23.3536514,85.3244753,2023-07-23,08:18:00,Sunday,Rainy,Chowk/Intersection,High,Auto-Rickshaw,Minor,0
28,4,Sujata Chowk,23.3536514,85.3244753,2024-05-11,09:32:00,Saturday,Clear,Residential Road,High,Auto-Rickshaw,Fatal,1
47,4,Sujata Chowk,23.3536514,85.3244753,2025-07-22,16:04:00,Tuesday,Clear,Main Road,High,Auto-Rickshaw,Serious,1
89,4,Sujata Chowk,23.3536514,85.3244753,2021-09-18,11:48:00,Saturday,Clear,Highway,High,Auto-Rickshaw,Serious,3
91,4,Sujata Chowk,23.3536514,85.3244753,2021-01-28,18:15:00,Thursday,Rainy,Chowk/Intersection,Medium,Car,Minor,0
107,4,Sujata Chowk,23.3536514,85.3244753,2025-12-31,18:54:00,Wednesday,Clear,Highway,Medium,Two-Wheeler,Fatal,2
135,4,Sujata Chowk,23.3536514,85.3244753,2022-11-15,10:59:00,Tuesday,Clear,Residential Road,Low,Two-Wheeler,Serious,1
140,4,Sujata Chowk,23.3536514,85.3244753,2025-07-27,08:36:00,Sunday,Rainy,Main Road,Low,Two-Wheeler,Serious,1
155,4,Sujata Chowk,23.3536514,85.3244753,2022-09-19,20:27:00,Monday,Clear,Residential Road,Low,Two-Wheeler,Minor,0
170,4,Sujata Chowk,23.3536514,85.3244753,2024-06-04,19:09:00,Tuesday,Stormy,Main Road,Low,Two-Wheeler,Minor,0
177,4,Sujata Chowk,23.3536514,85.3244753,2024-10-29,08:41:00,Tuesday,Rainy,Chowk/Intersection,High,Car,Minor,1
184,4,Sujata Chowk,23.3536514,85.3244753,2023-08-28,09:13:00,Monday,Stormy,Residential Road,High,Two-Wheeler,Minor,0
236,4,Sujata Chowk,23.3536514,85.3244753,2021-04-12,21:31:00,Monday,Clear,Chowk/Intersection,Low,Car,Minor,0
275,4,Sujata Chowk,23.3536514,85.3244753,2021-08-10,18:56:00,Tuesday,Clear,Main Road,High,Truck,Minor,0
276,4,Sujata Chowk,23.3536514,85.3244753,2025-11-30,17:16:00,Sunday,Clear,Residential Road,Medium,Car,Minor,0
277,4,Sujata Chowk,23.3536514,85.3244753,2022-07-20,07:02:00,Wednesday,Rainy,Main Road,High,Two-Wheeler,Serious,1
288,4,Sujata Chowk,23.3536514,85.3244753,2024-01-23,09:50:00,Tuesday,Clear,Residential Road,Low,Two-Wheeler,Fatal,2
306,4,Sujata Chowk,23.3536514,85.3244753,2021-10-13,11:46:00,Wednesday,Clear,Main Road,Low,Car,Fatal,4
314,4,Sujata Chowk,23.3536514,85.3244753,2025-12-09,08:57:00,Tuesday,Stormy,Main Road,High,Two-Wheeler,Serious,1
334,4,Sujata Chowk,23.3536514,85.3244753,2025-02-20,09:30:00,Thursday,Rainy,Chowk/Intersection,High,Two-Wheeler,Minor,1
354,4,Sujata Chowk,23.3536514,85.3244753,2021-09-28,17:17:00,Tuesday,Stormy,Highway,Low,Two-Wheeler,Fatal,1
359,4,Sujata Chowk,23.3536514,85.3244753,2024-06-03,16:04:00,Monday,Clear,Main Road,High,Two-Wheeler,Serious,1
387,4,Sujata Chowk,23.3536514,85.3244753,2022-04-21,09:21:00,Thursday,Clear,Chowk/Intersection,Medium,Car,Minor,0
407,4,Sujata Chowk,23.3536514,85.3244753,2023-07-05,09:42:00,Wednesday,Clear,Main Road,High,Car,Minor,1
431,4,Sujata Chowk,23.3536514,85.3244753,2023-04-13,20:17:00,Thursday,Rainy,Highway,High,Car,Fatal,2
500,4,Sujata Chowk,23.3536514,85.3244753,2024-11-06,09:31:00,Wednesday,Rainy,Highway,Medium,Two-Wheeler,Minor,0
507,4,Sujata Chowk,23.3536514,85.3244753,2022-08-24,09:01:00,Wednesday,Clear,Main Road,Low,Two-Wheeler,Minor,0
518,4,Sujata Chowk,23.3536514,85.3244753,2023-08-06,17:40:00,Sunday,Clear,Chowk/Intersection,Low,Two-Wheeler,Serious,1
531,4,Sujata Chowk,23.3536514,85.3244753,2021-12-30,10:00:00,Thursday,Clear,Main Road,Medium,Two-Wheeler,Minor,0
540,4,Sujata Chowk,23.3536514,85.3244753,2021-01-15,20:43:00,Friday,Foggy,Highway,High,Bus,Fatal,1
543,4,Sujata Chowk,23.3536514,85.3244753,2025-08-12,18:02:00,Tuesday,Rainy,Main Road,Medium,Car,Fatal,2
553,4,Sujata Chowk,23.3536514,85.3244753,2024-06-20,19:22:00,Thursday,Clear,Main Road,Medium,Car,Serious,2
557,4,Sujata Chowk,23.3536514,85.3244753,2021-01-25,16:54:00,Monday,Rainy,Highway,High,Auto-Rickshaw,Minor,1
567,4,Sujata Chowk,23.3536514,85.3244753,2023-07-24,17:16:00,Monday,Clear,Highway,Medium,Two-Wheeler,Serious,2
584,4,Sujata Chowk,23.3536514,85.3244753,2024-01-07,08:59:00,Sunday,Clear,Chowk/Intersection,High,Two-Wheeler,Minor,0
601,4,Sujata Chowk,23.3536514,85.3244753,2021-02-23,18:54:00,Tuesday,Clear,Chowk/Intersection,Medium,Two-Wheeler,Minor,0
609,4,Sujata Chowk,23.3536514,85.3244753,2025-07-04,08:54:00,Friday,Clear,Chowk/Intersection,Medium,Two-Wheeler,Minor,0
622,4,Sujata Chowk,23.3536514,85.3244753,2025-08-30,17:12:00,Saturday,Clear,Chowk/Intersection,High,Two-Wheeler,Minor,0
624,4,Sujata Chowk,23.3536514,85.3244753,2022-05-29,07:42:00,Sunday,Rainy,Chowk/Intersection,Medium,Car,Serious,2
634,4,Sujata Chowk,23.3536514,85.3244753,2023-06-13,17:05:00,Tuesday,Stormy,Residential Road,Low,Auto-Rickshaw,Minor,0
644,4,Sujata Chowk,23.3536514,85.3244753,2022-05-25,16:04:00,Wednesday,Foggy,Chowk/Intersection,Low,Two-Wheeler,Minor,0
664,4,Sujata Chowk,23.3536514,85.3244753,2022-12-15,20:11:00,Thursday,Foggy,Highway,Medium,Car,Serious,1
710,4,Sujata Chowk,23.3536514,85.3244753,2024-01-17,10:20:00,Wednesday,Clear,Highway,Low,Two-Wheeler,Minor,0
721,4,Sujata Chowk,23.3536514,85.3244753,2021-08-25,09:50:00,Wednesday,Clear,Main Road,Medium,Truck,Minor,1
738,4,Sujata Chowk,23.3536514,85.3244753,2023-03-07,18:56:00,Tuesday,Rainy,Chowk/Intersection,Medium,Two-Wheeler,Minor,1
769,4,Sujata Chowk,23.3536514,85.3244753,2022-10-15,18:57:00,Saturday,Rainy,Chowk/Intersection,High,Two-Wheeler,Minor,0
776,4,Sujata Chowk,23.3536514,85.3244753,2023-08-19,08:43:00,Saturday,Foggy,Main Road,Medium,Car,Minor,0
780,4,Sujata Chowk,23.3536514,85.3244753,2022-05-29,18:47:00,Sunday,Clear,Chowk/Intersection,High,Car,Minor,1
859,4,Sujata Chowk,23.3536514,85.3244753,2021-02-18,08:18:00,Thursday,Clear,Chowk/Intersection,High,Two-Wheeler,Serious,1
930,4,Sujata Chowk,23.3536514,85.3244753,2025-05-23,08:07:00,Friday,Clear,Highway,Medium,Two-Wheeler,Fatal,1
934,4,Sujata Chowk,23.3536514,85.3244753,2023-07-21,10:07:00,Friday,Clear,Highway,Medium,Two-Wheeler,Minor,1
946,4,Sujata Chowk,23.3536514,85.3244753,2021-05-19,11:12:00,Wednesday,Clear,Chowk/Intersection,Low,Two-Wheeler,Serious,1
965,4,Sujata Chowk,23.3536514,85.3244753,2023-04-29,09:01:00,Saturday,Clear,Chowk/Intersection,Medium,Car,Minor,0
981,4,Sujata Chowk,23.3536514,85.3244753,2024-04-18,12:45:00,Thursday,Clear,Chowk/Intersection,Low,Two-Wheeler,Minor,0
983,4,Sujata Chowk,23.3536514,85.3244753,2023-10-17,09:25:00,Tuesday,Foggy,Highway,Medium,Auto-Rickshaw,Fatal,3
992,4,Sujata Chowk,23.3536514,85.3244753,2022-08-06,08:26:00,Saturday,Stormy,Main Road,Low,Auto-Rickshaw,Serious,1
1001,4,Sujata Chowk,23.3536514,85.3244753,2021-02-12,09:59:00,Friday,Clear,Highway,High,Car,Serious,2
1008,4,Sujata Chowk,23.3536514,85.3244753,2025-07-06,17:49:00,Sunday,Clear,Chowk/Intersection,Low,Two-Wheeler,Minor,0
1017,4,Sujata Chowk,23.3536514,85.3244753,2025-07-19,07:53:00,Saturday,Clear,Main Road,Medium,Two-Wheeler,Minor,0
1030,4,Sujata Chowk,23.3536514,85.3244753,2021-12-13,16:52:00,Monday,Clear,Residential Road,High,Two-Wheeler,Serious,2
1047,4,Sujata Chowk,23.3536514,85.3244753,2024-02-04,14:59:00,Sunday,Clear,Chowk/Intersection,Medium,Two-Wheeler,Minor,0
1074,4,Sujata Chowk,23.3536514,85.3244753,2024-05-26,07:46:00,Sunday,Rainy,Highway,Low,Two-Wheeler,Minor,0
1086,4,Sujata Chowk,23.3536514,85.3244753,2025-06-01,18:38:00,Sunday,Clear,Chowk/Intersection,Medium,Two-Wheeler,Minor,0
1094,4,Sujata Chowk,23.3536514,85.3244753,2021-03-27,19:02:00,Saturday,Clear,Main Road,Low,Two-Wheeler,Minor,1
1095,4,Sujata Chowk,23.3536514,85.3244753,2025-10-20,17:29:00,Monday,Rainy,Main Road,Low,Car,Minor,1
1102,4,Sujata Chowk,23.3536514,85.3244753,2022-09-02,09:15:00,Friday,Rainy,Residential Road,Low,Auto-Rickshaw,Serious,3
1115,4,Sujata Chowk,23.3536514,85.3244753,2024-07-16,18:31:00,Tuesday,Clear,Chowk/Intersection,Medium,Two-Wheeler,Serious,1
1149,4,Sujata Chowk,23.3536514,85.3244753,2023-03-27,15:29:00,Monday,Stormy,Highway,Low,Two-Wheeler,Minor,0
1160,4,Sujata Chowk,23.3536514,85.3244753,2021-12-03,09:14:00,Friday,Rainy,Chowk/Intersection,Medium,Car,Minor,0
1193,4,Sujata Chowk,23.3536514,85.3244753,2021-03-22,20:34:00,Monday,Clear,Highway,Medium,Car,Minor,0
1200,4,Sujata Chowk,23.3536514,85.3244753,2023-09-06,08:49:00,Wednesday,Clear,Residential Road,High,Car,Fatal,1
1211,4,Sujata Chowk,23.3536514,85.3244753,2022-02-03,16:57:00,Thursday,Foggy,Residential Road,Medium,Two-Wheeler,Serious,1
1263,4,Sujata Chowk,23.3536514,85.3244753,2022-05-13,07:01:00,Friday,Rainy,Highway,Low,Auto-Rickshaw,Serious,2
1282,4,Sujata Chowk,23.3536514,85.3244753,2021-07-25,10:01:00,Sunday,Rainy,Highway,Medium,Two-Wheeler,Serious,1
1319,4,Sujata Chowk,23.3536514,85.3244753,2023-04-22,18:06:00,Saturday,Clear,Chowk/Intersection,High,Car,Minor,0
1326,4,Sujata Chowk,23.3536514,85.3244753,2025-06-25,10:23:00,Wednesday,Rainy,Highway,Medium,Car,Minor,0
1361,4,Sujata Chowk,23.3536514,85.3244753,2024-06-20,16:19:00,Thursday,Clear,Residential Road,Medium,Bus,Minor,0
1399,4,Sujata Chowk,23.3536514,85.3244753,2025-12-10,09:02:00,Wednesday,Foggy,Residential Road,High,Auto-Rickshaw,Minor,1
1406,4,Sujata Chowk,23.3536514,85.3244753,2024-06-28,16:27:00,Friday,Clear,Residential Road,High,Bus,Fatal,1
1418,4,Sujata Chowk,23.3536514,85.3244753,2021-05-07,18:15:00,Friday,Clear,Residential Road,Medium,Two-Wheeler,Serious,2
1465,4,Sujata Chowk,23.3536514,85.3244753,2025-01-09,16:57:00,Thursday,Clear,Chowk/Intersection,Low,Two-Wheeler,Minor,0
1522,4,Sujata Chowk,23.3536514,85.3244753,2025-11-29,08:23:00,Saturday,Clear,Highway,High,Two-Wheeler,Serious,3
1534,4,Sujata Chowk,23.3536514,85.3244753,2023-06-03,07:12:00,Saturday,Clear,Highway,Low,Two-Wheeler,Serious,1
1539,4,Sujata Chowk,23.3536514,85.3244753,2021-03-22,16:31:00,Monday,Clear,Residential Road,High,Two-Wheeler,Minor,0
1553,4,Sujata Chowk,23.3536514,85.3244753,2023-03-25,07:28:00,Saturday,Foggy,Chowk/Intersection,Low,Car,Minor,1
1563,4,Sujata Chowk,23.3536514,85.3244753,2023-10-16,07:10:00,Monday,Foggy,Residential Road,High,Car,Minor,0
1584,4,Sujata Chowk,23.3536514,85.3244753,2025-04-10,06:55:00,Thursday,Clear,Chowk/Intersection,Low,Two-Wheeler,Minor,0
1596,4,Sujata Chowk,23.3536514,85.3244753,2023-09-03,08:20:00,Sunday,Clear,Chowk/Intersection,Low,Car,Serious,1
1636,4,Sujata Chowk,23.3536514,85.3244753,2024-07-10,21:30:00,Wednesday,Clear,Residential Road,Medium,Auto-Rickshaw,Minor,1
1643,4,Sujata Chowk,23.3536514,85.3244753,2025-06-09,16:41:00,Monday,Rainy,Chowk/Intersection,Low,Bus,Serious,1
1686,4,Sujata Chowk,23.3536514,85.3244753,2024-06-28,18:42:00,Friday,Clear,Highway,Medium,Two-Wheeler,Minor,0
1738,4,Sujata Chowk,23.3536514,85.3244753,2024-01-13,20:39:00,Saturday,Clear,Main Road,High,Auto-Rickshaw,Minor,0
1778,4,Sujata Chowk,23.3536514,85.3244753,2024-03-28,08:57:00,Thursday,Foggy,Chowk/Intersection,High,Two-Wheeler,Minor,0
1806,4,Sujata Chowk,23.3536514,85.3244753,2023-01-02,08:56:00,Monday,Clear,Chowk/Intersection,Low,Truck,Fatal,1
1820,4,Sujata Chowk,23.3536514,85.3244753,2023-07-19,04:31:00,Wednesday,Clear,Chowk/Intersection,Low,Car,Minor,1
1839,4,Sujata Chowk,23.3536514,85.3244753,2024-05-02,07:50:00,Thursday,Foggy,Chowk/Intersection,Medium,Two-Wheeler,Serious,2
1849,4,Sujata Chowk,23.3536514,85.3244753,2021-07-10,20:00:00,Saturday,Clear,Chowk/Intersection,High,Two-Wheeler,Minor,0
1863,4,Sujata Chowk,23.3536514,85.3244753,2025-05-28,10:14:00,Wednesday,Clear,Chowk/Intersection,Medium,Two-Wheeler,Minor,1
1879,4,Sujata Chowk,23.3536514,85.3244753,2025-10-03,17:04:00,Friday,Clear,Main Road,Low,Two-Wheeler,Minor,1
1886,4,Sujata Chowk,23.3536514,85.3244753,2023-01-05,16:12:00,Thursday,Clear,Main Road,High,Two-Wheeler,Minor,0
1891,4,Sujata Chowk,23.3536514,85.3244753,2021-02-18,10:08:00,Thursday,Clear,Main Road,Medium,Two-Wheeler,Minor,0
1904,4,Sujata Chowk,23.3536514,85.3244753,2022-07-07,18:18:00,Thursday,Rainy,Main Road,High,Car,Serious,2
1916,4,Sujata Chowk,23.3536514,85.3244753,2024-09-06,18:05:00,Friday,Clear,Highway,High,Two-Wheeler,Serious,1
1919,4,Sujata Chowk,23.3536514,85.3244753,2022-02-19,09:44:00,Saturday,Clear,Chowk/Intersection,Medium,Car,Minor,0
1974,4,Sujata Chowk,23.3536514,85.3244753,2023-09-15,08:48:00,Friday,Clear,Chowk/Intersection,Medium,Bus,Minor,0
1981,4,Sujata Chowk,23.3536514,85.3244753,2025-12-22,17:58:00,Monday,Stormy,Chowk/Intersection,Medium,Two-Wheeler,Serious,1
2030,4,Sujata Chowk,23.3536514,85.3244753,2023-07-05,10:26:00,Wednesday,Rainy,Chowk/Intersection,High,Car,Serious,1
2036,4,Sujata Chowk,23.3536514,85.3244753,2021-06-22,19:15:00,Tuesday,Clear,Main Road,Medium,Two-Wheeler,Serious,1
2054,4,Sujata Chowk,23.3536514,85.3244753,2024-03-08,10:44:00,Friday,Clear,Main Road,Medium,Auto-Rickshaw,Minor,0
2069,4,Sujata Chowk,23.3536514,85.3244753,2025-12-23,16:35:00,Tuesday,Clear,Residential Road,Low,Two-Wheeler,Serious,1
2132,4,Sujata Chowk,23.3536514,85.3244753,2021-01-24,06:45:00,Sunday,Clear,Main Road,Low,Two-Wheeler,Minor,0
2133,4,Sujata Chowk,23.3536514,85.3244753,2022-04-21,10:59:00,Thursday,Clear,Main Road,Medium,Auto-Rickshaw,Minor,0
2150,4,Sujata Chowk,23.3536514,85.3244753,2021-12-07,19:37:00,Tuesday,Clear,Chowk/Intersection,Medium,Truck,Minor,0
2161,4,Sujata Chowk,23.3536514,85.3244753,2023-06-15,19:13:00,Thursday,Rainy,Residential Road,Medium,Two-Wheeler,Minor,0
2211,4,Sujata Chowk,23.3536514,85.3244753,2024-11-11,17:04:00,Monday,Clear,Main Road,High,Two-Wheeler,Serious,1
2215,4,Sujata Chowk,23.3536514,85.3244753,2022-10-25,08:44:00,Tuesday,Clear,Main Road,Medium,Two-Wheeler,Minor,1
2221,4,Sujata Chowk,23.3536514,85.3244753,2021-12-14,17:50:00,Tuesday,Clear,Chowk/Intersection,Low,Auto-Rickshaw,Minor,0
2226,4,Sujata Chowk,23.3536514,85.3244753,2025-10-01,18:25:00,Wednesday,Rainy,Residential Road,High,Auto-Rickshaw,Serious,1
2233,4,Sujata Chowk,23.3536514,85.3244753,2021-11-18,18:37:00,Thursday,Foggy,Highway,High,Two-Wheeler,Minor,1
2239,4,Sujata Chowk,23.3536514,85.3244753,2021-09-21,06:33:00,Tuesday,Clear,Main Road,Low,Car,Serious,3
2259,4,Sujata Chowk,23.3536514,85.3244753,2024-05-28,09:31:00,Tuesday,Foggy,Residential Road,High,Bus,Minor,0
2270,4,Sujata Chowk,23.3536514,85.3244753,2023-12-07,17:12:00,Thursday,Clear,Chowk/Intersection,High,Auto-Rickshaw,Minor,0
2285,4,Sujata Chowk,23.3536514,85.3244753,2024-01-21,19:43:00,Sunday,Clear,Chowk/Intersection,Low,Car,Minor,1
2319,4,Sujata Chowk,23.3536514,85.3244753,2024-07-08,07:47:00,Monday,Foggy,Residential Road,Low,Two-Wheeler,Serious,3
2344,4,Sujata Chowk,23.3536514,85.3244753,2025-08-26,10:22:00,Tuesday,Clear,Chowk/Intersection,High,Car,Serious,3
2347,4,Sujata Chowk,23.3536514,85.3244753,2022-02-02,07:33:00,Wednesday,Clear,Highway,Low,Auto-Rickshaw,Minor,1
2360,4,Sujata Chowk,23.3536514,85.3244753,2024-04-17,07:42:00,Wednesday,Clear,Chowk/Intersection,Low,Two-Wheeler,Minor,0
2386,4,Sujata Chowk,23.3536514,85.3244753,2021-10-14,07:17:00,Thursday,Clear,Main Road,High,Truck,Minor,1
2405,4,Sujata Chowk,23.3536514,85.3244753,2022-09-12,18:56:00,Monday,Clear,Chowk/Intersection,Medium,Two-Wheeler,Minor,1
2406,4,Sujata Chowk,23.3536514,85.3244753,2021-05-06,17:36:00,Thursday,Clear,Residential Road,High,Bus,Minor,1
2407,4,Sujata Chowk,23.3536514,85.3244753,2021-07-24,08:34:00,Saturday,Clear,Main Road,High,Two-Wheeler,Minor,0
2437,4,Sujata Chowk,23.3536514,85.3244753,2025-08-18,08:59:00,Monday,Clear,Main Road,High,Car,Serious,2
2448,4,Sujata Chowk,23.3536514,85.3244753,2025-04-05,08:36:00,Saturday,Clear,Residential Road,Medium,Truck,Serious,1
2449,4,Sujata Chowk,23.3536514,85.3244753,2024-03-06,17:44:00,Wednesday,Foggy,Chowk/Intersection,Medium,Auto-Rickshaw,Serious,1
2458,4,Sujata Chowk,23.3536514,85.3244753,2022-05-21,18:25:00,Saturday,Clear,Main Road,Medium,Car,Serious,1
2490,4,Sujata Chowk,23.3536514,85.3244753,2022-03-04,09:30:00,Friday,Clear,Highway,Medium,Car,Minor,1
2496,4,Sujata Chowk,23.3536514,85.3244753,2023-01-19,19:20:00,Thursday,Clear,Residential Road,Medium,Two-Wheeler,Minor,0
2510,4,Sujata Chowk,23.3536514,85.3244753,2023-09-27,09:46:00,Wednesday,Clear,Main Road,Medium,Two-Wheeler,Minor,0
2538,4,Sujata Chowk,23.3536514,85.3244753,2023-05-22,10:31:00,Monday,Clear,Main Road,High,Auto-Rickshaw,Minor,0
2541,4,Sujata Chowk,23.3536514,85.3244753,2023-01-30,18:45:00,Monday,Clear,Chowk/Intersection,High,Two-Wheeler,Serious,1
2548,4,Sujata Chowk,23.3536514,85.3244753,2021-10-17,16:17:00,Sunday,Clear,Chowk/Intersection,Medium,Two-Wheeler,Minor,0
2566,4,Sujata Chowk,23.3536514,85.3244753,2025-05-14,18:19:00,Wednesday,Clear,Main Road,High,Car,Minor,0
2574,4,Sujata Chowk,23.3536514,85.3244753,2022-04-26,08:28:00,Tuesday,Rainy,Main Road,High,Two-Wheeler,Minor,0
2578,4,Sujata Chowk,23.3536514,85.3244753,2021-07-01,08:26:00,Thursday,Clear,Main Road,Medium,Car,Serious,1
2584,4,Sujata Chowk,23.3536514,85.3244753,2021-10-13,07:37:00,Wednesday,Rainy,Residential Road,Low,Two-Wheeler,Fatal,2
2597,4,Sujata Chowk,23.3536514,85.3244753,2021-08-12,20:49:00,Thursday,Clear,Main Road,Medium,Car,Minor,0
2598,4,Sujata Chowk,23.3536514,85.3244753,2025-08-13,08:55:00,Wednesday,Clear,Main Road,High,Car,Minor,0
2606,4,Sujata Chowk,23.3536514,85.3244753,2021-09-01,14:01:00,Wednesday,Foggy,Main Road,Low,Truck,Minor,0
2623,4,Sujata Chowk,23.3536514,85.3244753,2023-07-27,11:11:00,Thursday,Rainy,Residential Road,High,Car,Serious,1
2630,4,Sujata Chowk,23.3536514,85.3244753,2023-10-04,16:53:00,Wednesday,Clear,Highway,High,Auto-Rickshaw,Minor,0
2649,4,Sujata Chowk,23.3536514,85.3244753,2025-07-29,11:19:00,Tuesday,Foggy,Main Road,Low,Two-Wheeler,Minor,0
2667,4,Sujata Chowk,23.3536514,85.3244753,2024-07-04,07:45:00,Thursday,Clear,Highway,Medium,Car,Minor,0
2674,4,Sujata Chowk,23.3536514,85.3244753,2025-02-20,08:00:00,Thursday,Clear,Main Road,High,Car,Minor,0
2683,4,Sujata Chowk,23.3536514,85.3244753,2023-04-01,10:47:00,Saturday,Rainy,Main Road,High,Two-Wheeler,Minor,1
2701,4,Sujata Chowk,23.3536514,85.3244753,2023-07-09,20:03:00,Sunday,Foggy,Chowk/Intersection,Low,Car,Serious,2
2760,4,Sujata Chowk,23.3536514,85.3244753,2021-02-15,18:55:00,Monday,Clear,Residential Road,Low,Two-Wheeler,Fatal,1
2767,4,Sujata Chowk,23.3536514,85.3244753,2021-02-04,18:50:00,Thursday,Foggy,Main Road,Medium,Truck,Minor,0
2774,4,Sujata Chowk,23.3536514,85.3244753,2025-11-14,06:24:00,Friday,Clear,Chowk/Intersection,Low,Auto-Rickshaw,Minor,1
2775,4,Sujata Chowk,23.3536514,85.3244753,2021-06-23,10:05:00,Wednesday,Clear,Residential Road,Medium,Two-Wheeler,Minor,0
2776,4,Sujata Chowk,23.3536514,85.3244753,2022-11-14,09:51:00,Monday,Clear,Main Road,High,Car,Fatal,1
2803,4,Sujata Chowk,23.3536514,85.3244753,2023-03-30,15:54:00,Thursday,Clear,Highway,High,Auto-Rickshaw,Minor,0
2811,4,Sujata Chowk,23.3536514,85.3244753,2021-09-20,09:20:00,Monday,Clear,Main Road,Low,Bus,Serious,1
2829,4,Sujata Chowk,23.3536514,85.3244753,2021-01-22,07:34:00,Friday,Rainy,Chowk/Intersection,High,Car,Minor,0
2841,4,Sujata Chowk,23.3536514,85.3244753,2021-10-12,17:40:00,Tuesday,Foggy,Main Road,Medium,Car,Serious,1
2892,4,Sujata Chowk,23.3536514,85.3244753,2024-09-06,08:15:00,Friday,Rainy,Residential Road,Medium,Bus,Serious,2
2921,4,Sujata Chowk,23.3536514,85.3244753,2025-03-16,10:24:00,Sunday,Rainy,Main Road,Medium,Two-Wheeler,Minor,0
2928,4,Sujata Chowk,23.3536514,85.3244753,2021-06-02,06:03:00,Wednesday,Foggy,Main Road,Medium,Car,Minor,0
2943,4,Sujata Chowk,23.3536514,85.3244753,2022-01-20,18:01:00,Thursday,Clear,Highway,Low,Auto-Rickshaw,Serious,1
2961,4,Sujata Chowk,23.3536514,85.3244753,2024-07-29,19:46:00,Monday,Foggy,Chowk/Intersection,High,Two-Wheeler,Minor,0
2981,4,Sujata Chowk,23.3536514,85.3244753,2025-07-01,08:07:00,Tuesday,Stormy,Main Road,Medium,Bus,Serious,2
2990,4,Sujata Chowk,23.3536514,85.3244753,2025-05-21,18:02:00,Wednesday,Foggy,Main Road,High,Bus,Minor,0
2999,4,Sujata Chowk,23.3536514,85.3244753,2022-11-30,06:56:00,Wednesday,Rainy,Main Road,Medium,Two-Wheeler,Serious,2
3016,4,Sujata Chowk,23.3536514,85.3244753,2022-07-11,08:17:00,Monday,Clear,Main Road,High,Car,Minor,0
3025,4,Sujata Chowk,23.3536514,85.3244753,2024-03-04,10:38:00,Monday,Stormy,Residential Road,High,Two-Wheeler,Serious,1
3047,4,Sujata Chowk,23.3536514,85.3244753,2023-03-23,07:04:00,Thursday,Stormy,Chowk/Intersection,Medium,Car,Minor,1
3053,4,Sujata Chowk,23.3536514,85.3244753,2021-12-01,20:29:00,Wednesday,Clear,Highway,Medium,Two-Wheeler,Minor,1
3066,4,Sujata Chowk,23.3536514,85.3244753,2022-12-12,10:58:00,Monday,Clear,Chowk/Intersection,Low,Two-Wheeler,Minor,0
3088,4,Sujata Chowk,23.3536514,85.3244753,2021-11-25,06:11:00,Thursday,Clear,Main Road,High,Auto-Rickshaw,Minor,0
3094,4,Sujata Chowk,23.3536514,85.3244753,2021-06-12,08:30:00,Saturday,Clear,Chowk/Intersection,Medium,Car,Fatal,1
3122,4,Sujata Chowk,23.3536514,85.3244753,2025-09-12,18:07:00,Friday,Clear,Residential Road,Low,Car,Minor,0
3148,4,Sujata Chowk,23.3536514,85.3244753,2021-03-17,07:06:00,Wednesday,Foggy,Chowk/Intersection,Medium,Car,Serious,1
3150,4,Sujata Chowk,23.3536514,85.3244753,2022-07-03,11:05:00,Sunday,Rainy,Residential Road,Medium,Car,Serious,1
3168,4,Sujata Chowk,23.3536514,85.3244753,2023-03-21,09:47:00,Tuesday,Clear,Main Road,Medium,Car,Minor,0
3183,4,Sujata Chowk,23.3536514,85.3244753,2025-10-02,06:17:00,Thursday,Clear,Chowk/Intersection,Low,Car,Serious,2
3226,4,Sujata Chowk,23.3536514,85.3244753,2025-06-13,19:59:00,Friday,Clear,Chowk/Intersection,Medium,Truck,Minor,0
3234,4,Sujata Chowk,23.3536514,85.3244753,2025-06-25,19:53:00,Wednesday,Foggy,Chowk/Intersection,Low,Truck,Minor,0
3272,4,Sujata Chowk,23.3536514,85.3244753,2021-03-17,09:07:00,Wednesday,Clear,Main Road,Medium,Two-Wheeler,Minor,0
3273,4,Sujata Chowk,23.3536514,85.3244753,2025-06-12,09:17:00,Thursday,Rainy,Highway,Low,Two-Wheeler,Minor,1
3280,4,Sujata Chowk,23.3536514,85.3244753,2025-07-01,18:59:00,Tuesday,Clear,Highway,Low,Two-Wheeler,Serious,2
3321,4,Sujata Chowk,23.3536514,85.3244753,2023-08-02,18:41:00,Wednesday,Foggy,Highway,Medium,Bus,Fatal,1
3339,4,Sujata Chowk,23.3536514,85.3244753,2021-01-18,19:02:00,Monday,Clear,Residential Road,High,Two-Wheeler,Minor,0
3360,4,Sujata Chowk,23.3536514,85.3244753,2022-09-03,09:55:00,Saturday,Clear,Main Road,Low,Auto-Rickshaw,Serious,1
3390,4,Sujata Chowk,23.3536514,85.3244753,2021-01-22,20:27:00,Friday,Clear,Residential Road,Medium,Truck,Minor,0
3392,4,Sujata Chowk,23.3536514,85.3244753,2023-04-25,10:35:00,Tuesday,Clear,Main Road,Low,Truck,Serious,1
3393,4,Sujata Chowk,23.3536514,85.3244753,2021-04-07,10:15:00,Wednesday,Clear,Main Road,Low,Auto-Rickshaw,Serious,1
3394,4,Sujata Chowk,23.3536514,85.3244753,2023-10-31,07:55:00,Tuesday,Clear,Highway,Low,Two-Wheeler,Minor,1
3413,4,Sujata Chowk,23.3536514,85.3244753,2025-08-28,17:22:00,Thursday,Clear,Main Road,Medium,Auto-Rickshaw,Serious,2
3416,4,Sujata Chowk,23.3536514,85.3244753,2025-05-20,10:51:00,Tuesday,Stormy,Chowk/Intersection,High,Two-Wheeler,Minor,1
3422,4,Sujata Chowk,23.3536514,85.3244753,2023-12-18,15:37:00,Monday,Clear,Main Road,High,Two-Wheeler,Minor,0
3429,4,Sujata Chowk,23.3536514,85.3244753,2022-02-26,19:01:00,Saturday,Stormy,Highway,Medium,Auto-Rickshaw,Serious,2
3439,4,Sujata Chowk,23.3536514,85.3244753,2021-03-01,09:47:00,Monday,Clear,Highway,Low,Two-Wheeler,Minor,0
3450,4,Sujata Chowk,23.3536514,85.3244753,2022-09-30,09:57:00,Friday,Clear,Highway,High,Truck,Serious,3
3466,4,Sujata Chowk,23.3536514,85.3244753,2025-09-12,20:28:00,Friday,Rainy,Chowk/Intersection,Low,Two-Wheeler,Minor,1
3468,4,Sujata Chowk,23.3536514,85.3244753,2021-05-23,08:51:00,Sunday,Clear,Highway,High,Auto-Rickshaw,Fatal,1
3483,4,Sujata Chowk,23.3536514,85.3244753,2025-10-03,18:15:00,Friday,Clear,Chowk/Intersection,Low,Truck,Serious,2
3512,4,Sujata Chowk,23.3536514,85.3244753,2022-01-03,07:14:00,Monday,Clear,Chowk/Intersection,High,Car,Serious,1
3515,4,Sujata Chowk,23.3536514,85.3244753,2023-02-20,11:05:00,Monday,Clear,Main Road,Medium,Two-Wheeler,Minor,1
3519,4,Sujata Chowk,23.3536514,85.3244753,2022-04-18,08:16:00,Monday,Clear,Chowk/Intersection,Medium,Two-Wheeler,Minor,0
3536,4,Sujata Chowk,23.3536514,85.3244753,2021-12-04,08:32:00,Saturday,Clear,Main Road,High,Truck,Fatal,2
3550,4,Sujata Chowk,23.3536514,85.3244753,2021-05-14,08:25:00,Friday,Clear,Chowk/Intersection,Low,Car,Minor,1
3558,4,Sujata Chowk,23.3536514,85.3244753,2022-03-14,20:14:00,Monday,Rainy,Main Road,High,Auto-Rickshaw,Serious,1
3567,4,Sujata Chowk,23.3536514,85.3244753,2021-03-07,17:32:00,Sunday,Clear,Main Road,Medium,Two-Wheeler,Minor,1
3579,4,Sujata Chowk,23.3536514,85.3244753,2022-08-28,20:49:00,Sunday,Clear,Main Road,Medium,Auto-Rickshaw,Serious,1
3592,4,Sujata Chowk,23.3536514,85.3244753,2024-10-11,10:07:00,Friday,Clear,Chowk/Intersection,High,Two-Wheeler,Serious,2
3613,4,Sujata Chowk,23.3536514,85.3244753,2025-05-22,15:24:00,Thursday,Rainy,Chowk/Intersection,High,Two-Wheeler,Serious,2
3639,4,Sujata Chowk,23.3536514,85.3244753,2021-11-22,09:16:00,Monday,Clear,Main Road,Medium,Two-Wheeler,Fatal,3
3679,4,Sujata Chowk,23.3536514,85.3244753,2024-05-29,19:43:00,Wednesday,Rainy,Highway,Low,Bus,Minor,0
3702,4,Sujata Chowk,23.3536514,85.3244753,2025-01-08,19:16:00,Wednesday,Clear,Chowk/Intersection,Medium,Two-Wheeler,Minor,0
3746,4,Sujata Chowk,23.3536514,85.3244753,2024-11-19,18:59:00,Tuesday,Rainy,Main Road,Low,Car,Minor,0
3757,4,Sujata Chowk,23.3536514,85.3244753,2022-08-26,18:18:00,Friday,Clear,Main Road,High,Two-Wheeler,Serious,3
3777,4,Sujata Chowk,23.3536514,85.3244753,2022-09-10,19:47:00,Saturday,Clear,Main Road,Medium,Auto-Rickshaw,Serious,1
3780,4,Sujata Chowk,23.3536514,85.3244753,2023-02-25,18:49:00,Saturday,Rainy,Residential Road,Low,Two-Wheeler,Minor,0
3801,4,Sujata Chowk,23.3536514,85.3244753,2025-12-10,17:17:00,Wednesday,Clear,Main Road,Low,Two-Wheeler,Serious,1
3827,4,Sujata Chowk,23.3536514,85.3244753,2022-05-25,19:11:00,Wednesday,Clear,Main Road,Medium,Two-Wheeler,Serious,2
3831,4,Sujata Chowk,23.3536514,85.3244753,2022-10-06,10:00:00,Thursday,Clear,Residential Road,High,Auto-Rickshaw,Serious,1
3833,4,Sujata Chowk,23.3536514,85.3244753,2021-06-05,15:11:00,Saturday,Clear,Chowk/Intersection,High,Car,Minor,0
3851,4,Sujata Chowk,23.3536514,85.3244753,2025-01-16,10:52:00,Thursday,Rainy,Main Road,Medium,Car,Minor,1
3945,4,Sujata Chowk,23.3536514,85.3244753,2023-01-23,17:04:00,Monday,Rainy,Highway,High,Car,Serious,1
3971,4,Sujata Chowk,23.3536514,85.3244753,2024-07-19,09:48:00,Friday,Clear,Chowk/Intersection,Medium,Bus,Minor,0
3989,4,Sujata Chowk,23.3536514,85.3244753,2025-08-22,08:12:00,Friday,Clear,Highway,Medium,Car,Minor,0
3995,4,Sujata Chowk,23.3536514,85.3244753,2023-10-28,19:34:00,Saturday,Clear,Residential Road,High,Car,Fatal,1
4001,4,Sujata Chowk,23.3536514,85.3244753,2022-07-14,07:27:00,Thursday,Clear,Chowk/Intersection,High,Truck,Minor,1
4003,4,Sujata Chowk,23.3536514,85.3244753,2021-08-29,19:29:00,Sunday,Clear,Highway,Low,Car,Minor,0
4021,4,Sujata Chowk,23.3536514,85.3244753,2023-04-19,09:43:00,Wednesday,Rainy,Chowk/Intersection,Medium,Car,Serious,1
4022,4,Sujata Chowk,23.3536514,85.3244753,2022-07-08,18:26:00,Friday,Clear,Highway,Medium,Auto-Rickshaw,Minor,1
4033,4,Sujata Chowk,23.3536514,85.3244753,2023-12-26,17:59:00,Tuesday,Clear,Chowk/Intersection,Medium,Truck,Minor,0
4073,4,Sujata Chowk,23.3536514,85.3244753,2024-02-03,20:03:00,Saturday,Foggy,Highway,High,Two-Wheeler,Minor,0
4112,4,Sujata Chowk,23.3536514,85.3244753,2024-03-17,07:40:00,Sunday,Clear,Chowk/Intersection,Low,Bus,Minor,1
4125,4,Sujata Chowk,23.3536514,85.3244753,2021-06-07,19:35:00,Monday,Clear,Main Road,High,Two-Wheeler,Minor,0
4144,4,Sujata Chowk,23.3536514,85.3244753,2024-05-27,16:43:00,Monday,Clear,Highway,High,Auto-Rickshaw,Minor,0
4156,4,Sujata Chowk,23.3536514,85.3244753,2021-06-26,11:39:00,Saturday,Clear,Chowk/Intersection,High,Two-Wheeler,Minor,0
4177,4,Sujata Chowk,23.3536514,85.3244753,2021-03-31,20:57:00,Wednesday,Clear,Chowk/Intersection,Medium,Two-Wheeler,Minor,0
4227,4,Sujata Chowk,23.3536514,85.3244753,2022-09-16,10:07:00,Friday,Stormy,Chowk/Intersection,Low,Auto-Rickshaw,Minor,0
4230,4,Sujata Chowk,23.3536514,85.3244753,2025-11-16,18:46:00,Sunday,Clear,Chowk/Intersection,Medium,Two-Wheeler,Minor,0
4262,4,Sujata Chowk,23.3536514,85.3244753,2021-11-29,07:42:00,Monday,Foggy,Chowk/Intersection,High,Two-Wheeler,Minor,0
4307,4,Sujata Chowk,23.3536514,85.3244753,2023-06-09,07:19:00,Friday,Clear,Highway,Medium,Two-Wheeler,Minor,0
4314,4,Sujata Chowk,23.3536514,85.3244753,2021-08-01,19:56:00,Sunday,Foggy,Highway,Medium,Two-Wheeler,Serious,3
4323,4,Sujata Chowk,23.3536514,85.3244753,2023-05-27,08:10:00,Saturday,Clear,Chowk/Intersection,Medium,Car,Minor,0
4396,4,Sujata Chowk,23.3536514,85.3244753,2023-11-22,09:00:00,Wednesday,Stormy,Chowk/Intersection,Medium,Two-Wheeler,Serious,1
4420,4,Sujata Chowk,23.3536514,85.3244753,2023-09-04,08:14:00,Monday,Foggy,Main Road,Low,Two-Wheeler,Minor,0
4445,4,Sujata Chowk,23.3536514,85.3244753,2023-12-18,10:12:00,Monday,Clear,Main Road,High,Car,Fatal,4
4450,4,Sujata Chowk,23.3536514,85.3244753,2021-10-07,20:50:00,Thursday,Rainy,Residential Road,Medium,Two-Wheeler,Minor,1
4458,4,Sujata Chowk,23.3536514,85.3244753,2025-08-14,19:09:00,Thursday,Clear,Residential Road,High,Car,Serious,1
4460,4,Sujata Chowk,23.3536514,85.3244753,2021-07-30,16:20:00,Friday,Clear,Highway,Low,Two-Wheeler,Serious,2
4469,4,Sujata Chowk,23.3536514,85.3244753,2024-01-19,09:40:00,Friday,Clear,Chowk/Intersection,Medium,Car,Minor,0
4479,4,Sujata Chowk,23.3536514,85.3244753,2024-06-09,08:34:00,Sunday,Foggy,Residential Road,High,Two-Wheeler,Minor,0
4516,4,Sujata Chowk,23.3536514,85.3244753,2025-03-28,07:16:00,Friday,Rainy,Main Road,High,Two-Wheeler,Minor,0
4520,4,Sujata Chowk,23.3536514,85.3244753,2021-02-23,19:40:00,Tuesday,Clear,Chowk/Intersection,Medium,Car,Serious,1
4524,4,Sujata Chowk,23.3536514,85.3244753,2021-05-02,16:30:00,Sunday,Clear,Chowk/Intersection,Medium,Two-Wheeler,Serious,2
4553,4,Sujata Chowk,23.3536514,85.3244753,2024-01-30,17:35:00,Tuesday,Rainy,Residential Road,Medium,Two-Wheeler,Minor,1
4563,4,Sujata Chowk,23.3536514,85.3244753,2023-12-10,17:11:00,Sunday,Clear,Highway,High,Auto-Rickshaw,Minor,0
4617,4,Sujata Chowk,23.3536514,85.3244753,2025-05-11,09:29:00,Sunday,Clear,Highway,Medium,Car,Minor,0
4661,4,Sujata Chowk,23.3536514,85.3244753,2024-12-29,17:47:00,Sunday,Clear,Main Road,Medium,Truck,Serious,1
4662,4,Sujata Chowk,23.3536514,85.3244753,2021-04-16,07:17:00,Friday,Clear,Main Road,Medium,Two-Wheeler,Serious,3
4666,4,Sujata Chowk,23.3536514,85.3244753,2021-09-10,10:01:00,Friday,Clear,Chowk/Intersection,Medium,Two-Wheeler,Minor,0
4669,4,Sujata Chowk,23.3536514,85.3244753,2021-07-21,21:50:00,Wednesday,Rainy,Highway,High,Two-Wheeler,Serious,2
4670,4,Sujata Chowk,23.3536514,85.3244753,2024-12-31,10:22:00,Tuesday,Clear,Main Road,Low,Two-Wheeler,Minor,0
4682,4,Sujata Chowk,23.3536514,85.3244753,2025-03-16,12:07:00,Sunday,Clear,Highway,High,Two-Wheeler,Fatal,2
4701,4,Sujata Chowk,23.3536514,85.3244753,2024-01-30,11:52:00,Tuesday,Clear,Residential Road,High,Car,Minor,0
4709,4,Sujata Chowk,23.3536514,85.3244753,2021-11-06,19:35:00,Saturday,Rainy,Highway,Medium,Two-Wheeler,Minor,1
4743,4,Sujata Chowk,23.3536514,85.3244753,2025-08-09,18:34:00,Saturday,Clear,Chowk/Intersection,High,Car,Minor,0
4774,4,Sujata Chowk,23.3536514,85.3244753,2021-02-13,09:07:00,Saturday,Clear,Chowk/Intersection,Medium,Auto-Rickshaw,Minor,0
4794,4,Sujata Chowk,23.3536514,85.3244753,2023-04-18,10:09:00,Tuesday,Clear,Main Road,Low,Two-Wheeler,Minor,1
4803,4,Sujata Chowk,23.3536514,85.3244753,2022-08-09,17:23:00,Tuesday,Rainy,Chowk/Intersection,High,Auto-Rickshaw,Minor,0
4817,4,Sujata Chowk,23.3536514,85.3244753,2021-09-14,09:58:00,Tuesday,Clear,Highway,Medium,Car,Fatal,1
4889,4,Sujata Chowk,23.3536514,85.3244753,2022-06-04,15:30:00,Saturday,Clear,Chowk/Intersection,Medium,Two-Wheeler,Minor,1
4893,4,Sujata Chowk,23.3536514,85.3244753,2022-11-24,18:15:00,Thursday,Rainy,Chowk/Intersection,Medium,Two-Wheeler,Minor,1
4906,4,Sujata Chowk,23.3536514,85.3244753,2023-08-29,06:58:00,Tuesday,Clear,Highway,Medium,Car,Fatal,4
4907,4,Sujata Chowk,23.3536514,85.3244753,2024-11-27,05:41:00,Wednesday,Clear,Chowk/Intersection,Low,Two-Wheeler,Minor,1
4930,4,Sujata Chowk,23.3536514,85.3244753,2021-04-01,08:16:00,Thursday,Clear,Main Road,High,Auto-Rickshaw,Minor,0
4931,4,Sujata Chowk,23.3536514,85.3244753,2025-07-23,09:46:00,Wednesday,Clear,Residential Road,Low,Auto-Rickshaw,Fatal,4
4972,4,Sujata Chowk,23.3536514,85.3244753,2022-08-23,16:16:00,Tuesday,Clear,Highway,Medium,Car,Minor,0
4980,4,Sujata Chowk,23.3536514,85.3244753,2023-09-19,16:46:00,Tuesday,Foggy,Highway,High,Auto-Rickshaw,Serious,3
4987,4,Sujata Chowk,23.3536514,85.3244753,2023-10-07,19:38:00,Saturday,Clear,Highway,Medium,Auto-Rickshaw,Minor,0
5001,4,Sujata Chowk,23.3536514,85.3244753,2023-05-02,09:42:00,Tuesday,Clear,Chowk/Intersection,Medium,Truck,Minor,1
5013,4,Sujata Chowk,23.3536514,85.3244753,2025-08-01,08:15:00,Friday,Clear,Main Road,Medium,Two-Wheeler,Minor,0
5080,4,Sujata Chowk,23.3536514,85.3244753,2022-10-23,08:50:00,Sunday,Clear,Main Road,High,Bus,Minor,0
5098,4,Sujata Chowk,23.3536514,85.3244753,2025-07-16,09:09:00,Wednesday,Foggy,Chowk/Intersection,Medium,Auto-Rickshaw,Minor,0
5107,4,Sujata Chowk,23.3536514,85.3244753,2023-08-16,23:03:00,Wednesday,Foggy,Main Road,High,Auto-Rickshaw,Serious,2
5121,4,Sujata Chowk,23.3536514,85.3244753,2025-05-05,07:36:00,Monday,Clear,Residential Road,Medium,Car,Minor,0
5138,4,Sujata Chowk,23.3536514,85.3244753,2021-04-29,18:49:00,Thursday,Stormy,Main Road,Low,Bus,Serious,1
5141,4,Sujata Chowk,23.3536514,85.3244753,2021-10-11,09:36:00,Monday,Clear,Main Road,High,Auto-Rickshaw,Serious,2
5158,4,Sujata Chowk,23.3536514,85.3244753,2022-10-18,10:40:00,Tuesday,Clear,Chowk/Intersection,Medium,Auto-Rickshaw,Serious,3
5184,4,Sujata Chowk,23.3536514,85.3244753,2023-03-30,17:06:00,Thursday,Clear,Chowk/Intersection,Medium,Car,Fatal,3
5185,4,Sujata Chowk,23.3536514,85.3244753,2023-04-08,16:04:00,Saturday,Rainy,Residential Road,Low,Car,Fatal,4
5218,4,Sujata Chowk,23.3536514,85.3244753,2022-11-17,08:00:00,Thursday,Clear,Residential Road,Medium,Two-Wheeler,Serious,3
5224,4,Sujata Chowk,23.3536514,85.3244753,2021-12-06,09:09:00,Monday,Clear,Highway,Medium,Bus,Serious,3
5245,4,Sujata Chowk,23.3536514,85.3244753,2021-08-13,15:09:00,Friday,Clear,Chowk/Intersection,Low,Two-Wheeler,Serious,2
5249,4,Sujata Chowk,23.3536514,85.3244753,2022-11-13,09:17:00,Sunday,Stormy,Chowk/Intersection,High,Two-Wheeler,Minor,0
5275,4,Sujata Chowk,23.3536514,85.3244753,2024-10-04,18:42:00,Friday,Clear,Highway,Low,Bus,Serious,1
5282,4,Sujata Chowk,23.3536514,85.3244753,2025-06-06,18:38:00,Friday,Clear,Chowk/Intersection,High,Two-Wheeler,Minor,0
5306,4,Sujata Chowk,23.3536514,85.3244753,2022-08-23,10:54:00,Tuesday,Clear,Highway,Medium,Two-Wheeler,Minor,1
5317,4,Sujata Chowk,23.3536514,85.3244753,2021-12-27,21:41:00,Monday,Clear,Highway,High,Car,Fatal,1
5349,4,Sujata Chowk,23.3536514,85.3244753,2021-12-14,09:34:00,Tuesday,Clear,Highway,High,Truck,Serious,3
5353,4,Sujata Chowk,23.3536514,85.3244753,2021-03-16,18:18:00,Tuesday,Rainy,Main Road,Medium,Car,Minor,1
5357,4,Sujata Chowk,23.3536514,85.3244753,2021-03-14,17:23:00,Sunday,Rainy,Highway,High,Two-Wheeler,Minor,1
5369,4,Sujata Chowk,23.3536514,85.3244753,2023-12-06,19:38:00,Wednesday,Rainy,Chowk/Intersection,High,Two-Wheeler,Minor,0
5384,4,Sujata Chowk,23.3536514,85.3244753,2021-03-26,11:12:00,Friday,Clear,Main Road,Low,Two-Wheeler,Minor,0
5411,4,Sujata Chowk,23.3536514,85.3244753,2022-06-26,19:31:00,Sunday,Clear,Highway,High,Car,Serious,3
5426,4,Sujata Chowk,23.3536514,85.3244753,2021-09-13,08:42:00,Monday,Clear,Main Road,High,Two-Wheeler,Minor,0
5427,4,Sujata Chowk,23.3536514,85.3244753,2023-02-04,20:00:00,Saturday,Stormy,Main Road,High,Auto-Rickshaw,Minor,0
5433,4,Sujata Chowk,23.3536514,85.3244753,2021-01-15,12:00:00,Friday,Clear,Main Road,High,Car,Minor,1
5440,4,Sujata Chowk,23.3536514,85.3244753,2025-01-26,09:33:00,Sunday,Clear,Main Road,Medium,Two-Wheeler,Serious,1
5442,4,Sujata Chowk,23.3536514,85.3244753,2022-11-25,19:15:00,Friday,Clear,Main Road,Medium,Two-Wheeler,Minor,1
5479,4,Sujata Chowk,23.3536514,85.3244753,2023-06-22,10:01:00,Thursday,Clear,Highway,Medium,Two-Wheeler,Minor,0
5512,4,Sujata Chowk,23.3536514,85.3244753,2024-09-01,18:13:00,Sunday,Clear,Highway,Low,Two-Wheeler,Fatal,1
5527,4,Sujata Chowk,23.3536514,85.3244753,2023-11-19,18:44:00,Sunday,Clear,Highway,Medium,Truck,Minor,0
5546,4,Sujata Chowk,23.3536514,85.3244753,2021-06-09,07:25:00,Wednesday,Rainy,Main Road,Medium,Two-Wheeler,Serious,2
5562,4,Sujata Chowk,23.3536514,85.3244753,2025-04-20,17:18:00,Sunday,Rainy,Main Road,High,Two-Wheeler,Serious,1
5571,4,Sujata Chowk,23.3536514,85.3244753,2024-01-14,15:47:00,Sunday,Clear,Highway,Low,Auto-Rickshaw,Minor,0
5589,4,Sujata Chowk,23.3536514,85.3244753,2025-04-23,09:38:00,Wednesday,Rainy,Residential Road,Low,Car,Minor,1
5597,4,Sujata Chowk,23.3536514,85.3244753,2025-09-22,17:32:00,Monday,Clear,Chowk/Intersection,High,Truck,Minor,0
5605,4,Sujata Chowk,23.3536514,85.3244753,2023-09-19,09:41:00,Tuesday,Clear,Main Road,Medium,Two-Wheeler,Minor,1
5627,4,Sujata Chowk,23.3536514,85.3244753,2021-12-19,19:21:00,Sunday,Rainy,Chowk/Intersection,Medium,Car,Serious,3
5629,4,Sujata Chowk,23.3536514,85.3244753,2022-02-26,11:55:00,Saturday,Clear,Residential Road,Low,Car,Minor,0
5657,4,Sujata Chowk,23.3536514,85.3244753,2024-09-04,17:09:00,Wednesday,Rainy,Chowk/Intersection,Low,Car,Serious,1
5667,4,Sujata Chowk,23.3536514,85.3244753,2021-11-01,20:41:00,Monday,Clear,Chowk/Intersection,Low,Car,Minor,0
5684,4,Sujata Chowk,23.3536514,85.3244753,2021-01-10,10:58:00,Sunday,Clear,Chowk/Intersection,Low,Bus,Minor,0
5700,4,Sujata Chowk,23.3536514,85.3244753,2023-03-01,07:12:00,Wednesday,Clear,Main Road,High,Car,Serious,2
5732,4,Sujata Chowk,23.3536514,85.3244753,2024-09-03,07:56:00,Tuesday,Clear,Chowk/Intersection,Medium,Auto-Rickshaw,Minor,0
5735,4,Sujata Chowk,23.3536514,85.3244753,2023-01-16,20:10:00,Monday,Clear,Chowk/Intersection,Medium,Auto-Rickshaw,Minor,1
5768,4,Sujata Chowk,23.3536514,85.3244753,2025-12-03,19:06:00,Wednesday,Clear,Residential Road,Low,Two-Wheeler,Fatal,1
5779,4,Sujata Chowk,23.3536514,85.3244753,2023-07-24,07:46:00,Monday,Clear,Main Road,High,Two-Wheeler,Serious,1
5795,4,Sujata Chowk,23.3536514,85.3244753,2024-09-30,06:18:00,Monday,Clear,Chowk/Intersection,High,Two-Wheeler,Minor,1
5812,4,Sujata Chowk,23.3536514,85.3244753,2025-10-06,16:31:00,Monday,Foggy,Chowk/Intersection,Low,Two-Wheeler,Minor,0
5822,4,Sujata Chowk,23.3536514,85.3244753,2022-09-03,18:52:00,Saturday,Clear,Chowk/Intersection,Medium,Two-Wheeler,Minor,1
5841,4,Sujata Chowk,23.3536514,85.3244753,2022-08-28,09:04:00,Sunday,Rainy,Main Road,High,Auto-Rickshaw,Fatal,1
5863,4,Sujata Chowk,23.3536514,85.3244753,2024-08-23,11:50:00,Friday,Rainy,Main Road,Medium,Bus,Fatal,4
5903,4,Sujata Chowk,23.3536514,85.3244753,2021-08-23,19:28:00,Monday,Foggy,Chowk/Intersection,High,Car,Serious,3
5914,4,Sujata Chowk,23.3536514,85.3244753,2024-08-21,16:14:00,Wednesday,Rainy,Chowk/Intersection,Medium,Car,Serious,1
5930,4,Sujata Chowk,23.3536514,85.3244753,2022-10-09,18:38:00,Sunday,Stormy,Main Road,Low,Car,Fatal,1
5942,4,Sujata Chowk,23.3536514,85.3244753,2025-01-25,08:35:00,Saturday,Clear,Chowk/Intersection,High,Auto-Rickshaw,Serious,2
5950,4,Sujata Chowk,23.3536514,85.3244753,2022-03-12,17:50:00,Saturday,Clear,Main Road,Medium,Car,Minor,0
5979,4,Sujata Chowk,23.3536514,85.3244753,2024-05-26,09:37:00,Sunday,Stormy,Chowk/Intersection,Medium,Car,Minor,1
5990,4,Sujata Chowk,23.3536514,85.3244753,2021-10-27,09:23:00,Wednesday,Clear,Main Road,Low,Two-Wheeler,Serious,2
5998,4,Sujata Chowk,23.3536514,85.3244753,2023-02-21,08:23:00,Tuesday,Clear,Main Road,Medium,Two-Wheeler,Minor,0
6010,4,Sujata Chowk,23.3536514,85.3244753,2024-08-10,21:36:00,Saturday,Rainy,Main Road,Low,Two-Wheeler,Fatal,1
6019,4,Sujata Chowk,23.3536514,85.3244753,2024-06-29,17:30:00,Saturday,Rainy,Main Road,Medium,Two-Wheeler,Minor,0
6028,4,Sujata Chowk,23.3536514,85.3244753,2023-06-03,14:47:00,Saturday,Foggy,Residential Road,Medium,Car,Serious,1
6039,4,Sujata Chowk,23.3536514,85.3244753,2024-01-09,18:50:00,Tuesday,Clear,Residential Road,Low,Car,Minor,0
6059,4,Sujata Chowk,23.3536514,85.3244753,2025-04-22,14:58:00,Tuesday,Clear,Main Road,High,Two-Wheeler,Minor,1
6060,4,Sujata Chowk,23.3536514,85.3244753,2023-03-24,09:58:00,Friday,Clear,Chowk/Intersection,High,Auto-Rickshaw,Fatal,2
6068,4,Sujata Chowk,23.3536514,85.3244753,2022-01-30,15:31:00,Sunday,Clear,Residential Road,High,Two-Wheeler,Serious,1
6072,4,Sujata Chowk,23.3536514,85.3244753,2023-01-16,18:10:00,Monday,Clear,Chowk/Intersection,Medium,Two-Wheeler,Serious,1
6083,4,Sujata Chowk,23.3536514,85.3244753,2025-07-14,07:18:00,Monday,Foggy,Main Road,Medium,Two-Wheeler,Serious,3
6093,4,Sujata Chowk,23.3536514,85.3244753,2023-03-15,19:07:00,Wednesday,Clear,Main Road,Low,Two-Wheeler,Serious,2
6102,4,Sujata Chowk,23.3536514,85.3244753,2023-11-13,09:48:00,Monday,Rainy,Chowk/Intersection,Low,Bus,Minor,0
6115,4,Sujata Chowk,23.3536514,85.3244753,2023-11-15,06:58:00,Wednesday,Rainy,Residential Road,Medium,Two-Wheeler,Minor,0
6117,4,Sujata Chowk,23.3536514,85.3244753,2025-10-29,05:26:00,Wednesday,Clear,Residential Road,High,Bus,Minor,0
6118,4,Sujata Chowk,23.3536514,85.3244753,2022-11-28,19:50:00,Monday,Clear,Chowk/Intersection,High,Bus,Minor,0
6119,4,Sujata Chowk,23.3536514,85.3244753,2024-08-21,18:22:00,Wednesday,Foggy,Main Road,Medium,Truck,Serious,1
6125,4,Sujata Chowk,23.3536514,85.3244753,2024-10-24,10:41:00,Thursday,Rainy,Chowk/Intersection,Medium,Car,Minor,1
6142,4,Sujata Chowk,23.3536514,85.3244753,2021-02-10,07:42:00,Wednesday,Rainy,Highway,Medium,Two-Wheeler,Fatal,3
6145,4,Sujata Chowk,23.3536514,85.3244753,2025-10-20,11:43:00,Monday,Rainy,Main Road,Low,Car,Minor,0
6149,4,Sujata Chowk,23.3536514,85.3244753,2021-01-30,17:56:00,Saturday,Rainy,Chowk/Intersection,Medium,Two-Wheeler,Minor,0
6157,4,Sujata Chowk,23.3536514,85.3244753,2023-01-06,19:43:00,Friday,Clear,Highway,Low,Car,Minor,0
6173,4,Sujata Chowk,23.3536514,85.3244753,2024-12-12,19:49:00,Thursday,Foggy,Highway,Medium,Two-Wheeler,Serious,1
6177,4,Sujata Chowk,23.3536514,85.3244753,2021-02-28,09:37:00,Sunday,Clear,Highway,High,Two-Wheeler,Serious,2
6178,4,Sujata Chowk,23.3536514,85.3244753,2023-06-23,08:43:00,Friday,Clear,Highway,Medium,Two-Wheeler,Serious,1
6187,4,Sujata Chowk,23.3536514,85.3244753,2024-10-30,09:56:00,Wednesday,Clear,Main Road,Medium,Car,Serious,3
6213,4,Sujata Chowk,23.3536514,85.3244753,2025-03-21,18:29:00,Friday,Clear,Chowk/Intersection,High,Two-Wheeler,Minor,0
6216,4,Sujata Chowk,23.3536514,85.3244753,2025-06-20,08:22:00,Friday,Clear,Chowk/Intersection,Medium,Car,Fatal,1
6239,4,Sujata Chowk,23.3536514,85.3244753,2024-10-29,19:48:00,Tuesday,Clear,Chowk/Intersection,Low,Two-Wheeler,Minor,0
6265,4,Sujata Chowk,23.3536514,85.3244753,2024-11-11,19:43:00,Monday,Rainy,Chowk/Intersection,Low,Car,Minor,1
6285,4,Sujata Chowk,23.3536514,85.3244753,2021-03-31,16:06:00,Wednesday,Clear,Chowk/Intersection,High,Two-Wheeler,Serious,2
6287,4,Sujata Chowk,23.3536514,85.3244753,2021-06-19,21:33:00,Saturday,Foggy,Chowk/Intersection,High,Two-Wheeler,Minor,0
6337,4,Sujata Chowk,23.3536514,85.3244753,2023-01-29,09:38:00,Sunday,Clear,Residential Road,Medium,Two-Wheeler,Minor,0
6357,4,Sujata Chowk,23.3536514,85.3244753,2023-12-22,09:54:00,Friday,Clear,Main Road,High,Bus,Serious,1
6364,4,Sujata Chowk,23.3536514,85.3244753,2021-02-11,09:19:00,Thursday,Clear,Highway,High,Car,Minor,0
6368,4,Sujata Chowk,23.3536514,85.3244753,2021-07-07,06:53:00,Wednesday,Clear,Chowk/Intersection,Low,Auto-Rickshaw,Minor,0
6378,4,Sujata Chowk,23.3536514,85.3244753,2022-10-15,07:47:00,Saturday,Foggy,Chowk/Intersection,High,Auto-Rickshaw,Minor,0
6418,4,Sujata Chowk,23.3536514,85.3244753,2023-06-19,16:38:00,Monday,Rainy,Highway,Low,Auto-Rickshaw,Minor,0
6426,4,Sujata Chowk,23.3536514,85.3244753,2025-01-17,22:08:00,Friday,Clear,Main Road,Medium,Truck,Fatal,2
6459,4,Sujata Chowk,23.3536514,85.3244753,2021-10-24,18:05:00,Sunday,Clear,Main Road,Low,Car,Fatal,2
6463,4,Sujata Chowk,23.3536514,85.3244753,2023-07-13,18:30:00,Thursday,Clear,Residential Road,High,Bus,Minor,0
6498,4,Sujata Chowk,23.3536514,85.3244753,2025-05-10,17:16:00,Saturday,Clear,Residential Road,Medium,Auto-Rickshaw,Minor,0
6501,4,Sujata Chowk,23.3536514,85.3244753,2025-08-03,11:03:00,Sunday,Foggy,Residential Road,Low,Truck,Fatal,2
6507,4,Sujata Chowk,23.3536514,85.3244753,2021-04-19,09:42:00,Monday,Clear,Chowk/Intersection,Medium,Two-Wheeler,Minor,0
6514,4,Sujata Chowk,23.3536514,85.3244753,2025-10-19,16:47:00,Sunday,Foggy,Residential Road,High,Car,Minor,0
6531,4,Sujata Chowk,23.3536514,85.3244753,2022-09-30,11:56:00,Friday,Clear,Main Road,Medium,Bus,Minor,0
6539,4,Sujata Chowk,23.3536514,85.3244753,2022-07-20,09:03:00,Wednesday,Clear,Residential Road,High,Bus,Minor,0
6562,4,Sujata Chowk,23.3536514,85.3244753,2024-05-20,10:55:00,Monday,Rainy,Highway,Low,Auto-Rickshaw,Minor,1
6566,4,Sujata Chowk,23.3536514,85.3244753,2023-02-15,10:47:00,Wednesday,Clear,Chowk/Intersection,Medium,Auto-Rickshaw,Minor,1
6568,4,Sujata Chowk,23.3536514,85.3244753,2024-07-17,07:07:00,Wednesday,Clear,Main Road,Medium,Car,Minor,0
6603,4,Sujata Chowk,23.3536514,85.3244753,2025-08-11,18:26:00,Monday,Rainy,Residential Road,Low,Two-Wheeler,Minor,0
6604,4,Sujata Chowk,23.3536514,85.3244753,2025-10-11,09:02:00,Saturday,Clear,Highway,Low,Car,Minor,1
6656,4,Sujata Chowk,23.3536514,85.3244753,2025-03-08,11:26:00,Saturday,Clear,Chowk/Intersection,Medium,Auto-Rickshaw,Fatal,4
6663,4,Sujata Chowk,23.3536514,85.3244753,2021-07-15,06:43:00,Thursday,Rainy,Chowk/Intersection,Medium,Two-Wheeler,Serious,3
6669,4,Sujata Chowk,23.3536514,85.3244753,2023-08-15,10:25:00,Tuesday,Clear,Main Road,High,Two-Wheeler,Minor,1
6697,4,Sujata Chowk,23.3536514,85.3244753,2025-03-26,16:18:00,Wednesday,Clear,Main Road,Medium,Car,Fatal,2
6705,4,Sujata Chowk,23.3536514,85.3244753,2022-03-06,17:23:00,Sunday,Clear,Chowk/Intersection,High,Car,Minor,0
6707,4,Sujata Chowk,23.3536514,85.3244753,2021-12-03,08:14:00,Friday,Clear,Main Road,High,Two-Wheeler,Minor,1
6714,4,Sujata Chowk,23.3536514,85.3244753,2021-06-19,21:15:00,Saturday,Rainy,Chowk/Intersection,Low,Two-Wheeler,Minor,1
6719,4,Sujata Chowk,23.3536514,85.3244753,2023-03-14,22:38:00,Tuesday,Rainy,Main Road,High,Truck,Serious,3
6734,4,Sujata Chowk,23.3536514,85.3244753,2024-01-28,08:27:00,Sunday,Stormy,Chowk/Intersection,Low,Car,Serious,1
6737,4,Sujata Chowk,23.3536514,85.3244753,2021-08-01,05:22:00,Sunday,Clear,Highway,Low,Two-Wheeler,Minor,0
6752,4,Sujata Chowk,23.3536514,85.3244753,2022-01-04,16:12:00,Tuesday,Clear,Main Road,Low,Two-Wheeler,Minor,0
6754,4,Sujata Chowk,23.3536514,85.3244753,2024-03-24,18:26:00,Sunday,Rainy,Chowk/Intersection,High,Two-Wheeler,Minor,1
6819,4,Sujata Chowk,23.3536514,85.3244753,2021-10-20,08:25:00,Wednesday,Clear,Main Road,Medium,Car,Minor,0
6833,4,Sujata Chowk,23.3536514,85.3244753,2023-09-28,09:19:00,Thursday,Foggy,Highway,High,Car,Minor,0
6836,4,Sujata Chowk,23.3536514,85.3244753,2021-06-19,17:49:00,Saturday,Foggy,Main Road,High,Two-Wheeler,Minor,0
6852,4,Sujata Chowk,23.3536514,85.3244753,2025-02-25,20:48:00,Tuesday,Clear,Chowk/Intersection,Medium,Two-Wheeler,Serious,3
6869,4,Sujata Chowk,23.3536514,85.3244753,2021-11-30,10:53:00,Tuesday,Clear,Highway,High,Auto-Rickshaw,Minor,1
6870,4,Sujata Chowk,23.3536514,85.3244753,2025-03-08,17:34:00,Saturday,Rainy,Main Road,Medium,Car,Minor,0
6876,4,Sujata Chowk,23.3536514,85.3244753,2025-06-18,10:28:00,Wednesday,Clear,Residential Road,Medium,Two-Wheeler,Fatal,1
6885,4,Sujata Chowk,23.3536514,85.3244753,2023-09-16,20:08:00,Saturday,Stormy,Chowk/Intersection,High,Car,Minor,0
6897,4,Sujata Chowk,23.3536514,85.3244753,2024-05-22,19:35:00,Wednesday,Foggy,Highway,Medium,Car,Fatal,4
6918,4,Sujata Chowk,23.3536514,85.3244753,2025-01-11,06:28:00,Saturday,Stormy,Residential Road,Low,Two-Wheeler,Minor,0
6959,4,Sujata Chowk,23.3536514,85.3244753,2025-05-19,12:10:00,Monday,Clear,Residential Road,High,Two-Wheeler,Minor,0
6962,4,Sujata Chowk,23.3536514,85.3244753,2025-02-12,17:07:00,Wednesday,Clear,Main Road,Medium,Two-Wheeler,Minor,1
6974,4,Sujata Chowk,23.3536514,85.3244753,2022-02-13,07:29:00,Sunday,Stormy,Highway,High,Car,Minor,0
6981,4,Sujata Chowk,23.3536514,85.3244753,2022-01-01,10:11:00,Saturday,Rainy,Chowk/Intersection,High,Car,Fatal,2
7005,4,Sujata Chowk,23.3536514,85.3244753,2021-10-03,18:37:00,Sunday,Clear,Main Road,Medium,Two-Wheeler,Minor,0
7008,4,Sujata Chowk,23.3536514,85.3244753,2025-07-16,18:36:00,Wednesday,Clear,Residential Road,Low,Auto-Rickshaw,Minor,0
7027,4,Sujata Chowk,23.3536514,85.3244753,2024-07-13,17:06:00,Saturday,Clear,Chowk/Intersection,High,Two-Wheeler,Minor,1
7029,4,Sujata Chowk,23.3536514,85.3244753,2023-12-06,17:53:00,Wednesday,Clear,Highway,Low,Car,Minor,0
7032,4,Sujata Chowk,23.3536514,85.3244753,2025-02-01,20:29:00,Saturday,Rainy,Residential Road,High,Car,Fatal,1
7041,4,Sujata Chowk,23.3536514,85.3244753,2023-07-31,17:13:00,Monday,Clear,Chowk/Intersection,Low,Two-Wheeler,Serious,1
7058,4,Sujata Chowk,23.3536514,85.3244753,2021-08-03,19:37:00,Tuesday,Clear,Main Road,Low,Bus,Serious,1
7092,4,Sujata Chowk,23.3536514,85.3244753,2025-12-31,17:41:00,Wednesday,Clear,Main Road,High,Two-Wheeler,Minor,1
7102,4,Sujata Chowk,23.3536514,85.3244753,2024-10-01,10:58:00,Tuesday,Clear,Main Road,High,Two-Wheeler,Minor,0
7122,4,Sujata Chowk,23.3536514,85.3244753,2021-08-14,10:37:00,Saturday,Clear,Residential Road,Medium,Bus,Serious,1
7123,4,Sujata Chowk,23.3536514,85.3244753,2025-01-15,09:30:00,Wednesday,Clear,Chowk/Intersection,High,Car,Minor,0
7127,4,Sujata Chowk,23.3536514,85.3244753,2024-09-07,20:51:00,Saturday,Rainy,Highway,High,Bus,Serious,2
7141,4,Sujata Chowk,23.3536514,85.3244753,2022-07-10,07:24:00,Sunday,Clear,Chowk/Intersection,High,Auto-Rickshaw,Minor,0
7148,4,Sujata Chowk,23.3536514,85.3244753,2022-01-26,09:30:00,Wednesday,Rainy,Main Road,Medium,Two-Wheeler,Minor,0
7164,4,Sujata Chowk,23.3536514,85.3244753,2022-12-08,20:56:00,Thursday,Clear,Main Road,Low,Two-Wheeler,Minor,0
7195,4,Sujata Chowk,23.3536514,85.3244753,2024-11-29,19:40:00,Friday,Clear,Main Road,Medium,Two-Wheeler,Fatal,1
7248,4,Sujata Chowk,23.3536514,85.3244753,2021-10-17,09:23:00,Sunday,Clear,Chowk/Intersection,Low,Two-Wheeler,Minor,1
7271,4,Sujata Chowk,23.3536514,85.3244753,2024-08-15,11:40:00,Thursday,Clear,Highway,Low,Car,Minor,1
7305,4,Sujata Chowk,23.3536514,85.3244753,2023-11-19,19:25:00,Sunday,Clear,Main Road,High,Auto-Rickshaw,Serious,1
7316,4,Sujata Chowk,23.3536514,85.3244753,2025-07-01,09:16:00,Tuesday,Clear,Chowk/Intersection,Medium,Car,Minor,0
7323,4,Sujata Chowk,23.3536514,85.3244753,2022-04-01,19:31:00,Friday,Clear,Highway,Low,Two-Wheeler,Minor,1
7335,4,Sujata Chowk,23.3536514,85.3244753,2022-08-10,19:36:00,Wednesday,Clear,Highway,High,Two-Wheeler,Minor,0
7341,4,Sujata Chowk,23.3536514,85.3244753,2024-07-07,19:58:00,Sunday,Clear,Highway,Medium,Car,Minor,0
7351,4,Sujata Chowk,23.3536514,85.3244753,2021-04-06,18:08:00,Tuesday,Clear,Chowk/Intersection,High,Two-Wheeler,Fatal,1
7367,4,Sujata Chowk,23.3536514,85.3244753,2021-11-26,09:55:00,Friday,Clear,Chowk/Intersection,Medium,Car,Minor,0
7434,4,Sujata Chowk,23.3536514,85.3244753,2021-05-23,10:09:00,Sunday,Rainy,Residential Road,High,Two-Wheeler,Serious,2
7455,4,Sujata Chowk,23.3536514,85.3244753,2022-02-24,19:42:00,Thursday,Clear,Main Road,Low,Auto-Rickshaw,Serious,3
7519,4,Sujata Chowk,23.3536514,85.3244753,2023-11-27,12:34:00,Monday,Clear,Chowk/Intersection,Low,Auto-Rickshaw,Minor,0
7520,4,Sujata Chowk,23.3536514,85.3244753,2023-02-15,19:08:00,Wednesday,Stormy,Chowk/Intersection,Medium,Two-Wheeler,Minor,0
7536,4,Sujata Chowk,23.3536514,85.3244753,2025-04-23,18:22:00,Wednesday,Rainy,Highway,Low,Two-Wheeler,Minor,0
7542,4,Sujata Chowk,23.3536514,85.3244753,2021-11-16,17:05:00,Tuesday,Clear,Main Road,High,Two-Wheeler,Serious,3
7589,4,Sujata Chowk,23.3536514,85.3244753,2021-06-05,17:36:00,Saturday,Clear,Main Road,High,Two-Wheeler,Serious,2
7616,4,Sujata Chowk,23.3536514,85.3244753,2024-02-20,17:33:00,Tuesday,Foggy,Highway,Medium,Two-Wheeler,Serious,1
7620,4,Sujata Chowk,23.3536514,85.3244753,2022-05-24,09:08:00,Tuesday,Rainy,Chowk/Intersection,Low,Car,Minor,0
7621,4,Sujata Chowk,23.3536514,85.3244753,2022-11-11,19:30:00,Friday,Clear,Highway,Low,Two-Wheeler,Minor,1
7639,4,Sujata Chowk,23.3536514,85.3244753,2023-12-06,17:18:00,Wednesday,Clear,Chowk/Intersection,Low,Car,Fatal,1
7645,4,Sujata Chowk,23.3536514,85.3244753,2022-12-01,18:14:00,Thursday,Clear,Highway,High,Auto-Rickshaw,Serious,2
7699,4,Sujata Chowk,23.3536514,85.3244753,2022-12-21,08:12:00,Wednesday,Clear,Highway,Low,Bus,Serious,1
7714,4,Sujata Chowk,23.3536514,85.3244753,2024-04-27,07:17:00,Saturday,Clear,Highway,High,Car,Minor,0
7728,4,Sujata Chowk,23.3536514,85.3244753,2021-08-11,20:29:00,Wednesday,Rainy,Main Road,High,Two-Wheeler,Serious,1
7756,4,Sujata Chowk,23.3536514,85.3244753,2023-07-07,18:30:00,Friday,Foggy,Main Road,Low,Two-Wheeler,Minor,1
7769,4,Sujata Chowk,23.3536514,85.3244753,2025-06-03,20:04:00,Tuesday,Clear,Chowk/Intersection,Low,Two-Wheeler,Minor,0
7776,4,Sujata Chowk,23.3536514,85.3244753,2023-10-08,10:32:00,Sunday,Clear,Chowk/Intersection,High,Two-Wheeler,Serious,2
7793,4,Sujata Chowk,23.3536514,85.3244753,2024-08-20,15:26:00,Tuesday,Clear,Residential Road,Medium,Two-Wheeler,Serious,1
7865,4,Sujata Chowk,23.3536514,85.3244753,2025-12-18,17:42:00,Thursday,Clear,Chowk/Intersection,Medium,Two-Wheeler,Minor,1
7972,4,Sujata Chowk,23.3536514,85.3244753,2021-09-06,18:22:00,Monday,Foggy,Chowk/Intersection,High,Two-Wheeler,Serious,1
120,5,Lalpur Chowk,23.3721513,85.3382929,2021-08-06,18:44:00,Friday,Rainy,Main Road,High,Car,Minor,1
219,5,Lalpur Chowk,23.3721513,85.3382929,2025-12-28,08:58:00,Sunday,Clear,Main Road,Medium,Bus,Serious,1
305,5,Lalpur Chowk,23.3721513,85.3382929,2021-03-11,17:57:00,Thursday,Clear,Highway,High,Two-Wheeler,Minor,0
319,5,Lalpur Chowk,23.3721513,85.3382929,2021-07-17,11:51:00,Saturday,Clear,Chowk/Intersection,High,Car,Minor,0
466,5,Lalpur Chowk,23.3721513,85.3382929,2022-07-01,11:28:00,Friday,Clear,Chowk/Intersection,High,Two-Wheeler,Minor,1
530,5,Lalpur Chowk,23.3721513,85.3382929,2025-10-26,07:48:00,Sunday,Rainy,Main Road,Medium,Bus,Serious,1
660,5,Lalpur Chowk,23.3721513,85.3382929,2021-02-22,06:11:00,Monday,Foggy,Chowk/Intersection,Low,Bus,Serious,1
806,5,Lalpur Chowk,23.3721513,85.3382929,2022-08-29,18:47:00,Monday,Clear,Residential Road,Medium,Two-Wheeler,Serious,1
838,5,Lalpur Chowk,23.3721513,85.3382929,2021-12-24,09:05:00,Friday,Clear,Highway,High,Car,Minor,1
869,5,Lalpur Chowk,23.3721513,85.3382929,2022-07-17,17:24:00,Sunday,Clear,Highway,High,Two-Wheeler,Fatal,1
879,5,Lalpur Chowk,23.3721513,85.3382929,2022-02-07,09:34:00,Monday,Clear,Main Road,Low,Auto-Rickshaw,Minor,1
948,5,Lalpur Chowk,23.3721513,85.3382929,2023-07-08,07:51:00,Saturday,Clear,Main Road,Medium,Two-Wheeler,Serious,1
977,5,Lalpur Chowk,23.3721513,85.3382929,2023-05-07,17:15:00,Sunday,Rainy,Highway,High,Two-Wheeler,Minor,0
990,5,Lalpur Chowk,23.3721513,85.3382929,2023-12-19,15:39:00,Tuesday,Clear,Residential Road,High,Auto-Rickshaw,Serious,1
1025,5,Lalpur Chowk,23.3721513,85.3382929,2024-02-06,19:06:00,Tuesday,Rainy,Residential Road,Low,Bus,Fatal,4
1029,5,Lalpur Chowk,23.3721513,85.3382929,2024-03-11,20:06:00,Monday,Clear,Main Road,Low,Auto-Rickshaw,Minor,0
1090,5,Lalpur Chowk,23.3721513,85.3382929,2023-08-19,10:27:00,Saturday,Clear,Main Road,Low,Car,Serious,1
1138,5,Lalpur Chowk,23.3721513,85.3382929,2022-03-11,08:23:00,Friday,Clear,Main Road,Low,Two-Wheeler,Minor,0
1172,5,Lalpur Chowk,23.3721513,85.3382929,2022-10-06,08:59:00,Thursday,Clear,Chowk/Intersection,High,Two-Wheeler,Minor,0
1219,5,Lalpur Chowk,23.3721513,85.3382929,2021-08-20,16:38:00,Friday,Clear,Main Road,Medium,Auto-Rickshaw,Minor,1
1236,5,Lalpur Chowk,23.3721513,85.3382929,2025-08-21,07:20:00,Thursday,Clear,Residential Road,Low,Two-Wheeler,Serious,1
1261,5,Lalpur Chowk,23.3721513,85.3382929,2022-05-20,20:38:00,Friday,Clear,Main Road,Medium,Two-Wheeler,Serious,3
1291,5,Lalpur Chowk,23.3721513,85.3382929,2021-12-07,19:03:00,Tuesday,Rainy,Main Road,Low,Two-Wheeler,Minor,0
1316,5,Lalpur Chowk,23.3721513,85.3382929,2023-10-25,10:37:00,Wednesday,Rainy,Chowk/Intersection,High,Bus,Serious,1
1356,5,Lalpur Chowk,23.3721513,85.3382929,2021-05-14,21:08:00,Friday,Clear,Highway,Medium,Car,Serious,2
1368,5,Lalpur Chowk,23.3721513,85.3382929,2024-05-01,18:36:00,Wednesday,Clear,Chowk/Intersection,Medium,Car,Serious,2
1385,5,Lalpur Chowk,23.3721513,85.3382929,2021-08-16,19:03:00,Monday,Clear,Chowk/Intersection,High,Bus,Serious,1
1389,5,Lalpur Chowk,23.3721513,85.3382929,2023-01-12,17:17:00,Thursday,Rainy,Chowk/Intersection,Medium,Two-Wheeler,Serious,2
1412,5,Lalpur Chowk,23.3721513,85.3382929,2024-01-31,10:25:00,Wednesday,Clear,Residential Road,High,Two-Wheeler,Minor,0
1503,5,Lalpur Chowk,23.3721513,85.3382929,2021-12-10,09:14:00,Friday,Clear,Residential Road,High,Bus,Serious,1
1555,5,Lalpur Chowk,23.3721513,85.3382929,2021-09-08,18:18:00,Wednesday,Rainy,Chowk/Intersection,Medium,Car,Minor,0
1585,5,Lalpur Chowk,23.3721513,85.3382929,2022-06-22,08:13:00,Wednesday,Stormy,Residential Road,High,Truck,Minor,0
1602,5,Lalpur Chowk,23.3721513,85.3382929,2021-11-03,10:12:00,Wednesday,Rainy,Main Road,Medium,Truck,Minor,1
1697,5,Lalpur Chowk,23.3721513,85.3382929,2025-01-23,07:18:00,Thursday,Clear,Highway,Low,Truck,Serious,1
1734,5,Lalpur Chowk,23.3721513,85.3382929,2021-12-17,09:56:00,Friday,Clear,Residential Road,Low,Car,Fatal,1
1741,5,Lalpur Chowk,23.3721513,85.3382929,2025-04-06,17:06:00,Sunday,Foggy,Main Road,Medium,Car,Serious,2
1749,5,Lalpur Chowk,23.3721513,85.3382929,2023-02-13,07:49:00,Monday,Clear,Chowk/Intersection,Medium,Car,Minor,0
1796,5,Lalpur Chowk,23.3721513,85.3382929,2023-03-20,08:47:00,Monday,Clear,Chowk/Intersection,High,Two-Wheeler,Serious,1
1866,5,Lalpur Chowk,23.3721513,85.3382929,2023-10-04,19:47:00,Wednesday,Clear,Chowk/Intersection,High,Two-Wheeler,Minor,1
1892,5,Lalpur Chowk,23.3721513,85.3382929,2025-01-21,18:58:00,Tuesday,Stormy,Chowk/Intersection,Low,Auto-Rickshaw,Minor,1
1913,5,Lalpur Chowk,23.3721513,85.3382929,2025-11-05,20:11:00,Wednesday,Clear,Highway,Medium,Auto-Rickshaw,Minor,0
2001,5,Lalpur Chowk,23.3721513,85.3382929,2024-02-10,19:18:00,Saturday,Clear,Highway,Low,Auto-Rickshaw,Serious,1
2018,5,Lalpur Chowk,23.3721513,85.3382929,2022-05-30,17:09:00,Monday,Clear,Residential Road,Low,Auto-Rickshaw,Minor,1
2078,5,Lalpur Chowk,23.3721513,85.3382929,2025-04-12,09:59:00,Saturday,Foggy,Residential Road,Low,Two-Wheeler,Minor,0
2083,5,Lalpur Chowk,23.3721513,85.3382929,2021-11-20,09:45:00,Saturday,Clear,Highway,High,Two-Wheeler,Minor,1
2134,5,Lalpur Chowk,23.3721513,85.3382929,2024-06-28,17:35:00,Friday,Clear,Residential Road,High,Car,Minor,1
2189,5,Lalpur Chowk,23.3721513,85.3382929,2023-03-27,15:10:00,Monday,Clear,Residential Road,High,Two-Wheeler,Minor,0
2216,5,Lalpur Chowk,23.3721513,85.3382929,2021-03-02,09:53:00,Tuesday,Clear,Main Road,Low,Car,Minor,0
2246,5,Lalpur Chowk,23.3721513,85.3382929,2023-04-01,08:06:00,Saturday,Clear,Main Road,Medium,Two-Wheeler,Minor,1
2349,5,Lalpur Chowk,23.3721513,85.3382929,2021-05-13,09:27:00,Thursday,Clear,Main Road,Medium,Truck,Fatal,2
2413,5,Lalpur Chowk,23.3721513,85.3382929,2023-11-11,09:24:00,Saturday,Clear,Chowk/Intersection,Medium,Two-Wheeler,Minor,0
2422,5,Lalpur Chowk,23.3721513,85.3382929,2021-03-04,08:37:00,Thursday,Rainy,Residential Road,Medium,Car,Minor,0
2428,5,Lalpur Chowk,23.3721513,85.3382929,2025-05-13,18:56:00,Tuesday,Stormy,Chowk/Intersection,High,Two-Wheeler,Serious,2
2476,5,Lalpur Chowk,23.3721513,85.3382929,2023-08-18,08:50:00,Friday,Clear,Main Road,Medium,Two-Wheeler,Minor,0
2581,5,Lalpur Chowk,23.3721513,85.3382929,2025-10-01,10:22:00,Wednesday,Clear,Residential Road,High,Bus,Fatal,1
2586,5,Lalpur Chowk,23.3721513,85.3382929,2023-04-11,17:27:00,Tuesday,Foggy,Main Road,Medium,Car,Minor,0
2593,5,Lalpur Chowk,23.3721513,85.3382929,2022-08-20,19:15:00,Saturday,Clear,Highway,Low,Two-Wheeler,Minor,0
2604,5,Lalpur Chowk,23.3721513,85.3382929,2021-03-15,08:10:00,Monday,Stormy,Main Road,Medium,Car,Serious,2
2711,5,Lalpur Chowk,23.3721513,85.3382929,2022-03-31,19:44:00,Thursday,Foggy,Chowk/Intersection,High,Two-Wheeler,Minor,1
2825,5,Lalpur Chowk,23.3721513,85.3382929,2025-03-05,20:48:00,Wednesday,Rainy,Highway,High,Two-Wheeler,Fatal,1
2866,5,Lalpur Chowk,23.3721513,85.3382929,2021-12-04,15:57:00,Saturday,Rainy,Chowk/Intersection,Medium,Two-Wheeler,Minor,1
2945,5,Lalpur Chowk,23.3721513,85.3382929,2022-09-09,17:34:00,Friday,Clear,Highway,Medium,Two-Wheeler,Serious,2
2975,5,Lalpur Chowk,23.3721513,85.3382929,2025-11-08,19:54:00,Saturday,Clear,Chowk/Intersection,Low,Two-Wheeler,Serious,1
3037,5,Lalpur Chowk,23.3721513,85.3382929,2025-10-28,07:57:00,Tuesday,Clear,Main Road,Medium,Bus,Minor,0
3116,5,Lalpur Chowk,23.3721513,85.3382929,2023-06-03,10:34:00,Saturday,Rainy,Highway,Low,Two-Wheeler,Serious,1
3132,5,Lalpur Chowk,23.3721513,85.3382929,2025-06-11,08:57:00,Wednesday,Clear,Main Road,High,Car,Serious,1
3243,5,Lalpur Chowk,23.3721513,85.3382929,2023-11-19,09:29:00,Sunday,Rainy,Main Road,Low,Car,Minor,0
3301,5,Lalpur Chowk,23.3721513,85.3382929,2024-12-02,17:26:00,Monday,Clear,Chowk/Intersection,High,Two-Wheeler,Fatal,1
3380,5,Lalpur Chowk,23.3721513,85.3382929,2021-09-15,20:14:00,Wednesday,Rainy,Highway,Low,Car,Serious,2
3388,5,Lalpur Chowk,23.3721513,85.3382929,2023-10-20,17:13:00,Friday,Clear,Chowk/Intersection,High,Truck,Fatal,1
3412,5,Lalpur Chowk,23.3721513,85.3382929,2022-05-29,08:51:00,Sunday,Rainy,Highway,High,Two-Wheeler,Serious,3
3547,5,Lalpur Chowk,23.3721513,85.3382929,2021-10-27,19:29:00,Wednesday,Clear,Residential Road,Medium,Car,Minor,0
3626,5,Lalpur Chowk,23.3721513,85.3382929,2022-04-09,19:50:00,Saturday,Foggy,Highway,Medium,Two-Wheeler,Serious,1
3684,5,Lalpur Chowk,23.3721513,85.3382929,2024-12-12,21:19:00,Thursday,Stormy,Highway,High,Car,Minor,0
3685,5,Lalpur Chowk,23.3721513,85.3382929,2021-07-03,07:57:00,Saturday,Clear,Main Road,High,Two-Wheeler,Minor,1
3754,5,Lalpur Chowk,23.3721513,85.3382929,2024-09-16,18:21:00,Monday,Clear,Residential Road,Low,Truck,Minor,1
3787,5,Lalpur Chowk,23.3721513,85.3382929,2024-02-21,19:13:00,Wednesday,Clear,Main Road,High,Car,Fatal,1
3792,5,Lalpur Chowk,23.3721513,85.3382929,2025-04-16,09:31:00,Wednesday,Clear,Main Road,Low,Car,Minor,1
3862,5,Lalpur Chowk,23.3721513,85.3382929,2024-08-31,09:03:00,Saturday,Stormy,Residential Road,Medium,Two-Wheeler,Minor,1
3937,5,Lalpur Chowk,23.3721513,85.3382929,2024-05-10,18:31:00,Friday,Clear,Residential Road,High,Auto-Rickshaw,Minor,1
3994,5,Lalpur Chowk,23.3721513,85.3382929,2023-07-11,16:58:00,Tuesday,Clear,Main Road,Medium,Car,Minor,0
4039,5,Lalpur Chowk,23.3721513,85.3382929,2025-09-22,17:16:00,Monday,Clear,Main Road,Low,Truck,Minor,0
4074,5,Lalpur Chowk,23.3721513,85.3382929,2021-05-18,09:00:00,Tuesday,Rainy,Chowk/Intersection,Medium,Truck,Serious,1
4235,5,Lalpur Chowk,23.3721513,85.3382929,2021-12-06,17:57:00,Monday,Clear,Highway,Medium,Car,Fatal,1
4237,5,Lalpur Chowk,23.3721513,85.3382929,2023-08-18,20:47:00,Friday,Rainy,Main Road,High,Two-Wheeler,Minor,0
4278,5,Lalpur Chowk,23.3721513,85.3382929,2022-06-28,16:16:00,Tuesday,Clear,Chowk/Intersection,Medium,Two-Wheeler,Minor,0
4316,5,Lalpur Chowk,23.3721513,85.3382929,2021-11-19,18:41:00,Friday,Rainy,Chowk/Intersection,High,Truck,Fatal,2
4401,5,Lalpur Chowk,23.3721513,85.3382929,2021-04-22,09:32:00,Thursday,Clear,Main Road,High,Two-Wheeler,Minor,0
4494,5,Lalpur Chowk,23.3721513,85.3382929,2023-02-08,07:48:00,Wednesday,Clear,Residential Road,Medium,Two-Wheeler,Minor,1
4609,5,Lalpur Chowk,23.3721513,85.3382929,2024-04-28,17:00:00,Sunday,Rainy,Chowk/Intersection,High,Two-Wheeler,Serious,1
4612,5,Lalpur Chowk,23.3721513,85.3382929,2024-12-25,09:41:00,Wednesday,Rainy,Main Road,Medium,Auto-Rickshaw,Minor,1
4649,5,Lalpur Chowk,23.3721513,85.3382929,2021-08-07,16:33:00,Saturday,Clear,Main Road,Low,Truck,Serious,1
4694,5,Lalpur Chowk,23.3721513,85.3382929,2023-08-05,16:51:00,Saturday,Clear,Highway,High,Auto-Rickshaw,Fatal,1
4719,5,Lalpur Chowk,23.3721513,85.3382929,2023-05-25,10:53:00,Thursday,Clear,Main Road,Medium,Two-Wheeler,Minor,0
4771,5,Lalpur Chowk,23.3721513,85.3382929,2022-01-02,08:52:00,Sunday,Clear,Highway,Medium,Car,Minor,0
4781,5,Lalpur Chowk,23.3721513,85.3382929,2022-11-12,09:22:00,Saturday,Foggy,Highway,Medium,Car,Serious,1
4787,5,Lalpur Chowk,23.3721513,85.3382929,2021-03-13,10:13:00,Saturday,Foggy,Main Road,Medium,Two-Wheeler,Minor,1
4797,5,Lalpur Chowk,23.3721513,85.3382929,2022-09-25,11:23:00,Sunday,Clear,Chowk/Intersection,Medium,Car,Minor,0
4835,5,Lalpur Chowk,23.3721513,85.3382929,2024-11-27,08:57:00,Wednesday,Clear,Main Road,High,Auto-Rickshaw,Minor,0
4885,5,Lalpur Chowk,23.3721513,85.3382929,2021-03-04,10:04:00,Thursday,Foggy,Highway,High,Bus,Minor,1
4921,5,Lalpur Chowk,23.3721513,85.3382929,2021-01-25,16:11:00,Monday,Clear,Chowk/Intersection,High,Two-Wheeler,Serious,3
4952,5,Lalpur Chowk,23.3721513,85.3382929,2022-01-25,08:03:00,Tuesday,Clear,Chowk/Intersection,Low,Car,Minor,0
5093,5,Lalpur Chowk,23.3721513,85.3382929,2021-04-07,17:25:00,Wednesday,Clear,Highway,Low,Two-Wheeler,Fatal,2
5122,5,Lalpur Chowk,23.3721513,85.3382929,2025-09-11,15:02:00,Thursday,Clear,Main Road,Medium,Bus,Minor,0
5130,5,Lalpur Chowk,23.3721513,85.3382929,2024-08-30,18:06:00,Friday,Clear,Main Road,Medium,Bus,Serious,2
5230,5,Lalpur Chowk,23.3721513,85.3382929,2021-10-19,07:01:00,Tuesday,Rainy,Highway,Low,Car,Fatal,1
5231,5,Lalpur Chowk,23.3721513,85.3382929,2022-09-23,16:49:00,Friday,Foggy,Main Road,High,Car,Fatal,4
5272,5,Lalpur Chowk,23.3721513,85.3382929,2025-02-07,15:04:00,Friday,Clear,Chowk/Intersection,High,Two-Wheeler,Minor,1
5309,5,Lalpur Chowk,23.3721513,85.3382929,2025-01-22,09:01:00,Wednesday,Clear,Main Road,Medium,Auto-Rickshaw,Minor,1
5360,5,Lalpur Chowk,23.3721513,85.3382929,2024-07-30,17:21:00,Tuesday,Rainy,Main Road,Medium,Two-Wheeler,Serious,2
5370,5,Lalpur Chowk,23.3721513,85.3382929,2023-09-24,21:02:00,Sunday,Clear,Main Road,High,Auto-Rickshaw,Minor,1
5372,5,Lalpur Chowk,23.3721513,85.3382929,2021-07-12,17:41:00,Monday,Clear,Chowk/Intersection,Medium,Car,Minor,0
5394,5,Lalpur Chowk,23.3721513,85.3382929,2024-02-11,10:22:00,Sunday,Rainy,Chowk/Intersection,Medium,Truck,Minor,1
5473,5,Lalpur Chowk,23.3721513,85.3382929,2023-01-06,20:04:00,Friday,Clear,Residential Road,Medium,Two-Wheeler,Minor,0
5485,5,Lalpur Chowk,23.3721513,85.3382929,2025-10-17,15:52:00,Friday,Clear,Highway,High,Car,Serious,2
5530,5,Lalpur Chowk,23.3721513,85.3382929,2024-06-14,07:09:00,Friday,Clear,Chowk/Intersection,Medium,Two-Wheeler,Minor,0
5552,5,Lalpur Chowk,23.3721513,85.3382929,2021-01-31,16:21:00,Sunday,Clear,Highway,High,Two-Wheeler,Fatal,1
5556,5,Lalpur Chowk,23.3721513,85.3382929,2025-06-20,07:59:00,Friday,Rainy,Main Road,High,Auto-Rickshaw,Serious,2
5583,5,Lalpur Chowk,23.3721513,85.3382929,2023-07-18,17:56:00,Tuesday,Clear,Main Road,Low,Two-Wheeler,Minor,1
5590,5,Lalpur Chowk,23.3721513,85.3382929,2024-06-19,19:37:00,Wednesday,Clear,Highway,High,Car,Minor,1
5675,5,Lalpur Chowk,23.3721513,85.3382929,2023-09-18,09:16:00,Monday,Clear,Chowk/Intersection,High,Two-Wheeler,Minor,1
5679,5,Lalpur Chowk,23.3721513,85.3382929,2025-04-11,17:20:00,Friday,Rainy,Main Road,High,Car,Serious,2
5687,5,Lalpur Chowk,23.3721513,85.3382929,2022-08-15,06:15:00,Monday,Stormy,Residential Road,High,Car,Serious,2
5714,5,Lalpur Chowk,23.3721513,85.3382929,2023-01-29,07:54:00,Sunday,Clear,Main Road,High,Truck,Minor,1
5859,5,Lalpur Chowk,23.3721513,85.3382929,2024-05-12,06:14:00,Sunday,Clear,Highway,High,Bus,Serious,3
5877,5,Lalpur Chowk,23.3721513,85.3382929,2025-08-03,09:44:00,Sunday,Clear,Main Road,High,Auto-Rickshaw,Serious,1
5890,5,Lalpur Chowk,23.3721513,85.3382929,2023-05-27,09:55:00,Saturday,Clear,Chowk/Intersection,High,Two-Wheeler,Serious,3
5897,5,Lalpur Chowk,23.3721513,85.3382929,2025-03-05,09:12:00,Wednesday,Clear,Chowk/Intersection,Medium,Bus,Minor,0
5922,5,Lalpur Chowk,23.3721513,85.3382929,2021-06-25,07:33:00,Friday,Clear,Highway,Medium,Car,Serious,2
5940,5,Lalpur Chowk,23.3721513,85.3382929,2022-08-22,16:42:00,Monday,Rainy,Main Road,High,Auto-Rickshaw,Serious,1
5957,5,Lalpur Chowk,23.3721513,85.3382929,2022-11-01,20:44:00,Tuesday,Clear,Chowk/Intersection,Low,Auto-Rickshaw,Serious,1
6029,5,Lalpur Chowk,23.3721513,85.3382929,2025-12-03,06:31:00,Wednesday,Clear,Chowk/Intersection,Medium,Car,Minor,0
6057,5,Lalpur Chowk,23.3721513,85.3382929,2023-03-10,17:39:00,Friday,Clear,Chowk/Intersection,Medium,Two-Wheeler,Minor,1
6146,5,Lalpur Chowk,23.3721513,85.3382929,2023-07-04,20:54:00,Tuesday,Clear,Chowk/Intersection,Medium,Car,Minor,0
6185,5,Lalpur Chowk,23.3721513,85.3382929,2025-04-28,17:42:00,Monday,Clear,Residential Road,Medium,Two-Wheeler,Serious,1
6322,5,Lalpur Chowk,23.3721513,85.3382929,2021-10-21,20:34:00,Thursday,Clear,Chowk/Intersection,High,Car,Minor,0
6323,5,Lalpur Chowk,23.3721513,85.3382929,2023-11-04,19:06:00,Saturday,Clear,Main Road,High,Truck,Minor,1
6347,5,Lalpur Chowk,23.3721513,85.3382929,2025-02-28,16:43:00,Friday,Rainy,Chowk/Intersection,Medium,Two-Wheeler,Serious,2
6367,5,Lalpur Chowk,23.3721513,85.3382929,2024-12-23,17:49:00,Monday,Foggy,Highway,Medium,Two-Wheeler,Minor,1
6386,5,Lalpur Chowk,23.3721513,85.3382929,2022-10-10,09:10:00,Monday,Foggy,Highway,Low,Auto-Rickshaw,Fatal,3
6522,5,Lalpur Chowk,23.3721513,85.3382929,2022-09-09,18:13:00,Friday,Clear,Main Road,Medium,Two-Wheeler,Minor,1
6565,5,Lalpur Chowk,23.3721513,85.3382929,2023-11-17,09:28:00,Friday,Foggy,Chowk/Intersection,Medium,Car,Serious,1
6583,5,Lalpur Chowk,23.3721513,85.3382929,2024-03-31,17:37:00,Sunday,Clear,Residential Road,High,Truck,Fatal,2
6588,5,Lalpur Chowk,23.3721513,85.3382929,2023-09-26,10:58:00,Tuesday,Clear,Main Road,Medium,Two-Wheeler,Serious,1
6628,5,Lalpur Chowk,23.3721513,85.3382929,2025-10-20,19:00:00,Monday,Stormy,Main Road,Low,Truck,Minor,0
6688,5,Lalpur Chowk,23.3721513,85.3382929,2023-12-03,08:23:00,Sunday,Clear,Residential Road,Medium,Car,Serious,1
6696,5,Lalpur Chowk,23.3721513,85.3382929,2022-08-12,20:13:00,Friday,Clear,Highway,High,Auto-Rickshaw,Serious,3
6770,5,Lalpur Chowk,23.3721513,85.3382929,2023-04-27,15:10:00,Thursday,Clear,Main Road,Low,Bus,Minor,0
6860,5,Lalpur Chowk,23.3721513,85.3382929,2021-01-15,09:12:00,Friday,Foggy,Main Road,High,Auto-Rickshaw,Serious,1
6888,5,Lalpur Chowk,23.3721513,85.3382929,2025-10-10,19:49:00,Friday,Clear,Main Road,High,Two-Wheeler,Minor,0
6902,5,Lalpur Chowk,23.3721513,85.3382929,2025-12-18,10:06:00,Thursday,Clear,Chowk/Intersection,Medium,Two-Wheeler,Minor,0
6914,5,Lalpur Chowk,23.3721513,85.3382929,2023-04-20,19:50:00,Thursday,Clear,Highway,High,Auto-Rickshaw,Fatal,1
7026,5,Lalpur Chowk,23.3721513,85.3382929,2022-02-27,20:21:00,Sunday,Clear,Main Road,Medium,Two-Wheeler,Serious,1
7044,5,Lalpur Chowk,23.3721513,85.3382929,2025-05-11,17:52:00,Sunday,Clear,Main Road,Low,Car,Minor,0
7050,5,Lalpur Chowk,23.3721513,85.3382929,2024-06-02,18:20:00,Sunday,Clear,Highway,Medium,Two-Wheeler,Minor,1
7125,5,Lalpur Chowk,23.3721513,85.3382929,2022-02-22,07:14:00,Tuesday,Stormy,Highway,High,Car,Minor,0
7196,5,Lalpur Chowk,23.3721513,85.3382929,2024-04-06,16:24:00,Saturday,Clear,Chowk/Intersection,Medium,Two-Wheeler,Serious,3
7388,5,Lalpur Chowk,23.3721513,85.3382929,2022-07-11,18:47:00,Monday,Clear,Main Road,Medium,Two-Wheeler,Minor,0
7467,5,Lalpur Chowk,23.3721513,85.3382929,2023-07-04,09:29:00,Tuesday,Foggy,Residential Road,Medium,Two-Wheeler,Minor,0
7569,5,Lalpur Chowk,23.3721513,85.3382929,2021-04-12,16:22:00,Monday,Clear,Main Road,High,Car,Minor,0
7604,5,Lalpur Chowk,23.3721513,85.3382929,2023-08-30,18:45:00,Wednesday,Clear,Chowk/Intersection,Medium,Bus,Fatal,2
7657,5,Lalpur Chowk,23.3721513,85.3382929,2021-05-14,06:11:00,Friday,Rainy,Residential Road,Medium,Two-Wheeler,Minor,1
7723,5,Lalpur Chowk,23.3721513,85.3382929,2025-05-29,09:50:00,Thursday,Clear,Residential Road,High,Two-Wheeler,Minor,0
7735,5,Lalpur Chowk,23.3721513,85.3382929,2025-12-23,17:36:00,Tuesday,Stormy,Main Road,Medium,Car,Minor,0
7829,5,Lalpur Chowk,23.3721513,85.3382929,2023-06-10,21:27:00,Saturday,Clear,Main Road,Medium,Two-Wheeler,Serious,2
7863,5,Lalpur Chowk,23.3721513,85.3382929,2025-06-10,12:01:00,Tuesday,Clear,Highway,High,Two-Wheeler,Minor,0
7898,5,Lalpur Chowk,23.3721513,85.3382929,2023-10-20,09:49:00,Friday,Clear,Highway,Medium,Car,Fatal,1
7906,5,Lalpur Chowk,23.3721513,85.3382929,2021-12-25,16:11:00,Saturday,Clear,Main Road,Medium,Two-Wheeler,Serious,1
7908,5,Lalpur Chowk,23.3721513,85.3382929,2021-09-16,20:02:00,Thursday,Clear,Main Road,Medium,Two-Wheeler,Serious,2
7976,5,Lalpur Chowk,23.3721513,85.3382929,2025-09-07,18:50:00,Sunday,Clear,Residential Road,Medium,Auto-Rickshaw,Minor,0
24,6,Booty More,23.3954226,85.3843646,2021-05-07,19:12:00,Friday,Stormy,Highway,Medium,Two-Wheeler,Minor,1
57,6,Booty More,23.3954226,85.3843646,2024-11-23,09:13:00,Saturday,Rainy,Chowk/Intersection,High,Car,Fatal,3
59,6,Booty More,23.3954226,85.3843646,2021-11-11,08:50:00,Thursday,Clear,Main Road,Medium,Two-Wheeler,Minor,0
204,6,Booty More,23.3954226,85.3843646,2025-02-26,09:23:00,Wednesday,Clear,Highway,Medium,Car,Minor,0
229,6,Booty More,23.3954226,85.3843646,2025-08-06,11:10:00,Wednesday,Stormy,Residential Road,Medium,Two-Wheeler,Fatal,3
264,6,Booty More,23.3954226,85.3843646,2021-07-13,10:58:00,Tuesday,Clear,Highway,Medium,Bus,Serious,1
406,6,Booty More,23.3954226,85.3843646,2023-09-13,10:14:00,Wednesday,Foggy,Chowk/Intersection,High,Two-Wheeler,Fatal,1
498,6,Booty More,23.3954226,85.3843646,2023-03-27,18:53:00,Monday,Rainy,Chowk/Intersection,Medium,Auto-Rickshaw,Minor,0
537,6,Booty More,23.3954226,85.3843646,2022-10-23,08:04:00,Sunday,Clear,Residential Road,Medium,Two-Wheeler,Fatal,2
682,6,Booty More,23.3954226,85.3843646,2023-10-16,19:04:00,Monday,Clear,Residential Road,Medium,Car,Minor,0
683,6,Booty More,23.3954226,85.3843646,2021-04-28,20:30:00,Wednesday,Clear,Residential Road,High,Two-Wheeler,Minor,1
705,6,Booty More,23.3954226,85.3843646,2024-09-20,20:58:00,Friday,Clear,Main Road,Medium,Two-Wheeler,Minor,1
773,6,Booty More,23.3954226,85.3843646,2021-04-26,19:12:00,Monday,Foggy,Residential Road,Low,Auto-Rickshaw,Serious,2
873,6,Booty More,23.3954226,85.3843646,2022-09-12,10:21:00,Monday,Clear,Residential Road,Medium,Auto-Rickshaw,Serious,1
887,6,Booty More,23.3954226,85.3843646,2023-06-04,09:20:00,Sunday,Clear,Highway,High,Truck,Serious,2
1039,6,Booty More,23.3954226,85.3843646,2024-08-20,16:55:00,Tuesday,Stormy,Main Road,Medium,Car,Fatal,1
1151,6,Booty More,23.3954226,85.3843646,2024-10-04,19:58:00,Friday,Clear,Main Road,High,Two-Wheeler,Minor,0
1209,6,Booty More,23.3954226,85.3843646,2022-12-24,20:39:00,Saturday,Clear,Chowk/Intersection,Medium,Two-Wheeler,Serious,1
1268,6,Booty More,23.3954226,85.3843646,2025-09-12,19:50:00,Friday,Rainy,Residential Road,Low,Two-Wheeler,Serious,1
1273,6,Booty More,23.3954226,85.3843646,2025-02-14,18:03:00,Friday,Clear,Main Road,Low,Two-Wheeler,Minor,0
1328,6,Booty More,23.3954226,85.3843646,2021-02-15,16:34:00,Monday,Clear,Main Road,Medium,Car,Fatal,3
1332,6,Booty More,23.3954226,85.3843646,2024-01-10,07:51:00,Wednesday,Clear,Chowk/Intersection,Medium,Two-Wheeler,Serious,1
1586,6,Booty More,23.3954226,85.3843646,2021-10-18,15:58:00,Monday,Clear,Highway,Low,Car,Minor,0
1600,6,Booty More,23.3954226,85.3843646,2021-05-04,09:00:00,Tuesday,Clear,Highway,Low,Truck,Minor,0
1649,6,Booty More,23.3954226,85.3843646,2021-11-10,20:14:00,Wednesday,Clear,Chowk/Intersection,Medium,Car,Minor,0
1705,6,Booty More,23.3954226,85.3843646,2024-01-20,06:55:00,Saturday,Clear,Chowk/Intersection,Low,Auto-Rickshaw,Minor,0
1730,6,Booty More,23.3954226,85.3843646,2023-11-09,08:38:00,Thursday,Rainy,Highway,Low,Car,Fatal,1
1755,6,Booty More,23.3954226,85.3843646,2022-11-14,16:13:00,Monday,Rainy,Chowk/Intersection,High,Car,Serious,1
1850,6,Booty More,23.3954226,85.3843646,2021-06-18,08:46:00,Friday,Rainy,Residential Road,Low,Two-Wheeler,Minor,1
2095,6,Booty More,23.3954226,85.3843646,2021-04-09,10:32:00,Friday,Clear,Main Road,Medium,Bus,Serious,1
2097,6,Booty More,23.3954226,85.3843646,2021-12-23,17:49:00,Thursday,Clear,Chowk/Intersection,Medium,Auto-Rickshaw,Minor,0
2155,6,Booty More,23.3954226,85.3843646,2025-08-25,20:45:00,Monday,Foggy,Chowk/Intersection,Low,Two-Wheeler,Minor,1
2182,6,Booty More,23.3954226,85.3843646,2025-04-21,20:48:00,Monday,Clear,Main Road,Medium,Two-Wheeler,Serious,1
2244,6,Booty More,23.3954226,85.3843646,2024-01-15,08:00:00,Monday,Foggy,Residential Road,Medium,Two-Wheeler,Minor,1
2364,6,Booty More,23.3954226,85.3843646,2025-09-01,19:43:00,Monday,Clear,Chowk/Intersection,Medium,Car,Minor,0
2368,6,Booty More,23.3954226,85.3843646,2022-05-12,07:36:00,Thursday,Clear,Main Road,Low,Car,Minor,1
2443,6,Booty More,23.3954226,85.3843646,2023-11-11,17:59:00,Saturday,Clear,Main Road,Low,Two-Wheeler,Serious,1
2475,6,Booty More,23.3954226,85.3843646,2025-01-28,15:13:00,Tuesday,Clear,Chowk/Intersection,High,Car,Fatal,2
2550,6,Booty More,23.3954226,85.3843646,2023-08-20,09:39:00,Sunday,Rainy,Highway,High,Truck,Serious,2
2557,6,Booty More,23.3954226,85.3843646,2021-02-13,08:18:00,Saturday,Clear,Main Road,Low,Two-Wheeler,Fatal,1
2677,6,Booty More,23.3954226,85.3843646,2023-01-18,16:01:00,Wednesday,Rainy,Highway,High,Two-Wheeler,Serious,2
2682,6,Booty More,23.3954226,85.3843646,2025-03-27,16:32:00,Thursday,Clear,Main Road,Medium,Car,Minor,1
2794,6,Booty More,23.3954226,85.3843646,2023-12-12,23:51:00,Tuesday,Rainy,Chowk/Intersection,Medium,Two-Wheeler,Minor,0
2795,6,Booty More,23.3954226,85.3843646,2022-01-05,18:55:00,Wednesday,Foggy,Highway,Medium,Two-Wheeler,Serious,1
2804,6,Booty More,23.3954226,85.3843646,2021-02-02,16:45:00,Tuesday,Clear,Chowk/Intersection,High,Car,Serious,2
2847,6,Booty More,23.3954226,85.3843646,2025-07-09,11:18:00,Wednesday,Clear,Main Road,High,Two-Wheeler,Minor,0
2853,6,Booty More,23.3954226,85.3843646,2022-12-13,08:58:00,Tuesday,Clear,Residential Road,Low,Two-Wheeler,Minor,1
2946,6,Booty More,23.3954226,85.3843646,2023-02-22,17:10:00,Wednesday,Clear,Chowk/Intersection,High,Two-Wheeler,Serious,1
2951,6,Booty More,23.3954226,85.3843646,2024-09-01,11:53:00,Sunday,Clear,Chowk/Intersection,High,Car,Minor,0
2979,6,Booty More,23.3954226,85.3843646,2023-10-21,18:16:00,Saturday,Clear,Residential Road,High,Two-Wheeler,Fatal,1
3004,6,Booty More,23.3954226,85.3843646,2022-10-26,08:28:00,Wednesday,Stormy,Main Road,High,Two-Wheeler,Minor,0
3011,6,Booty More,23.3954226,85.3843646,2022-09-27,18:51:00,Tuesday,Clear,Main Road,Low,Bus,Minor,0
3022,6,Booty More,23.3954226,85.3843646,2024-12-19,17:27:00,Thursday,Clear,Chowk/Intersection,Medium,Two-Wheeler,Minor,0
3024,6,Booty More,23.3954226,85.3843646,2023-10-22,18:39:00,Sunday,Clear,Main Road,Medium,Auto-Rickshaw,Serious,1
3045,6,Booty More,23.3954226,85.3843646,2025-01-10,17:59:00,Friday,Stormy,Highway,High,Car,Minor,1
3090,6,Booty More,23.3954226,85.3843646,2022-08-18,11:40:00,Thursday,Clear,Chowk/Intersection,Medium,Two-Wheeler,Minor,0
3165,6,Booty More,23.3954226,85.3843646,2023-04-01,08:37:00,Saturday,Clear,Main Road,Low,Truck,Serious,2
3191,6,Booty More,23.3954226,85.3843646,2021-02-20,08:31:00,Saturday,Rainy,Main Road,Medium,Two-Wheeler,Minor,0
3197,6,Booty More,23.3954226,85.3843646,2024-09-09,18:36:00,Monday,Clear,Residential Road,Low,Car,Serious,1
3317,6,Booty More,23.3954226,85.3843646,2023-08-19,08:06:00,Saturday,Rainy,Main Road,Low,Two-Wheeler,Minor,0
3342,6,Booty More,23.3954226,85.3843646,2024-01-28,17:45:00,Sunday,Stormy,Main Road,High,Auto-Rickshaw,Minor,0
3363,6,Booty More,23.3954226,85.3843646,2022-09-04,11:55:00,Sunday,Clear,Main Road,Medium,Two-Wheeler,Serious,3
3434,6,Booty More,23.3954226,85.3843646,2021-07-10,16:54:00,Saturday,Stormy,Highway,Low,Auto-Rickshaw,Serious,3
3454,6,Booty More,23.3954226,85.3843646,2021-06-12,09:11:00,Saturday,Rainy,Main Road,High,Auto-Rickshaw,Serious,1
3494,6,Booty More,23.3954226,85.3843646,2024-12-25,10:31:00,Wednesday,Rainy,Residential Road,High,Car,Minor,0
3546,6,Booty More,23.3954226,85.3843646,2021-04-30,20:13:00,Friday,Clear,Chowk/Intersection,High,Two-Wheeler,Serious,3
3630,6,Booty More,23.3954226,85.3843646,2023-12-24,10:05:00,Sunday,Clear,Chowk/Intersection,Medium,Car,Serious,3
3674,6,Booty More,23.3954226,85.3843646,2021-08-02,10:54:00,Monday,Foggy,Main Road,Medium,Car,Fatal,2
3737,6,Booty More,23.3954226,85.3843646,2022-03-18,07:11:00,Friday,Clear,Residential Road,Medium,Two-Wheeler,Fatal,1
3813,6,Booty More,23.3954226,85.3843646,2021-02-14,19:26:00,Sunday,Clear,Main Road,Low,Bus,Minor,1
3893,6,Booty More,23.3954226,85.3843646,2025-06-08,08:00:00,Sunday,Clear,Highway,Medium,Two-Wheeler,Minor,0
3922,6,Booty More,23.3954226,85.3843646,2023-12-03,08:23:00,Sunday,Clear,Main Road,High,Two-Wheeler,Serious,3
3938,6,Booty More,23.3954226,85.3843646,2021-10-09,09:11:00,Saturday,Clear,Main Road,Low,Auto-Rickshaw,Minor,0
3952,6,Booty More,23.3954226,85.3843646,2021-12-17,09:23:00,Friday,Clear,Main Road,Low,Auto-Rickshaw,Serious,1
3957,6,Booty More,23.3954226,85.3843646,2021-03-04,09:31:00,Thursday,Foggy,Chowk/Intersection,High,Two-Wheeler,Minor,0
3975,6,Booty More,23.3954226,85.3843646,2022-08-22,09:07:00,Monday,Clear,Chowk/Intersection,High,Car,Fatal,1
4063,6,Booty More,23.3954226,85.3843646,2021-03-04,20:36:00,Thursday,Clear,Residential Road,Medium,Auto-Rickshaw,Minor,0
4070,6,Booty More,23.3954226,85.3843646,2024-08-10,16:36:00,Saturday,Clear,Main Road,Low,Two-Wheeler,Serious,1
4099,6,Booty More,23.3954226,85.3843646,2022-03-12,10:38:00,Saturday,Stormy,Chowk/Intersection,Low,Bus,Serious,2
4103,6,Booty More,23.3954226,85.3843646,2023-10-18,17:27:00,Wednesday,Clear,Chowk/Intersection,High,Two-Wheeler,Minor,0
4176,6,Booty More,23.3954226,85.3843646,2021-08-06,08:58:00,Friday,Clear,Chowk/Intersection,Medium,Two-Wheeler,Minor,0
4279,6,Booty More,23.3954226,85.3843646,2025-04-17,17:40:00,Thursday,Rainy,Main Road,Low,Car,Minor,0
4286,6,Booty More,23.3954226,85.3843646,2024-03-10,11:43:00,Sunday,Clear,Residential Road,High,Auto-Rickshaw,Fatal,1
4306,6,Booty More,23.3954226,85.3843646,2024-03-23,11:52:00,Saturday,Clear,Main Road,High,Two-Wheeler,Serious,1
4369,6,Booty More,23.3954226,85.3843646,2023-01-05,18:07:00,Thursday,Clear,Highway,Medium,Two-Wheeler,Minor,0
4448,6,Booty More,23.3954226,85.3843646,2024-02-03,08:14:00,Saturday,Foggy,Chowk/Intersection,Low,Car,Serious,3
4459,6,Booty More,23.3954226,85.3843646,2024-05-21,17:03:00,Tuesday,Rainy,Highway,Medium,Two-Wheeler,Serious,2
4569,6,Booty More,23.3954226,85.3843646,2024-12-06,09:37:00,Friday,Clear,Highway,Medium,Car,Minor,0
4573,6,Booty More,23.3954226,85.3843646,2024-10-28,08:31:00,Monday,Clear,Main Road,High,Two-Wheeler,Minor,0
4623,6,Booty More,23.3954226,85.3843646,2023-03-23,09:06:00,Thursday,Clear,Main Road,Medium,Two-Wheeler,Minor,0
4725,6,Booty More,23.3954226,85.3843646,2022-06-02,09:48:00,Thursday,Clear,Main Road,High,Car,Minor,0
4756,6,Booty More,23.3954226,85.3843646,2025-12-06,19:54:00,Saturday,Clear,Highway,Low,Car,Fatal,1
5181,6,Booty More,23.3954226,85.3843646,2025-08-11,09:41:00,Monday,Rainy,Chowk/Intersection,Low,Car,Minor,0
5343,6,Booty More,23.3954226,85.3843646,2021-05-28,11:07:00,Friday,Rainy,Main Road,Medium,Auto-Rickshaw,Minor,1
5385,6,Booty More,23.3954226,85.3843646,2023-05-27,10:11:00,Saturday,Clear,Main Road,High,Two-Wheeler,Minor,0
5459,6,Booty More,23.3954226,85.3843646,2023-01-31,10:05:00,Tuesday,Clear,Residential Road,Medium,Two-Wheeler,Minor,0
5563,6,Booty More,23.3954226,85.3843646,2023-07-13,17:21:00,Thursday,Clear,Residential Road,Medium,Auto-Rickshaw,Minor,1
5568,6,Booty More,23.3954226,85.3843646,2022-03-03,19:40:00,Thursday,Clear,Main Road,Medium,Car,Serious,1
5690,6,Booty More,23.3954226,85.3843646,2024-07-09,17:05:00,Tuesday,Rainy,Main Road,High,Two-Wheeler,Minor,0
5697,6,Booty More,23.3954226,85.3843646,2022-12-23,08:41:00,Friday,Rainy,Chowk/Intersection,Low,Two-Wheeler,Minor,0
5843,6,Booty More,23.3954226,85.3843646,2025-03-20,19:39:00,Thursday,Clear,Residential Road,Low,Two-Wheeler,Minor,0
5851,6,Booty More,23.3954226,85.3843646,2024-02-12,07:54:00,Monday,Clear,Main Road,High,Bus,Serious,2
5872,6,Booty More,23.3954226,85.3843646,2025-06-19,08:54:00,Thursday,Clear,Chowk/Intersection,High,Two-Wheeler,Serious,1
5994,6,Booty More,23.3954226,85.3843646,2021-11-19,07:45:00,Friday,Clear,Chowk/Intersection,Medium,Auto-Rickshaw,Minor,0
5999,6,Booty More,23.3954226,85.3843646,2022-03-30,18:41:00,Wednesday,Stormy,Highway,Medium,Two-Wheeler,Minor,1
6088,6,Booty More,23.3954226,85.3843646,2024-05-27,07:22:00,Monday,Clear,Chowk/Intersection,Medium,Two-Wheeler,Serious,1
6346,6,Booty More,23.3954226,85.3843646,2022-12-04,09:56:00,Sunday,Clear,Main Road,High,Two-Wheeler,Minor,1
6464,6,Booty More,23.3954226,85.3843646,2025-08-11,18:52:00,Monday,Foggy,Highway,Medium,Two-Wheeler,Serious,1
6494,6,Booty More,23.3954226,85.3843646,2021-04-29,10:04:00,Thursday,Clear,Chowk/Intersection,High,Two-Wheeler,Minor,1
6607,6,Booty More,23.3954226,85.3843646,2025-04-01,18:36:00,Tuesday,Clear,Main Road,High,Two-Wheeler,Minor,0
6658,6,Booty More,23.3954226,85.3843646,2023-11-03,08:20:00,Friday,Clear,Chowk/Intersection,Medium,Truck,Minor,0
6738,6,Booty More,23.3954226,85.3843646,2022-05-11,18:30:00,Wednesday,Rainy,Main Road,High,Car,Minor,1
6769,6,Booty More,23.3954226,85.3843646,2025-11-08,06:22:00,Saturday,Foggy,Chowk/Intersection,Medium,Two-Wheeler,Serious,2
6845,6,Booty More,23.3954226,85.3843646,2021-07-14,08:49:00,Wednesday,Clear,Highway,Low,Two-Wheeler,Minor,0
6880,6,Booty More,23.3954226,85.3843646,2024-02-26,10:31:00,Monday,Rainy,Main Road,Low,Auto-Rickshaw,Minor,0
6921,6,Booty More,23.3954226,85.3843646,2022-07-24,19:03:00,Sunday,Rainy,Chowk/Intersection,Medium,Two-Wheeler,Minor,0
6966,6,Booty More,23.3954226,85.3843646,2023-01-06,07:47:00,Friday,Clear,Chowk/Intersection,Low,Auto-Rickshaw,Minor,0
7124,6,Booty More,23.3954226,85.3843646,2021-02-13,17:09:00,Saturday,Clear,Chowk/Intersection,Medium,Car,Serious,2
7130,6,Booty More,23.3954226,85.3843646,2024-05-14,18:47:00,Tuesday,Rainy,Main Road,Low,Two-Wheeler,Minor,0
7313,6,Booty More,23.3954226,85.3843646,2025-03-22,18:45:00,Saturday,Foggy,Residential Road,Low,Two-Wheeler,Minor,1
7414,6,Booty More,23.3954226,85.3843646,2025-09-15,09:45:00,Monday,Clear,Main Road,Medium,Two-Wheeler,Serious,1
7442,6,Booty More,23.3954226,85.3843646,2023-09-26,19:00:00,Tuesday,Rainy,Main Road,High,Two-Wheeler,Serious,2
7635,6,Booty More,23.3954226,85.3843646,2022-07-16,09:01:00,Saturday,Clear,Main Road,Medium,Car,Serious,3
7638,6,Booty More,23.3954226,85.3843646,2024-01-18,18:21:00,Thursday,Clear,Residential Road,Low,Bus,Minor,0
7726,6,Booty More,23.3954226,85.3843646,2024-12-22,10:49:00,Sunday,Clear,Highway,High,Car,Minor,0
7766,6,Booty More,23.3954226,85.3843646,2022-02-07,17:25:00,Monday,Clear,Chowk/Intersection,Low,Car,Serious,1
7767,6,Booty More,23.3954226,85.3843646,2023-01-20,16:36:00,Friday,Clear,Main Road,Medium,Car,Minor,1
7779,6,Booty More,23.3954226,85.3843646,2022-02-25,19:59:00,Friday,Foggy,Chowk/Intersection,High,Car,Serious,1
7797,6,Booty More,23.3954226,85.3843646,2021-11-13,09:27:00,Saturday,Rainy,Chowk/Intersection,Medium,Bus,Minor,1
7885,6,Booty More,23.3954226,85.3843646,2025-04-11,14:04:00,Friday,Clear,Main Road,High,Car,Fatal,1
7989,6,Booty More,23.3954226,85.3843646,2024-08-25,16:52:00,Sunday,Foggy,Residential Road,High,Two-Wheeler,Serious,3
4,7,Argora Chowk,23.3501735,85.2980709,2024-04-07,17:02:00,Sunday,Clear,Chowk/Intersection,Low,Car,Serious,1
11,7,Argora Chowk,23.3501735,85.2980709,2023-01-08,19:51:00,Sunday,Rainy,Highway,Low,Car,Fatal,1
14,7,Argora Chowk,23.3501735,85.2980709,2025-11-17,18:36:00,Monday,Rainy,Highway,Low,Car,Fatal,1
17,7,Argora Chowk,23.3501735,85.2980709,2021-07-03,10:45:00,Saturday,Foggy,Chowk/Intersection,Medium,Two-Wheeler,Serious,1
43,7,Argora Chowk,23.3501735,85.2980709,2021-06-19,09:41:00,Saturday,Clear,Highway,Low,Car,Serious,1
52,7,Argora Chowk,23.3501735,85.2980709,2023-11-30,17:18:00,Thursday,Clear,Highway,Medium,Car,Fatal,2
67,7,Argora Chowk,23.3501735,85.2980709,2025-02-15,09:58:00,Saturday,Stormy,Highway,High,Two-Wheeler,Serious,2
71,7,Argora Chowk,23.3501735,85.2980709,2025-02-03,10:05:00,Monday,Clear,Chowk/Intersection,High,Car,Minor,0
86,7,Argora Chowk,23.3501735,85.2980709,2022-12-26,19:00:00,Monday,Foggy,Main Road,Low,Two-Wheeler,Minor,0
114,7,Argora Chowk,23.3501735,85.2980709,2024-12-21,08:07:00,Saturday,Clear,Chowk/Intersection,Low,Two-Wheeler,Minor,0
146,7,Argora Chowk,23.3501735,85.2980709,2021-05-03,18:23:00,Monday,Foggy,Highway,High,Two-Wheeler,Minor,0
149,7,Argora Chowk,23.3501735,85.2980709,2023-05-20,10:44:00,Saturday,Clear,Chowk/Intersection,Medium,Car,Minor,0
156,7,Argora Chowk,23.3501735,85.2980709,2021-09-14,18:25:00,Tuesday,Clear,Main Road,Low,Auto-Rickshaw,Fatal,4
159,7,Argora Chowk,23.3501735,85.2980709,2021-06-09,07:49:00,Wednesday,Clear,Highway,Medium,Car,Minor,0
160,7,Argora Chowk,23.3501735,85.2980709,2021-05-14,10:00:00,Friday,Clear,Highway,Medium,Car,Minor,0
163,7,Argora Chowk,23.3501735,85.2980709,2023-03-27,17:20:00,Monday,Rainy,Highway,High,Auto-Rickshaw,Minor,0
169,7,Argora Chowk,23.3501735,85.2980709,2025-10-19,19:02:00,Sunday,Rainy,Residential Road,Medium,Two-Wheeler,Minor,0
176,7,Argora Chowk,23.3501735,85.2980709,2024-07-03,18:23:00,Wednesday,Clear,Chowk/Intersection,Medium,Bus,Minor,0
189,7,Argora Chowk,23.3501735,85.2980709,2025-08-13,08:50:00,Wednesday,Clear,Residential Road,High,Car,Minor,0
206,7,Argora Chowk,23.3501735,85.2980709,2021-03-08,08:09:00,Monday,Rainy,Highway,Medium,Auto-Rickshaw,Minor,1
232,7,Argora Chowk,23.3501735,85.2980709,2021-10-25,20:07:00,Monday,Rainy,Chowk/Intersection,High,Two-Wheeler,Minor,0
245,7,Argora Chowk,23.3501735,85.2980709,2025-05-27,05:03:00,Tuesday,Clear,Residential Road,Medium,Car,Minor,0
258,7,Argora Chowk,23.3501735,85.2980709,2023-06-02,16:03:00,Friday,Clear,Main Road,Low,Two-Wheeler,Serious,1
282,7,Argora Chowk,23.3501735,85.2980709,2022-05-30,08:56:00,Monday,Foggy,Chowk/Intersection,High,Auto-Rickshaw,Minor,0
312,7,Argora Chowk,23.3501735,85.2980709,2021-04-03,09:46:00,Saturday,Clear,Chowk/Intersection,Low,Truck,Minor,1
337,7,Argora Chowk,23.3501735,85.2980709,2025-03-11,18:51:00,Tuesday,Clear,Highway,High,Two-Wheeler,Minor,0
342,7,Argora Chowk,23.3501735,85.2980709,2022-08-23,20:15:00,Tuesday,Clear,Main Road,High,Car,Serious,3
344,7,Argora Chowk,23.3501735,85.2980709,2021-10-08,18:33:00,Friday,Rainy,Chowk/Intersection,Low,Two-Wheeler,Minor,0
356,7,Argora Chowk,23.3501735,85.2980709,2025-05-22,18:49:00,Thursday,Clear,Main Road,Medium,Two-Wheeler,Minor,0
402,7,Argora Chowk,23.3501735,85.2980709,2025-11-29,10:33:00,Saturday,Rainy,Residential Road,Low,Two-Wheeler,Minor,0
414,7,Argora Chowk,23.3501735,85.2980709,2021-02-13,18:05:00,Saturday,Clear,Highway,Medium,Auto-Rickshaw,Serious,3
415,7,Argora Chowk,23.3501735,85.2980709,2021-05-10,19:33:00,Monday,Clear,Chowk/Intersection,High,Auto-Rickshaw,Minor,0
423,7,Argora Chowk,23.3501735,85.2980709,2021-02-17,09:29:00,Wednesday,Clear,Chowk/Intersection,High,Car,Minor,0
433,7,Argora Chowk,23.3501735,85.2980709,2025-02-10,08:06:00,Monday,Clear,Main Road,Low,Two-Wheeler,Minor,0
474,7,Argora Chowk,23.3501735,85.2980709,2022-12-29,16:22:00,Thursday,Clear,Highway,High,Car,Serious,2
491,7,Argora Chowk,23.3501735,85.2980709,2023-08-26,17:53:00,Saturday,Clear,Main Road,High,Two-Wheeler,Minor,0
492,7,Argora Chowk,23.3501735,85.2980709,2022-10-14,19:08:00,Friday,Clear,Main Road,Medium,Car,Minor,0
511,7,Argora Chowk,23.3501735,85.2980709,2023-02-03,08:38:00,Friday,Clear,Residential Road,High,Two-Wheeler,Minor,0
528,7,Argora Chowk,23.3501735,85.2980709,2022-12-22,18:26:00,Thursday,Clear,Residential Road,High,Car,Fatal,2
534,7,Argora Chowk,23.3501735,85.2980709,2021-02-16,07:15:00,Tuesday,Clear,Chowk/Intersection,High,Truck,Minor,0
592,7,Argora Chowk,23.3501735,85.2980709,2021-03-07,17:55:00,Sunday,Rainy,Highway,Medium,Car,Minor,0
593,7,Argora Chowk,23.3501735,85.2980709,2024-07-23,05:04:00,Tuesday,Stormy,Main Road,High,Car,Minor,1
610,7,Argora Chowk,23.3501735,85.2980709,2025-10-03,17:14:00,Friday,Clear,Residential Road,Medium,Two-Wheeler,Serious,2
623,7,Argora Chowk,23.3501735,85.2980709,2024-09-12,12:06:00,Thursday,Clear,Highway,Medium,Two-Wheeler,Minor,1
627,7,Argora Chowk,23.3501735,85.2980709,2025-06-15,08:11:00,Sunday,Clear,Chowk/Intersection,High,Two-Wheeler,Minor,0
628,7,Argora Chowk,23.3501735,85.2980709,2023-03-24,10:36:00,Friday,Foggy,Main Road,Low,Bus,Serious,2
635,7,Argora Chowk,23.3501735,85.2980709,2025-12-19,19:12:00,Friday,Rainy,Chowk/Intersection,High,Two-Wheeler,Minor,0
636,7,Argora Chowk,23.3501735,85.2980709,2025-03-05,09:38:00,Wednesday,Clear,Highway,Medium,Two-Wheeler,Minor,0
637,7,Argora Chowk,23.3501735,85.2980709,2023-12-28,11:14:00,Thursday,Stormy,Highway,Low,Two-Wheeler,Serious,2
651,7,Argora Chowk,23.3501735,85.2980709,2025-11-07,08:55:00,Friday,Clear,Highway,High,Two-Wheeler,Serious,3
668,7,Argora Chowk,23.3501735,85.2980709,2021-02-02,06:37:00,Tuesday,Clear,Chowk/Intersection,Medium,Two-Wheeler,Serious,1
679,7,Argora Chowk,23.3501735,85.2980709,2024-01-08,18:06:00,Monday,Rainy,Residential Road,Medium,Car,Serious,2
680,7,Argora Chowk,23.3501735,85.2980709,2022-10-05,07:52:00,Wednesday,Rainy,Main Road,High,Car,Minor,0
734,7,Argora Chowk,23.3501735,85.2980709,2022-04-05,21:02:00,Tuesday,Clear,Main Road,Medium,Bus,Minor,0
759,7,Argora Chowk,23.3501735,85.2980709,2024-07-02,09:25:00,Tuesday,Clear,Residential Road,High,Truck,Minor,0
764,7,Argora Chowk,23.3501735,85.2980709,2025-04-05,18:42:00,Saturday,Clear,Chowk/Intersection,Low,Truck,Serious,2
813,7,Argora Chowk,23.3501735,85.2980709,2025-04-07,09:18:00,Monday,Rainy,Chowk/Intersection,Low,Car,Serious,1
895,7,Argora Chowk,23.3501735,85.2980709,2023-12-28,15:40:00,Thursday,Clear,Chowk/Intersection,High,Bus,Minor,1
933,7,Argora Chowk,23.3501735,85.2980709,2025-09-30,07:55:00,Tuesday,Clear,Main Road,High,Car,Serious,1
971,7,Argora Chowk,23.3501735,85.2980709,2021-06-29,06:57:00,Tuesday,Clear,Chowk/Intersection,High,Two-Wheeler,Minor,1
1007,7,Argora Chowk,23.3501735,85.2980709,2021-12-28,07:12:00,Tuesday,Clear,Main Road,Low,Bus,Minor,0
1021,7,Argora Chowk,23.3501735,85.2980709,2022-01-14,18:55:00,Friday,Clear,Chowk/Intersection,Medium,Two-Wheeler,Serious,3
1022,7,Argora Chowk,23.3501735,85.2980709,2021-08-21,10:16:00,Saturday,Clear,Highway,Low,Car,Fatal,3
1032,7,Argora Chowk,23.3501735,85.2980709,2021-05-02,10:39:00,Sunday,Clear,Highway,Medium,Two-Wheeler,Fatal,2
1080,7,Argora Chowk,23.3501735,85.2980709,2025-08-23,06:27:00,Saturday,Rainy,Main Road,Low,Auto-Rickshaw,Minor,1
1082,7,Argora Chowk,23.3501735,85.2980709,2021-06-14,17:20:00,Monday,Rainy,Main Road,High,Two-Wheeler,Minor,1
1112,7,Argora Chowk,23.3501735,85.2980709,2022-12-29,10:33:00,Thursday,Clear,Chowk/Intersection,High,Two-Wheeler,Serious,1
1114,7,Argora Chowk,23.3501735,85.2980709,2025-01-17,21:07:00,Friday,Clear,Main Road,Low,Car,Minor,0
1130,7,Argora Chowk,23.3501735,85.2980709,2023-05-24,20:01:00,Wednesday,Foggy,Residential Road,High,Two-Wheeler,Serious,1
1142,7,Argora Chowk,23.3501735,85.2980709,2023-05-12,20:36:00,Friday,Foggy,Highway,High,Auto-Rickshaw,Minor,0
1171,7,Argora Chowk,23.3501735,85.2980709,2021-05-18,18:12:00,Tuesday,Clear,Chowk/Intersection,High,Truck,Minor,1
1177,7,Argora Chowk,23.3501735,85.2980709,2021-04-11,17:10:00,Sunday,Clear,Residential Road,Low,Two-Wheeler,Serious,2
1220,7,Argora Chowk,23.3501735,85.2980709,2024-04-06,10:50:00,Saturday,Rainy,Chowk/Intersection,Low,Two-Wheeler,Minor,1
1224,7,Argora Chowk,23.3501735,85.2980709,2025-09-30,06:55:00,Tuesday,Clear,Main Road,High,Auto-Rickshaw,Serious,1
1311,7,Argora Chowk,23.3501735,85.2980709,2023-04-06,09:06:00,Thursday,Clear,Chowk/Intersection,Medium,Auto-Rickshaw,Minor,0
1312,7,Argora Chowk,23.3501735,85.2980709,2025-06-17,09:28:00,Tuesday,Rainy,Main Road,Low,Two-Wheeler,Serious,2
1315,7,Argora Chowk,23.3501735,85.2980709,2022-05-26,21:45:00,Thursday,Rainy,Chowk/Intersection,Low,Car,Minor,0
1371,7,Argora Chowk,23.3501735,85.2980709,2022-06-21,07:52:00,Tuesday,Clear,Highway,Medium,Two-Wheeler,Minor,0
1441,7,Argora Chowk,23.3501735,85.2980709,2025-12-11,18:56:00,Thursday,Rainy,Chowk/Intersection,Medium,Two-Wheeler,Minor,1
1452,7,Argora Chowk,23.3501735,85.2980709,2025-07-30,18:20:00,Wednesday,Clear,Chowk/Intersection,High,Auto-Rickshaw,Minor,1
1460,7,Argora Chowk,23.3501735,85.2980709,2021-06-19,09:49:00,Saturday,Clear,Highway,Medium,Two-Wheeler,Minor,0
1554,7,Argora Chowk,23.3501735,85.2980709,2022-07-20,10:23:00,Wednesday,Clear,Highway,Low,Two-Wheeler,Minor,0
1579,7,Argora Chowk,23.3501735,85.2980709,2023-03-25,11:03:00,Saturday,Clear,Main Road,Medium,Two-Wheeler,Fatal,1
1629,7,Argora Chowk,23.3501735,85.2980709,2021-08-01,18:57:00,Sunday,Clear,Highway,Low,Two-Wheeler,Serious,1
1662,7,Argora Chowk,23.3501735,85.2980709,2023-06-22,09:43:00,Thursday,Clear,Main Road,Medium,Truck,Serious,1
1678,7,Argora Chowk,23.3501735,85.2980709,2021-05-27,17:55:00,Thursday,Rainy,Chowk/Intersection,Medium,Two-Wheeler,Minor,0
1693,7,Argora Chowk,23.3501735,85.2980709,2024-01-06,09:19:00,Saturday,Rainy,Residential Road,High,Car,Serious,1
1750,7,Argora Chowk,23.3501735,85.2980709,2025-11-22,11:20:00,Saturday,Rainy,Residential Road,Low,Bus,Serious,3
1764,7,Argora Chowk,23.3501735,85.2980709,2023-12-20,21:54:00,Wednesday,Clear,Highway,High,Car,Fatal,1
1767,7,Argora Chowk,23.3501735,85.2980709,2023-12-22,10:05:00,Friday,Clear,Residential Road,Low,Auto-Rickshaw,Minor,0
1771,7,Argora Chowk,23.3501735,85.2980709,2023-07-01,19:26:00,Saturday,Rainy,Chowk/Intersection,High,Auto-Rickshaw,Serious,1
1792,7,Argora Chowk,23.3501735,85.2980709,2025-01-14,19:54:00,Tuesday,Clear,Chowk/Intersection,Medium,Two-Wheeler,Minor,0
1815,7,Argora Chowk,23.3501735,85.2980709,2025-03-27,22:37:00,Thursday,Clear,Chowk/Intersection,Low,Two-Wheeler,Minor,0
1826,7,Argora Chowk,23.3501735,85.2980709,2021-08-19,19:22:00,Thursday,Rainy,Chowk/Intersection,High,Truck,Minor,0
1828,7,Argora Chowk,23.3501735,85.2980709,2022-06-21,09:54:00,Tuesday,Foggy,Chowk/Intersection,High,Car,Serious,1
1848,7,Argora Chowk,23.3501735,85.2980709,2022-04-07,17:18:00,Thursday,Foggy,Residential Road,Low,Two-Wheeler,Serious,1
1853,7,Argora Chowk,23.3501735,85.2980709,2023-04-18,08:29:00,Tuesday,Clear,Main Road,Medium,Truck,Minor,0
1858,7,Argora Chowk,23.3501735,85.2980709,2023-11-19,16:08:00,Sunday,Clear,Chowk/Intersection,Low,Two-Wheeler,Minor,1
1865,7,Argora Chowk,23.3501735,85.2980709,2022-01-19,08:54:00,Wednesday,Clear,Chowk/Intersection,Low,Auto-Rickshaw,Minor,0
1890,7,Argora Chowk,23.3501735,85.2980709,2021-08-23,17:03:00,Monday,Clear,Main Road,Low,Two-Wheeler,Serious,1
1900,7,Argora Chowk,23.3501735,85.2980709,2024-01-01,05:20:00,Monday,Rainy,Highway,Low,Car,Fatal,1
1917,7,Argora Chowk,23.3501735,85.2980709,2023-04-03,09:39:00,Monday,Clear,Highway,Low,Truck,Fatal,2
1957,7,Argora Chowk,23.3501735,85.2980709,2024-08-06,19:30:00,Tuesday,Clear,Highway,Low,Two-Wheeler,Fatal,1
1961,7,Argora Chowk,23.3501735,85.2980709,2022-01-16,18:53:00,Sunday,Clear,Chowk/Intersection,Medium,Two-Wheeler,Minor,0
1980,7,Argora Chowk,23.3501735,85.2980709,2023-10-12,18:03:00,Thursday,Clear,Main Road,Low,Car,Fatal,1
1989,7,Argora Chowk,23.3501735,85.2980709,2022-04-01,09:03:00,Friday,Rainy,Chowk/Intersection,High,Two-Wheeler,Minor,0
2003,7,Argora Chowk,23.3501735,85.2980709,2021-01-15,17:01:00,Friday,Rainy,Chowk/Intersection,Medium,Car,Minor,0
2032,7,Argora Chowk,23.3501735,85.2980709,2024-03-20,10:00:00,Wednesday,Clear,Highway,High,Two-Wheeler,Minor,0
2038,7,Argora Chowk,23.3501735,85.2980709,2021-04-06,09:01:00,Tuesday,Clear,Residential Road,Medium,Two-Wheeler,Minor,1
2043,7,Argora Chowk,23.3501735,85.2980709,2025-05-30,07:00:00,Friday,Rainy,Main Road,Medium,Auto-Rickshaw,Serious,1
2059,7,Argora Chowk,23.3501735,85.2980709,2022-08-25,06:32:00,Thursday,Clear,Residential Road,Medium,Car,Serious,1
2077,7,Argora Chowk,23.3501735,85.2980709,2025-01-21,10:26:00,Tuesday,Clear,Main Road,Low,Two-Wheeler,Fatal,1
2135,7,Argora Chowk,23.3501735,85.2980709,2025-08-22,18:58:00,Friday,Rainy,Residential Road,Medium,Bus,Minor,1
2144,7,Argora Chowk,23.3501735,85.2980709,2022-02-11,19:12:00,Friday,Clear,Chowk/Intersection,Medium,Two-Wheeler,Serious,1
2164,7,Argora Chowk,23.3501735,85.2980709,2024-05-24,18:02:00,Friday,Clear,Main Road,High,Two-Wheeler,Serious,1
2227,7,Argora Chowk,23.3501735,85.2980709,2022-08-03,18:17:00,Wednesday,Clear,Chowk/Intersection,Medium,Two-Wheeler,Minor,0
2258,7,Argora Chowk,23.3501735,85.2980709,2021-05-22,08:42:00,Saturday,Clear,Main Road,Medium,Two-Wheeler,Minor,0
2273,7,Argora Chowk,23.3501735,85.2980709,2025-02-18,14:46:00,Tuesday,Rainy,Main Road,High,Two-Wheeler,Minor,0
2352,7,Argora Chowk,23.3501735,85.2980709,2024-08-08,17:53:00,Thursday,Foggy,Chowk/Intersection,High,Car,Minor,0
2367,7,Argora Chowk,23.3501735,85.2980709,2023-01-01,08:48:00,Sunday,Rainy,Main Road,Medium,Bus,Minor,1
2373,7,Argora Chowk,23.3501735,85.2980709,2024-11-30,11:18:00,Saturday,Rainy,Residential Road,High,Bus,Minor,0
2378,7,Argora Chowk,23.3501735,85.2980709,2024-11-30,19:12:00,Saturday,Clear,Highway,Low,Two-Wheeler,Minor,0
2382,7,Argora Chowk,23.3501735,85.2980709,2022-12-27,17:43:00,Tuesday,Clear,Residential Road,Medium,Auto-Rickshaw,Fatal,1
2388,7,Argora Chowk,23.3501735,85.2980709,2024-08-08,10:09:00,Thursday,Stormy,Highway,Medium,Two-Wheeler,Minor,1
2409,7,Argora Chowk,23.3501735,85.2980709,2024-04-08,18:59:00,Monday,Clear,Highway,Low,Bus,Serious,2
2415,7,Argora Chowk,23.3501735,85.2980709,2023-02-16,08:36:00,Thursday,Clear,Residential Road,Medium,Two-Wheeler,Minor,0
2477,7,Argora Chowk,23.3501735,85.2980709,2025-02-12,07:15:00,Wednesday,Rainy,Main Road,Low,Two-Wheeler,Minor,0
2478,7,Argora Chowk,23.3501735,85.2980709,2025-03-31,10:43:00,Monday,Foggy,Main Road,High,Car,Minor,0
2526,7,Argora Chowk,23.3501735,85.2980709,2023-07-28,08:32:00,Friday,Clear,Chowk/Intersection,Medium,Two-Wheeler,Serious,1
2528,7,Argora Chowk,23.3501735,85.2980709,2024-01-30,09:05:00,Tuesday,Clear,Residential Road,Low,Car,Minor,0
2546,7,Argora Chowk,23.3501735,85.2980709,2022-08-23,08:08:00,Tuesday,Clear,Highway,Medium,Two-Wheeler,Fatal,1
2567,7,Argora Chowk,23.3501735,85.2980709,2021-12-07,19:31:00,Tuesday,Clear,Highway,Low,Two-Wheeler,Fatal,1
2655,7,Argora Chowk,23.3501735,85.2980709,2022-10-19,09:09:00,Wednesday,Clear,Highway,High,Car,Fatal,1
2704,7,Argora Chowk,23.3501735,85.2980709,2021-06-07,06:40:00,Monday,Foggy,Highway,High,Two-Wheeler,Fatal,1
2726,7,Argora Chowk,23.3501735,85.2980709,2021-12-27,17:29:00,Monday,Rainy,Main Road,Low,Car,Fatal,3
2737,7,Argora Chowk,23.3501735,85.2980709,2021-01-17,20:36:00,Sunday,Clear,Chowk/Intersection,Medium,Car,Minor,1
2745,7,Argora Chowk,23.3501735,85.2980709,2021-02-03,18:50:00,Wednesday,Rainy,Chowk/Intersection,Low,Car,Serious,1
2791,7,Argora Chowk,23.3501735,85.2980709,2025-03-25,08:13:00,Tuesday,Clear,Highway,Medium,Two-Wheeler,Minor,0
2800,7,Argora Chowk,23.3501735,85.2980709,2025-12-22,07:13:00,Monday,Clear,Highway,High,Two-Wheeler,Minor,0
2854,7,Argora Chowk,23.3501735,85.2980709,2024-09-11,18:26:00,Wednesday,Foggy,Main Road,Low,Car,Fatal,1
2855,7,Argora Chowk,23.3501735,85.2980709,2025-12-17,09:06:00,Wednesday,Foggy,Highway,Medium,Two-Wheeler,Serious,2
2867,7,Argora Chowk,23.3501735,85.2980709,2023-02-04,08:27:00,Saturday,Clear,Residential Road,Medium,Auto-Rickshaw,Minor,0
2881,7,Argora Chowk,23.3501735,85.2980709,2024-09-19,17:30:00,Thursday,Clear,Main Road,Medium,Car,Minor,0
2883,7,Argora Chowk,23.3501735,85.2980709,2021-03-10,07:50:00,Wednesday,Foggy,Chowk/Intersection,Medium,Two-Wheeler,Minor,0
2899,7,Argora Chowk,23.3501735,85.2980709,2024-10-10,19:33:00,Thursday,Clear,Highway,Medium,Two-Wheeler,Minor,0
2905,7,Argora Chowk,23.3501735,85.2980709,2023-08-08,10:03:00,Tuesday,Clear,Highway,High,Car,Fatal,2
2915,7,Argora Chowk,23.3501735,85.2980709,2024-07-30,10:00:00,Tuesday,Clear,Chowk/Intersection,Medium,Auto-Rickshaw,Serious,1
2923,7,Argora Chowk,23.3501735,85.2980709,2024-12-12,08:47:00,Thursday,Clear,Highway,High,Car,Minor,1
2927,7,Argora Chowk,23.3501735,85.2980709,2021-06-24,17:14:00,Thursday,Rainy,Highway,High,Car,Minor,1
2956,7,Argora Chowk,23.3501735,85.2980709,2024-10-28,12:50:00,Monday,Rainy,Residential Road,Medium,Truck,Minor,1
2958,7,Argora Chowk,23.3501735,85.2980709,2021-08-23,19:38:00,Monday,Clear,Main Road,Medium,Auto-Rickshaw,Minor,0
2972,7,Argora Chowk,23.3501735,85.2980709,2021-09-23,08:59:00,Thursday,Clear,Highway,Low,Two-Wheeler,Serious,1
3026,7,Argora Chowk,23.3501735,85.2980709,2021-09-22,10:36:00,Wednesday,Clear,Chowk/Intersection,Medium,Car,Minor,0
3027,7,Argora Chowk,23.3501735,85.2980709,2025-01-16,09:15:00,Thursday,Clear,Chowk/Intersection,Medium,Auto-Rickshaw,Serious,1
3043,7,Argora Chowk,23.3501735,85.2980709,2023-04-11,13:49:00,Tuesday,Rainy,Residential Road,Low,Two-Wheeler,Minor,0
3055,7,Argora Chowk,23.3501735,85.2980709,2022-09-08,16:26:00,Thursday,Rainy,Chowk/Intersection,Medium,Two-Wheeler,Minor,0
3061,7,Argora Chowk,23.3501735,85.2980709,2024-11-11,08:32:00,Monday,Rainy,Main Road,Medium,Two-Wheeler,Minor,0
3157,7,Argora Chowk,23.3501735,85.2980709,2022-09-14,19:44:00,Wednesday,Clear,Residential Road,Medium,Auto-Rickshaw,Minor,0
3158,7,Argora Chowk,23.3501735,85.2980709,2022-02-06,17:51:00,Sunday,Clear,Main Road,Medium,Bus,Minor,1
3172,7,Argora Chowk,23.3501735,85.2980709,2022-06-13,18:49:00,Monday,Clear,Highway,Low,Truck,Fatal,3
3187,7,Argora Chowk,23.3501735,85.2980709,2025-09-28,15:59:00,Sunday,Clear,Chowk/Intersection,Medium,Auto-Rickshaw,Minor,1
3260,7,Argora Chowk,23.3501735,85.2980709,2024-10-08,07:26:00,Tuesday,Rainy,Highway,Low,Car,Serious,1
3262,7,Argora Chowk,23.3501735,85.2980709,2022-03-08,10:28:00,Tuesday,Clear,Highway,High,Car,Fatal,1
3271,7,Argora Chowk,23.3501735,85.2980709,2023-01-02,10:22:00,Monday,Stormy,Highway,Low,Truck,Fatal,1
3277,7,Argora Chowk,23.3501735,85.2980709,2021-02-24,09:18:00,Wednesday,Clear,Chowk/Intersection,Medium,Car,Minor,0
3302,7,Argora Chowk,23.3501735,85.2980709,2023-06-08,08:57:00,Thursday,Clear,Main Road,Medium,Bus,Serious,2
3312,7,Argora Chowk,23.3501735,85.2980709,2023-08-24,09:32:00,Thursday,Rainy,Highway,Medium,Bus,Serious,1
3328,7,Argora Chowk,23.3501735,85.2980709,2023-12-29,11:43:00,Friday,Rainy,Residential Road,Low,Car,Fatal,1
3333,7,Argora Chowk,23.3501735,85.2980709,2024-03-28,17:13:00,Thursday,Clear,Chowk/Intersection,Low,Two-Wheeler,Serious,1
3354,7,Argora Chowk,23.3501735,85.2980709,2024-05-22,10:46:00,Wednesday,Clear,Highway,Low,Bus,Minor,0
3358,7,Argora Chowk,23.3501735,85.2980709,2022-09-06,09:03:00,Tuesday,Clear,Chowk/Intersection,High,Auto-Rickshaw,Minor,0
3395,7,Argora Chowk,23.3501735,85.2980709,2024-01-31,19:20:00,Wednesday,Clear,Residential Road,High,Two-Wheeler,Minor,0
3396,7,Argora Chowk,23.3501735,85.2980709,2024-10-11,07:07:00,Friday,Clear,Main Road,Medium,Auto-Rickshaw,Minor,0
3399,7,Argora Chowk,23.3501735,85.2980709,2023-08-06,20:37:00,Sunday,Clear,Highway,High,Two-Wheeler,Minor,0
3404,7,Argora Chowk,23.3501735,85.2980709,2025-07-15,19:29:00,Tuesday,Rainy,Residential Road,Medium,Car,Fatal,2
3423,7,Argora Chowk,23.3501735,85.2980709,2021-08-28,19:06:00,Saturday,Foggy,Highway,Low,Two-Wheeler,Minor,0
3441,7,Argora Chowk,23.3501735,85.2980709,2022-03-19,08:54:00,Saturday,Rainy,Chowk/Intersection,Medium,Car,Fatal,1
3459,7,Argora Chowk,23.3501735,85.2980709,2025-05-15,19:14:00,Thursday,Clear,Main Road,Medium,Two-Wheeler,Minor,1
3503,7,Argora Chowk,23.3501735,85.2980709,2022-05-19,06:49:00,Thursday,Clear,Chowk/Intersection,High,Two-Wheeler,Minor,0
3524,7,Argora Chowk,23.3501735,85.2980709,2025-03-02,12:17:00,Sunday,Clear,Chowk/Intersection,High,Car,Minor,1
3529,7,Argora Chowk,23.3501735,85.2980709,2021-02-03,18:41:00,Wednesday,Clear,Main Road,High,Two-Wheeler,Serious,1
3538,7,Argora Chowk,23.3501735,85.2980709,2023-06-12,09:58:00,Monday,Clear,Highway,Medium,Auto-Rickshaw,Minor,1
3552,7,Argora Chowk,23.3501735,85.2980709,2025-10-25,18:26:00,Saturday,Foggy,Chowk/Intersection,Medium,Auto-Rickshaw,Minor,1
3576,7,Argora Chowk,23.3501735,85.2980709,2022-11-25,18:30:00,Friday,Clear,Chowk/Intersection,Low,Bus,Minor,1
3602,7,Argora Chowk,23.3501735,85.2980709,2025-11-30,20:04:00,Sunday,Clear,Highway,Low,Two-Wheeler,Minor,1
3628,7,Argora Chowk,23.3501735,85.2980709,2025-06-28,19:43:00,Saturday,Clear,Highway,High,Car,Minor,0
3671,7,Argora Chowk,23.3501735,85.2980709,2025-06-05,07:40:00,Thursday,Clear,Residential Road,High,Auto-Rickshaw,Serious,2
3673,7,Argora Chowk,23.3501735,85.2980709,2024-03-18,18:10:00,Monday,Clear,Chowk/Intersection,Medium,Two-Wheeler,Minor,0
3696,7,Argora Chowk,23.3501735,85.2980709,2025-08-29,18:53:00,Friday,Rainy,Chowk/Intersection,Low,Bus,Serious,1
3697,7,Argora Chowk,23.3501735,85.2980709,2022-07-15,06:31:00,Friday,Clear,Chowk/Intersection,Low,Two-Wheeler,Minor,0
3703,7,Argora Chowk,23.3501735,85.2980709,2024-08-18,08:46:00,Sunday,Rainy,Chowk/Intersection,Medium,Two-Wheeler,Minor,0
3704,7,Argora Chowk,23.3501735,85.2980709,2025-12-05,08:39:00,Friday,Foggy,Chowk/Intersection,Low,Auto-Rickshaw,Minor,0
3707,7,Argora Chowk,23.3501735,85.2980709,2025-01-17,20:15:00,Friday,Clear,Main Road,High,Car,Minor,0
3734,7,Argora Chowk,23.3501735,85.2980709,2022-05-17,15:50:00,Tuesday,Stormy,Main Road,Low,Truck,Fatal,1
3762,7,Argora Chowk,23.3501735,85.2980709,2022-09-07,07:53:00,Wednesday,Clear,Main Road,Medium,Two-Wheeler,Minor,1
3814,7,Argora Chowk,23.3501735,85.2980709,2024-01-26,08:34:00,Friday,Clear,Chowk/Intersection,Low,Two-Wheeler,Minor,0
3816,7,Argora Chowk,23.3501735,85.2980709,2022-02-24,11:31:00,Thursday,Rainy,Highway,Low,Two-Wheeler,Serious,2
3817,7,Argora Chowk,23.3501735,85.2980709,2022-03-01,07:06:00,Tuesday,Clear,Chowk/Intersection,High,Auto-Rickshaw,Minor,0
3847,7,Argora Chowk,23.3501735,85.2980709,2025-09-06,16:55:00,Saturday,Foggy,Chowk/Intersection,High,Auto-Rickshaw,Minor,1
3858,7,Argora Chowk,23.3501735,85.2980709,2024-09-17,18:26:00,Tuesday,Clear,Chowk/Intersection,High,Car,Minor,0
3881,7,Argora Chowk,23.3501735,85.2980709,2025-09-23,09:27:00,Tuesday,Clear,Highway,Medium,Two-Wheeler,Fatal,2
3896,7,Argora Chowk,23.3501735,85.2980709,2023-08-29,11:12:00,Tuesday,Rainy,Chowk/Intersection,Low,Bus,Minor,0
3903,7,Argora Chowk,23.3501735,85.2980709,2022-10-25,08:10:00,Tuesday,Clear,Chowk/Intersection,Low,Two-Wheeler,Serious,2
3908,7,Argora Chowk,23.3501735,85.2980709,2024-03-14,14:04:00,Thursday,Clear,Chowk/Intersection,High,Two-Wheeler,Minor,0
3941,7,Argora Chowk,23.3501735,85.2980709,2022-03-26,15:06:00,Saturday,Clear,Highway,High,Car,Serious,2
3942,7,Argora Chowk,23.3501735,85.2980709,2023-02-20,19:42:00,Monday,Rainy,Main Road,Medium,Car,Serious,1
3946,7,Argora Chowk,23.3501735,85.2980709,2024-10-13,07:12:00,Sunday,Clear,Chowk/Intersection,Medium,Two-Wheeler,Serious,1
3951,7,Argora Chowk,23.3501735,85.2980709,2023-01-05,07:49:00,Thursday,Clear,Highway,High,Two-Wheeler,Serious,3
3963,7,Argora Chowk,23.3501735,85.2980709,2021-11-27,08:20:00,Saturday,Clear,Residential Road,High,Car,Minor,0
3980,7,Argora Chowk,23.3501735,85.2980709,2023-10-03,10:47:00,Tuesday,Clear,Main Road,Low,Car,Minor,0
3987,7,Argora Chowk,23.3501735,85.2980709,2023-09-20,18:32:00,Wednesday,Clear,Chowk/Intersection,Medium,Auto-Rickshaw,Minor,0
3990,7,Argora Chowk,23.3501735,85.2980709,2022-10-10,05:26:00,Monday,Clear,Chowk/Intersection,Medium,Car,Minor,1
4013,7,Argora Chowk,23.3501735,85.2980709,2025-04-04,08:12:00,Friday,Clear,Highway,High,Auto-Rickshaw,Serious,2
4029,7,Argora Chowk,23.3501735,85.2980709,2024-04-14,19:57:00,Sunday,Clear,Main Road,Low,Two-Wheeler,Minor,0
4064,7,Argora Chowk,23.3501735,85.2980709,2023-08-15,07:53:00,Tuesday,Clear,Residential Road,Low,Car,Minor,0
4078,7,Argora Chowk,23.3501735,85.2980709,2022-05-24,08:39:00,Tuesday,Clear,Chowk/Intersection,Medium,Car,Minor,0
4091,7,Argora Chowk,23.3501735,85.2980709,2023-09-16,19:12:00,Saturday,Clear,Main Road,Medium,Two-Wheeler,Minor,1
4120,7,Argora Chowk,23.3501735,85.2980709,2023-02-02,18:46:00,Thursday,Clear,Main Road,Medium,Truck,Serious,1
4149,7,Argora Chowk,23.3501735,85.2980709,2022-04-28,17:43:00,Thursday,Clear,Main Road,Medium,Auto-Rickshaw,Serious,3
4169,7,Argora Chowk,23.3501735,85.2980709,2025-02-23,08:43:00,Sunday,Clear,Chowk/Intersection,High,Auto-Rickshaw,Serious,1
4172,7,Argora Chowk,23.3501735,85.2980709,2021-11-25,18:36:00,Thursday,Clear,Highway,Low,Two-Wheeler,Fatal,2
4173,7,Argora Chowk,23.3501735,85.2980709,2024-11-14,18:59:00,Thursday,Clear,Highway,Medium,Two-Wheeler,Minor,0
4195,7,Argora Chowk,23.3501735,85.2980709,2024-03-08,10:08:00,Friday,Clear,Main Road,High,Car,Serious,3
4204,7,Argora Chowk,23.3501735,85.2980709,2025-01-10,19:26:00,Friday,Rainy,Residential Road,Medium,Two-Wheeler,Fatal,1
4210,7,Argora Chowk,23.3501735,85.2980709,2022-06-06,19:48:00,Monday,Foggy,Chowk/Intersection,High,Car,Serious,1
4221,7,Argora Chowk,23.3501735,85.2980709,2021-03-13,19:11:00,Saturday,Clear,Main Road,High,Truck,Minor,1
4226,7,Argora Chowk,23.3501735,85.2980709,2023-11-12,19:30:00,Sunday,Foggy,Chowk/Intersection,Medium,Auto-Rickshaw,Serious,1
4229,7,Argora Chowk,23.3501735,85.2980709,2022-06-06,09:39:00,Monday,Stormy,Chowk/Intersection,High,Two-Wheeler,Minor,0
4239,7,Argora Chowk,23.3501735,85.2980709,2022-04-24,17:10:00,Sunday,Clear,Chowk/Intersection,Medium,Car,Serious,1
4265,7,Argora Chowk,23.3501735,85.2980709,2024-05-29,18:12:00,Wednesday,Rainy,Chowk/Intersection,High,Bus,Minor,1
4268,7,Argora Chowk,23.3501735,85.2980709,2022-08-10,21:17:00,Wednesday,Clear,Chowk/Intersection,Medium,Two-Wheeler,Minor,0
4287,7,Argora Chowk,23.3501735,85.2980709,2024-02-17,08:20:00,Saturday,Stormy,Highway,Low,Car,Serious,1
4299,7,Argora Chowk,23.3501735,85.2980709,2023-08-05,17:48:00,Saturday,Clear,Main Road,Medium,Truck,Serious,1
4336,7,Argora Chowk,23.3501735,85.2980709,2024-10-18,11:38:00,Friday,Clear,Residential Road,Medium,Car,Minor,0
4385,7,Argora Chowk,23.3501735,85.2980709,2024-06-24,18:10:00,Monday,Clear,Highway,High,Two-Wheeler,Minor,1
4391,7,Argora Chowk,23.3501735,85.2980709,2025-01-14,18:32:00,Tuesday,Clear,Highway,Low,Two-Wheeler,Serious,1
4395,7,Argora Chowk,23.3501735,85.2980709,2023-09-11,08:04:00,Monday,Clear,Highway,High,Two-Wheeler,Serious,1
4416,7,Argora Chowk,23.3501735,85.2980709,2023-07-31,09:24:00,Monday,Rainy,Chowk/Intersection,High,Two-Wheeler,Minor,0
4441,7,Argora Chowk,23.3501735,85.2980709,2024-10-23,08:29:00,Wednesday,Clear,Main Road,High,Two-Wheeler,Minor,0
4444,7,Argora Chowk,23.3501735,85.2980709,2023-08-22,18:34:00,Tuesday,Clear,Main Road,High,Two-Wheeler,Serious,2
4476,7,Argora Chowk,23.3501735,85.2980709,2024-12-30,19:59:00,Monday,Clear,Residential Road,Medium,Car,Fatal,1
4485,7,Argora Chowk,23.3501735,85.2980709,2024-01-04,08:18:00,Thursday,Clear,Residential Road,Medium,Two-Wheeler,Serious,1
4486,7,Argora Chowk,23.3501735,85.2980709,2024-10-24,16:55:00,Thursday,Clear,Residential Road,Low,Two-Wheeler,Minor,0
4501,7,Argora Chowk,23.3501735,85.2980709,2022-07-23,11:01:00,Saturday,Clear,Main Road,Medium,Two-Wheeler,Serious,2
4522,7,Argora Chowk,23.3501735,85.2980709,2025-03-25,21:59:00,Tuesday,Foggy,Highway,High,Two-Wheeler,Minor,0
4535,7,Argora Chowk,23.3501735,85.2980709,2021-05-23,08:09:00,Sunday,Clear,Chowk/Intersection,Low,Two-Wheeler,Minor,0
4556,7,Argora Chowk,23.3501735,85.2980709,2022-08-22,08:44:00,Monday,Stormy,Chowk/Intersection,High,Bus,Serious,1
4560,7,Argora Chowk,23.3501735,85.2980709,2022-07-09,18:00:00,Saturday,Rainy,Chowk/Intersection,Medium,Auto-Rickshaw,Minor,1
4570,7,Argora Chowk,23.3501735,85.2980709,2025-06-19,09:51:00,Thursday,Clear,Main Road,Medium,Auto-Rickshaw,Serious,2
4586,7,Argora Chowk,23.3501735,85.2980709,2022-07-23,07:41:00,Saturday,Foggy,Chowk/Intersection,High,Two-Wheeler,Serious,2
4600,7,Argora Chowk,23.3501735,85.2980709,2021-05-16,15:31:00,Sunday,Clear,Main Road,Low,Two-Wheeler,Minor,0
4640,7,Argora Chowk,23.3501735,85.2980709,2021-05-30,10:13:00,Sunday,Clear,Chowk/Intersection,High,Auto-Rickshaw,Minor,0
4651,7,Argora Chowk,23.3501735,85.2980709,2024-04-07,18:45:00,Sunday,Clear,Highway,High,Bus,Minor,0
4658,7,Argora Chowk,23.3501735,85.2980709,2023-12-12,17:04:00,Tuesday,Rainy,Main Road,Medium,Two-Wheeler,Minor,1
4674,7,Argora Chowk,23.3501735,85.2980709,2021-05-11,09:13:00,Tuesday,Clear,Residential Road,High,Two-Wheeler,Minor,0
4697,7,Argora Chowk,23.3501735,85.2980709,2023-05-02,10:10:00,Tuesday,Clear,Main Road,Low,Auto-Rickshaw,Minor,1
4712,7,Argora Chowk,23.3501735,85.2980709,2021-11-17,10:42:00,Wednesday,Rainy,Chowk/Intersection,Medium,Two-Wheeler,Serious,2
4714,7,Argora Chowk,23.3501735,85.2980709,2021-09-09,18:22:00,Thursday,Clear,Highway,Medium,Truck,Serious,2
4747,7,Argora Chowk,23.3501735,85.2980709,2023-07-23,08:41:00,Sunday,Rainy,Highway,High,Auto-Rickshaw,Minor,0
4779,7,Argora Chowk,23.3501735,85.2980709,2024-08-05,19:08:00,Monday,Clear,Chowk/Intersection,Medium,Bus,Fatal,1
4786,7,Argora Chowk,23.3501735,85.2980709,2025-08-27,18:25:00,Wednesday,Rainy,Highway,Low,Two-Wheeler,Serious,1
4818,7,Argora Chowk,23.3501735,85.2980709,2023-11-04,18:55:00,Saturday,Clear,Chowk/Intersection,Medium,Two-Wheeler,Minor,0
4836,7,Argora Chowk,23.3501735,85.2980709,2022-11-22,10:26:00,Tuesday,Clear,Chowk/Intersection,Medium,Two-Wheeler,Minor,0
4896,7,Argora Chowk,23.3501735,85.2980709,2024-08-15,18:06:00,Thursday,Foggy,Chowk/Intersection,Medium,Truck,Minor,0
4899,7,Argora Chowk,23.3501735,85.2980709,2021-04-04,19:34:00,Sunday,Rainy,Main Road,High,Car,Fatal,3
4923,7,Argora Chowk,23.3501735,85.2980709,2025-10-27,19:36:00,Monday,Stormy,Chowk/Intersection,High,Two-Wheeler,Minor,1
4932,7,Argora Chowk,23.3501735,85.2980709,2022-01-07,08:10:00,Friday,Clear,Residential Road,High,Car,Fatal,1
4962,7,Argora Chowk,23.3501735,85.2980709,2025-03-24,20:54:00,Monday,Foggy,Main Road,High,Auto-Rickshaw,Fatal,2
4968,7,Argora Chowk,23.3501735,85.2980709,2024-05-07,17:02:00,Tuesday,Clear,Residential Road,Low,Two-Wheeler,Minor,0
5006,7,Argora Chowk,23.3501735,85.2980709,2022-06-14,18:17:00,Tuesday,Clear,Residential Road,Medium,Auto-Rickshaw,Serious,2
5022,7,Argora Chowk,23.3501735,85.2980709,2025-03-25,17:19:00,Tuesday,Clear,Highway,Low,Truck,Serious,1
5034,7,Argora Chowk,23.3501735,85.2980709,2023-07-08,08:08:00,Saturday,Clear,Highway,Medium,Two-Wheeler,Serious,1
5054,7,Argora Chowk,23.3501735,85.2980709,2024-03-04,11:10:00,Monday,Rainy,Chowk/Intersection,Medium,Bus,Minor,0
5078,7,Argora Chowk,23.3501735,85.2980709,2024-03-27,08:42:00,Wednesday,Clear,Residential Road,High,Car,Serious,1
5088,7,Argora Chowk,23.3501735,85.2980709,2021-12-16,21:02:00,Thursday,Clear,Chowk/Intersection,Medium,Two-Wheeler,Minor,0
5117,7,Argora Chowk,23.3501735,85.2980709,2021-09-04,19:40:00,Saturday,Clear,Chowk/Intersection,Medium,Two-Wheeler,Serious,3
5127,7,Argora Chowk,23.3501735,85.2980709,2024-10-20,21:05:00,Sunday,Foggy,Highway,High,Car,Fatal,2
5144,7,Argora Chowk,23.3501735,85.2980709,2025-12-16,16:54:00,Tuesday,Rainy,Highway,Medium,Bus,Serious,3
5167,7,Argora Chowk,23.3501735,85.2980709,2024-05-28,08:29:00,Tuesday,Stormy,Chowk/Intersection,Medium,Car,Minor,1
5215,7,Argora Chowk,23.3501735,85.2980709,2021-04-17,11:23:00,Saturday,Clear,Residential Road,Medium,Truck,Serious,1
5235,7,Argora Chowk,23.3501735,85.2980709,2024-05-09,09:46:00,Thursday,Clear,Main Road,High,Car,Serious,1
5268,7,Argora Chowk,23.3501735,85.2980709,2022-06-04,16:11:00,Saturday,Clear,Residential Road,High,Truck,Serious,2
5289,7,Argora Chowk,23.3501735,85.2980709,2022-04-18,11:05:00,Monday,Rainy,Main Road,Medium,Two-Wheeler,Minor,0
5294,7,Argora Chowk,23.3501735,85.2980709,2024-06-29,20:09:00,Saturday,Rainy,Main Road,High,Car,Minor,0
5358,7,Argora Chowk,23.3501735,85.2980709,2022-03-30,18:01:00,Wednesday,Clear,Main Road,Low,Bus,Fatal,1
5379,7,Argora Chowk,23.3501735,85.2980709,2023-01-15,20:22:00,Sunday,Clear,Chowk/Intersection,Low,Two-Wheeler,Fatal,1
5418,7,Argora Chowk,23.3501735,85.2980709,2023-12-30,08:13:00,Saturday,Clear,Residential Road,Medium,Two-Wheeler,Minor,0
5421,7,Argora Chowk,23.3501735,85.2980709,2021-02-21,08:16:00,Sunday,Clear,Main Road,High,Two-Wheeler,Serious,2
5429,7,Argora Chowk,23.3501735,85.2980709,2022-08-06,17:51:00,Saturday,Clear,Highway,High,Two-Wheeler,Minor,0
5431,7,Argora Chowk,23.3501735,85.2980709,2025-04-14,18:53:00,Monday,Clear,Chowk/Intersection,Low,Two-Wheeler,Minor,1
5471,7,Argora Chowk,23.3501735,85.2980709,2023-10-13,19:47:00,Friday,Clear,Main Road,Low,Two-Wheeler,Minor,1
5475,7,Argora Chowk,23.3501735,85.2980709,2024-09-26,09:47:00,Thursday,Rainy,Highway,Medium,Bus,Serious,1
5519,7,Argora Chowk,23.3501735,85.2980709,2022-07-21,16:28:00,Thursday,Clear,Chowk/Intersection,Medium,Two-Wheeler,Minor,0
5522,7,Argora Chowk,23.3501735,85.2980709,2021-12-28,18:39:00,Tuesday,Clear,Chowk/Intersection,Medium,Car,Minor,0
5531,7,Argora Chowk,23.3501735,85.2980709,2023-03-18,18:05:00,Saturday,Rainy,Main Road,High,Two-Wheeler,Minor,0
5574,7,Argora Chowk,23.3501735,85.2980709,2023-03-15,07:26:00,Wednesday,Clear,Chowk/Intersection,Low,Car,Minor,0
5604,7,Argora Chowk,23.3501735,85.2980709,2023-05-02,19:14:00,Tuesday,Clear,Residential Road,Medium,Truck,Serious,1
5612,7,Argora Chowk,23.3501735,85.2980709,2021-03-03,08:43:00,Wednesday,Foggy,Highway,Medium,Car,Fatal,1
5619,7,Argora Chowk,23.3501735,85.2980709,2025-02-14,19:05:00,Friday,Rainy,Chowk/Intersection,Medium,Two-Wheeler,Minor,1
5633,7,Argora Chowk,23.3501735,85.2980709,2022-11-10,20:07:00,Thursday,Clear,Main Road,Medium,Two-Wheeler,Minor,1
5637,7,Argora Chowk,23.3501735,85.2980709,2024-01-01,09:19:00,Monday,Clear,Chowk/Intersection,Low,Two-Wheeler,Serious,1
5642,7,Argora Chowk,23.3501735,85.2980709,2025-07-12,09:06:00,Saturday,Clear,Main Road,Low,Car,Serious,1
5654,7,Argora Chowk,23.3501735,85.2980709,2024-02-10,11:37:00,Saturday,Rainy,Main Road,Low,Car,Serious,2
5662,7,Argora Chowk,23.3501735,85.2980709,2024-09-20,08:52:00,Friday,Clear,Highway,High,Two-Wheeler,Minor,0
5671,7,Argora Chowk,23.3501735,85.2980709,2024-06-02,09:27:00,Sunday,Clear,Main Road,High,Car,Serious,2
5683,7,Argora Chowk,23.3501735,85.2980709,2024-12-12,07:39:00,Thursday,Rainy,Main Road,High,Car,Minor,0
5772,7,Argora Chowk,23.3501735,85.2980709,2024-08-09,21:17:00,Friday,Foggy,Chowk/Intersection,High,Car,Minor,0
5776,7,Argora Chowk,23.3501735,85.2980709,2022-12-09,09:44:00,Friday,Clear,Residential Road,High,Two-Wheeler,Fatal,2
5784,7,Argora Chowk,23.3501735,85.2980709,2025-03-17,18:22:00,Monday,Clear,Highway,Medium,Two-Wheeler,Serious,3
5786,7,Argora Chowk,23.3501735,85.2980709,2024-03-12,17:03:00,Tuesday,Clear,Highway,Medium,Two-Wheeler,Minor,1
5865,7,Argora Chowk,23.3501735,85.2980709,2024-07-03,16:13:00,Wednesday,Rainy,Highway,Medium,Two-Wheeler,Serious,1
5907,7,Argora Chowk,23.3501735,85.2980709,2023-11-11,19:36:00,Saturday,Clear,Chowk/Intersection,Medium,Two-Wheeler,Minor,0
5916,7,Argora Chowk,23.3501735,85.2980709,2021-11-16,17:49:00,Tuesday,Foggy,Chowk/Intersection,High,Two-Wheeler,Serious,2
5943,7,Argora Chowk,23.3501735,85.2980709,2022-03-20,08:23:00,Sunday,Foggy,Main Road,Low,Two-Wheeler,Fatal,1
5958,7,Argora Chowk,23.3501735,85.2980709,2025-04-24,10:52:00,Thursday,Clear,Residential Road,High,Two-Wheeler,Minor,0
6009,7,Argora Chowk,23.3501735,85.2980709,2021-10-10,09:12:00,Sunday,Clear,Chowk/Intersection,Medium,Car,Minor,1
6030,7,Argora Chowk,23.3501735,85.2980709,2025-01-09,16:57:00,Thursday,Clear,Chowk/Intersection,Medium,Car,Serious,2
6031,7,Argora Chowk,23.3501735,85.2980709,2023-07-19,09:37:00,Wednesday,Clear,Chowk/Intersection,Low,Car,Fatal,2
6055,7,Argora Chowk,23.3501735,85.2980709,2022-07-25,21:26:00,Monday,Clear,Chowk/Intersection,High,Two-Wheeler,Minor,0
6058,7,Argora Chowk,23.3501735,85.2980709,2025-01-31,10:25:00,Friday,Clear,Residential Road,Medium,Car,Minor,0
6079,7,Argora Chowk,23.3501735,85.2980709,2025-04-02,18:23:00,Wednesday,Clear,Chowk/Intersection,High,Auto-Rickshaw,Minor,1
6081,7,Argora Chowk,23.3501735,85.2980709,2025-12-05,07:00:00,Friday,Clear,Chowk/Intersection,High,Two-Wheeler,Serious,1
6096,7,Argora Chowk,23.3501735,85.2980709,2021-01-28,18:44:00,Thursday,Rainy,Main Road,Medium,Bus,Serious,1
6097,7,Argora Chowk,23.3501735,85.2980709,2024-06-21,09:02:00,Friday,Clear,Chowk/Intersection,High,Two-Wheeler,Minor,0
6103,7,Argora Chowk,23.3501735,85.2980709,2021-06-25,18:39:00,Friday,Clear,Highway,Low,Bus,Fatal,1
6110,7,Argora Chowk,23.3501735,85.2980709,2024-03-06,18:28:00,Wednesday,Clear,Chowk/Intersection,High,Two-Wheeler,Minor,0
6113,7,Argora Chowk,23.3501735,85.2980709,2025-07-24,17:47:00,Thursday,Rainy,Residential Road,Medium,Two-Wheeler,Minor,0
6114,7,Argora Chowk,23.3501735,85.2980709,2024-03-23,08:47:00,Saturday,Stormy,Chowk/Intersection,Low,Car,Minor,1
6134,7,Argora Chowk,23.3501735,85.2980709,2022-10-25,11:31:00,Tuesday,Clear,Highway,High,Car,Serious,1
6139,7,Argora Chowk,23.3501735,85.2980709,2022-02-05,10:19:00,Saturday,Rainy,Chowk/Intersection,Medium,Two-Wheeler,Minor,0
6192,7,Argora Chowk,23.3501735,85.2980709,2021-06-23,19:52:00,Wednesday,Rainy,Chowk/Intersection,High,Two-Wheeler,Serious,1
6283,7,Argora Chowk,23.3501735,85.2980709,2025-05-07,17:27:00,Wednesday,Clear,Chowk/Intersection,Medium,Auto-Rickshaw,Minor,0
6292,7,Argora Chowk,23.3501735,85.2980709,2022-09-17,10:51:00,Saturday,Clear,Main Road,Low,Two-Wheeler,Fatal,2
6299,7,Argora Chowk,23.3501735,85.2980709,2022-10-12,18:50:00,Wednesday,Clear,Chowk/Intersection,Medium,Two-Wheeler,Serious,1
6304,7,Argora Chowk,23.3501735,85.2980709,2023-02-03,10:00:00,Friday,Foggy,Main Road,Low,Car,Serious,2
6309,7,Argora Chowk,23.3501735,85.2980709,2024-05-17,16:11:00,Friday,Clear,Main Road,High,Car,Minor,0
6330,7,Argora Chowk,23.3501735,85.2980709,2025-10-30,06:11:00,Thursday,Clear,Chowk/Intersection,Low,Two-Wheeler,Minor,0
6338,7,Argora Chowk,23.3501735,85.2980709,2025-03-12,20:56:00,Wednesday,Rainy,Chowk/Intersection,Low,Two-Wheeler,Minor,1
6351,7,Argora Chowk,23.3501735,85.2980709,2022-06-19,07:40:00,Sunday,Clear,Main Road,Medium,Car,Fatal,2
6387,7,Argora Chowk,23.3501735,85.2980709,2025-09-26,17:50:00,Friday,Clear,Chowk/Intersection,High,Car,Minor,0
6429,7,Argora Chowk,23.3501735,85.2980709,2024-01-12,20:53:00,Friday,Clear,Chowk/Intersection,Low,Car,Minor,0
6479,7,Argora Chowk,23.3501735,85.2980709,2021-03-07,19:27:00,Sunday,Rainy,Highway,Medium,Two-Wheeler,Serious,1
6481,7,Argora Chowk,23.3501735,85.2980709,2021-12-11,17:58:00,Saturday,Rainy,Highway,High,Two-Wheeler,Fatal,1
6485,7,Argora Chowk,23.3501735,85.2980709,2023-10-05,09:23:00,Thursday,Foggy,Chowk/Intersection,High,Two-Wheeler,Minor,0
6492,7,Argora Chowk,23.3501735,85.2980709,2024-06-13,18:42:00,Thursday,Rainy,Chowk/Intersection,High,Bus,Serious,1
6509,7,Argora Chowk,23.3501735,85.2980709,2024-08-08,19:33:00,Thursday,Stormy,Main Road,Medium,Car,Minor,0
6589,7,Argora Chowk,23.3501735,85.2980709,2021-10-17,20:19:00,Sunday,Clear,Residential Road,High,Auto-Rickshaw,Serious,3
6606,7,Argora Chowk,23.3501735,85.2980709,2021-05-22,09:08:00,Saturday,Foggy,Main Road,High,Car,Serious,1
6644,7,Argora Chowk,23.3501735,85.2980709,2022-07-19,11:49:00,Tuesday,Clear,Highway,High,Two-Wheeler,Fatal,1
6653,7,Argora Chowk,23.3501735,85.2980709,2023-12-07,17:59:00,Thursday,Rainy,Highway,Low,Car,Minor,0
6686,7,Argora Chowk,23.3501735,85.2980709,2024-08-05,21:10:00,Monday,Foggy,Highway,High,Two-Wheeler,Serious,1
6716,7,Argora Chowk,23.3501735,85.2980709,2021-01-14,18:56:00,Thursday,Clear,Chowk/Intersection,Low,Car,Serious,1
6717,7,Argora Chowk,23.3501735,85.2980709,2022-04-22,08:39:00,Friday,Clear,Highway,Medium,Truck,Serious,2
6729,7,Argora Chowk,23.3501735,85.2980709,2025-03-15,11:01:00,Saturday,Clear,Chowk/Intersection,Low,Two-Wheeler,Minor,0
6730,7,Argora Chowk,23.3501735,85.2980709,2022-02-24,16:42:00,Thursday,Clear,Highway,Medium,Two-Wheeler,Minor,0
6758,7,Argora Chowk,23.3501735,85.2980709,2024-08-07,19:19:00,Wednesday,Clear,Highway,Low,Auto-Rickshaw,Fatal,1
6764,7,Argora Chowk,23.3501735,85.2980709,2022-10-08,16:41:00,Saturday,Clear,Chowk/Intersection,High,Car,Minor,0
6776,7,Argora Chowk,23.3501735,85.2980709,2024-08-05,18:42:00,Monday,Clear,Residential Road,Medium,Two-Wheeler,Minor,0
6810,7,Argora Chowk,23.3501735,85.2980709,2021-06-21,21:14:00,Monday,Clear,Chowk/Intersection,High,Two-Wheeler,Minor,1
6813,7,Argora Chowk,23.3501735,85.2980709,2021-05-01,17:53:00,Saturday,Clear,Main Road,Medium,Auto-Rickshaw,Minor,1
6834,7,Argora Chowk,23.3501735,85.2980709,2023-12-31,09:25:00,Sunday,Clear,Main Road,Medium,Bus,Serious,1
6840,7,Argora Chowk,23.3501735,85.2980709,2023-02-09,13:28:00,Thursday,Rainy,Chowk/Intersection,High,Auto-Rickshaw,Minor,0
6853,7,Argora Chowk,23.3501735,85.2980709,2024-04-28,20:42:00,Sunday,Clear,Highway,Low,Auto-Rickshaw,Serious,2
6905,7,Argora Chowk,23.3501735,85.2980709,2022-01-31,09:34:00,Monday,Rainy,Main Road,High,Auto-Rickshaw,Fatal,4
6945,7,Argora Chowk,23.3501735,85.2980709,2023-05-16,15:17:00,Tuesday,Clear,Highway,Medium,Car,Minor,0
6953,7,Argora Chowk,23.3501735,85.2980709,2025-06-28,18:31:00,Saturday,Rainy,Chowk/Intersection,Low,Two-Wheeler,Serious,1
7033,7,Argora Chowk,23.3501735,85.2980709,2024-07-22,10:50:00,Monday,Clear,Main Road,High,Two-Wheeler,Minor,0
7055,7,Argora Chowk,23.3501735,85.2980709,2025-11-09,18:32:00,Sunday,Clear,Main Road,Low,Auto-Rickshaw,Fatal,3
7094,7,Argora Chowk,23.3501735,85.2980709,2025-01-24,08:32:00,Friday,Clear,Highway,Medium,Two-Wheeler,Serious,1
7099,7,Argora Chowk,23.3501735,85.2980709,2025-09-08,10:34:00,Monday,Clear,Highway,Medium,Car,Minor,0
7104,7,Argora Chowk,23.3501735,85.2980709,2021-09-13,07:55:00,Monday,Foggy,Chowk/Intersection,Low,Car,Minor,0
7142,7,Argora Chowk,23.3501735,85.2980709,2022-10-06,10:32:00,Thursday,Rainy,Main Road,Low,Car,Minor,0
7166,7,Argora Chowk,23.3501735,85.2980709,2021-06-29,18:04:00,Tuesday,Foggy,Chowk/Intersection,Medium,Truck,Serious,3
7236,7,Argora Chowk,23.3501735,85.2980709,2022-09-17,11:23:00,Saturday,Rainy,Main Road,Medium,Auto-Rickshaw,Fatal,1
7243,7,Argora Chowk,23.3501735,85.2980709,2022-09-25,19:51:00,Sunday,Clear,Main Road,High,Two-Wheeler,Minor,0
7258,7,Argora Chowk,23.3501735,85.2980709,2025-02-05,16:26:00,Wednesday,Clear,Residential Road,Medium,Two-Wheeler,Serious,1
7259,7,Argora Chowk,23.3501735,85.2980709,2023-03-31,17:21:00,Friday,Foggy,Residential Road,High,Car,Minor,0
7275,7,Argora Chowk,23.3501735,85.2980709,2022-09-11,10:56:00,Sunday,Clear,Residential Road,High,Car,Serious,3
7278,7,Argora Chowk,23.3501735,85.2980709,2023-03-25,08:45:00,Saturday,Stormy,Chowk/Intersection,High,Two-Wheeler,Minor,0
7299,7,Argora Chowk,23.3501735,85.2980709,2024-10-21,19:51:00,Monday,Clear,Residential Road,Medium,Car,Minor,0
7304,7,Argora Chowk,23.3501735,85.2980709,2024-07-17,07:00:00,Wednesday,Clear,Main Road,High,Two-Wheeler,Minor,0
7366,7,Argora Chowk,23.3501735,85.2980709,2022-01-16,08:46:00,Sunday,Clear,Main Road,Low,Car,Minor,0
7371,7,Argora Chowk,23.3501735,85.2980709,2023-03-05,09:49:00,Sunday,Clear,Main Road,High,Car,Minor,1
7400,7,Argora Chowk,23.3501735,85.2980709,2021-03-20,08:29:00,Saturday,Clear,Highway,High,Two-Wheeler,Serious,2
7401,7,Argora Chowk,23.3501735,85.2980709,2023-03-11,08:00:00,Saturday,Clear,Chowk/Intersection,Medium,Auto-Rickshaw,Minor,0
7418,7,Argora Chowk,23.3501735,85.2980709,2023-12-03,16:50:00,Sunday,Clear,Chowk/Intersection,High,Car,Minor,0
7420,7,Argora Chowk,23.3501735,85.2980709,2021-12-08,15:45:00,Wednesday,Clear,Main Road,High,Auto-Rickshaw,Minor,0
7421,7,Argora Chowk,23.3501735,85.2980709,2022-10-21,08:09:00,Friday,Clear,Main Road,Low,Car,Serious,2
7428,7,Argora Chowk,23.3501735,85.2980709,2022-05-25,21:22:00,Wednesday,Clear,Residential Road,High,Car,Minor,0
7429,7,Argora Chowk,23.3501735,85.2980709,2023-10-25,17:40:00,Wednesday,Clear,Chowk/Intersection,High,Two-Wheeler,Minor,0
7436,7,Argora Chowk,23.3501735,85.2980709,2021-06-24,10:52:00,Thursday,Clear,Residential Road,High,Two-Wheeler,Serious,2
7441,7,Argora Chowk,23.3501735,85.2980709,2023-03-23,07:14:00,Thursday,Clear,Chowk/Intersection,Medium,Car,Minor,0
7447,7,Argora Chowk,23.3501735,85.2980709,2025-01-10,09:55:00,Friday,Stormy,Residential Road,Low,Car,Serious,1
7470,7,Argora Chowk,23.3501735,85.2980709,2023-12-21,10:15:00,Thursday,Rainy,Residential Road,Low,Truck,Serious,1
7478,7,Argora Chowk,23.3501735,85.2980709,2024-10-05,10:10:00,Saturday,Rainy,Main Road,Medium,Car,Minor,0
7488,7,Argora Chowk,23.3501735,85.2980709,2023-06-04,10:55:00,Sunday,Stormy,Highway,Medium,Car,Minor,0
7509,7,Argora Chowk,23.3501735,85.2980709,2025-09-18,19:13:00,Thursday,Clear,Highway,Low,Car,Minor,1
7510,7,Argora Chowk,23.3501735,85.2980709,2025-04-10,18:29:00,Thursday,Rainy,Residential Road,Medium,Car,Minor,0
7532,7,Argora Chowk,23.3501735,85.2980709,2023-10-09,18:45:00,Monday,Clear,Main Road,Low,Auto-Rickshaw,Minor,0
7545,7,Argora Chowk,23.3501735,85.2980709,2023-08-10,10:48:00,Thursday,Stormy,Main Road,High,Two-Wheeler,Serious,1
7546,7,Argora Chowk,23.3501735,85.2980709,2024-10-13,20:16:00,Sunday,Foggy,Residential Road,Medium,Car,Serious,3
7571,7,Argora Chowk,23.3501735,85.2980709,2025-09-05,19:56:00,Friday,Clear,Residential Road,Medium,Two-Wheeler,Serious,2
7581,7,Argora Chowk,23.3501735,85.2980709,2021-10-13,09:45:00,Wednesday,Clear,Residential Road,Low,Two-Wheeler,Minor,0
7584,7,Argora Chowk,23.3501735,85.2980709,2023-10-07,19:47:00,Saturday,Clear,Highway,Medium,Two-Wheeler,Minor,0
7612,7,Argora Chowk,23.3501735,85.2980709,2021-08-16,18:00:00,Monday,Stormy,Main Road,Medium,Car,Serious,1
7615,7,Argora Chowk,23.3501735,85.2980709,2024-04-04,09:41:00,Thursday,Clear,Chowk/Intersection,High,Truck,Minor,0
7626,7,Argora Chowk,23.3501735,85.2980709,2021-08-06,10:24:00,Friday,Clear,Highway,Medium,Two-Wheeler,Minor,1
7646,7,Argora Chowk,23.3501735,85.2980709,2024-08-19,17:36:00,Monday,Clear,Chowk/Intersection,Medium,Two-Wheeler,Minor,1
7675,7,Argora Chowk,23.3501735,85.2980709,2025-06-28,10:41:00,Saturday,Rainy,Main Road,High,Bus,Fatal,1
7681,7,Argora Chowk,23.3501735,85.2980709,2023-10-04,10:36:00,Wednesday,Rainy,Main Road,Low,Bus,Minor,0
7693,7,Argora Chowk,23.3501735,85.2980709,2021-09-05,09:06:00,Sunday,Clear,Main Road,High,Auto-Rickshaw,Serious,2
7737,7,Argora Chowk,23.3501735,85.2980709,2022-04-17,16:08:00,Sunday,Clear,Main Road,Low,Auto-Rickshaw,Serious,2
7740,7,Argora Chowk,23.3501735,85.2980709,2025-06-14,17:08:00,Saturday,Stormy,Chowk/Intersection,Medium,Car,Minor,1
7760,7,Argora Chowk,23.3501735,85.2980709,2025-02-26,19:01:00,Wednesday,Clear,Chowk/Intersection,High,Auto-Rickshaw,Minor,1
7762,7,Argora Chowk,23.3501735,85.2980709,2021-11-23,06:20:00,Tuesday,Rainy,Chowk/Intersection,Medium,Auto-Rickshaw,Fatal,3
7772,7,Argora Chowk,23.3501735,85.2980709,2024-05-11,10:41:00,Saturday,Rainy,Highway,Medium,Auto-Rickshaw,Minor,0
7773,7,Argora Chowk,23.3501735,85.2980709,2022-11-20,05:42:00,Sunday,Clear,Main Road,Low,Car,Minor,0
7777,7,Argora Chowk,23.3501735,85.2980709,2025-07-23,10:41:00,Wednesday,Rainy,Residential Road,Medium,Car,Minor,0
7789,7,Argora Chowk,23.3501735,85.2980709,2022-01-08,08:45:00,Saturday,Foggy,Highway,High,Truck,Minor,0
7830,7,Argora Chowk,23.3501735,85.2980709,2024-06-03,18:52:00,Monday,Rainy,Main Road,Medium,Two-Wheeler,Minor,0
7861,7,Argora Chowk,23.3501735,85.2980709,2022-12-13,16:39:00,Tuesday,Foggy,Chowk/Intersection,High,Auto-Rickshaw,Minor,0
7864,7,Argora Chowk,23.3501735,85.2980709,2025-04-19,08:07:00,Saturday,Clear,Main Road,High,Bus,Minor,0
7875,7,Argora Chowk,23.3501735,85.2980709,2025-08-03,06:52:00,Sunday,Rainy,Main Road,High,Car,Minor,1
7909,7,Argora Chowk,23.3501735,85.2980709,2023-07-29,08:23:00,Saturday,Clear,Residential Road,Medium,Auto-Rickshaw,Minor,0
7926,7,Argora Chowk,23.3501735,85.2980709,2025-09-10,11:24:00,Wednesday,Rainy,Residential Road,Low,Two-Wheeler,Serious,1
7960,7,Argora Chowk,23.3501735,85.2980709,2021-12-06,06:06:00,Monday,Clear,Chowk/Intersection,Medium,Auto-Rickshaw,Minor,0
7992,7,Argora Chowk,23.3501735,85.2980709,2021-08-21,08:14:00,Saturday,Rainy,Chowk/Intersection,Medium,Car,Fatal,1
7993,7,Argora Chowk,23.3501735,85.2980709,2022-07-04,08:15:00,Monday,Clear,Chowk/Intersection,Low,Two-Wheeler,Minor,0
7997,7,Argora Chowk,23.3501735,85.2980709,2023-02-09,16:27:00,Thursday,Clear,Chowk/Intersection,Medium,Auto-Rickshaw,Serious,1
7999,7,Argora Chowk,23.3501735,85.2980709,2023-06-05,19:25:00,Monday,Clear,Chowk/Intersection,Medium,Auto-Rickshaw,Minor,1
46,8,Ratu Road,23.3795134,85.3104742,2025-06-17,17:25:00,Tuesday,Clear,Highway,Medium,Car,Serious,2
79,8,Ratu Road,23.3795134,85.3104742,2025-10-23,09:19:00,Thursday,Clear,Main Road,Low,Car,Minor,0
80,8,Ratu Road,23.3795134,85.3104742,2023-03-18,10:19:00,Saturday,Stormy,Residential Road,Medium,Bus,Minor,0
82,8,Ratu Road,23.3795134,85.3104742,2022-12-26,09:22:00,Monday,Clear,Residential Road,Medium,Two-Wheeler,Fatal,2
112,8,Ratu Road,23.3795134,85.3104742,2024-05-28,07:11:00,Tuesday,Clear,Chowk/Intersection,Medium,Two-Wheeler,Minor,1
143,8,Ratu Road,23.3795134,85.3104742,2024-01-31,09:34:00,Wednesday,Clear,Main Road,Low,Two-Wheeler,Serious,3
167,8,Ratu Road,23.3795134,85.3104742,2024-09-01,07:45:00,Sunday,Stormy,Chowk/Intersection,Medium,Auto-Rickshaw,Serious,3
188,8,Ratu Road,23.3795134,85.3104742,2024-01-02,18:10:00,Tuesday,Clear,Residential Road,High,Car,Fatal,3
193,8,Ratu Road,23.3795134,85.3104742,2023-07-10,16:37:00,Monday,Clear,Chowk/Intersection,High,Two-Wheeler,Minor,0
211,8,Ratu Road,23.3795134,85.3104742,2025-09-11,18:20:00,Thursday,Clear,Chowk/Intersection,Medium,Car,Minor,1
235,8,Ratu Road,23.3795134,85.3104742,2024-03-21,17:26:00,Thursday,Clear,Highway,High,Two-Wheeler,Minor,0
238,8,Ratu Road,23.3795134,85.3104742,2024-03-25,18:58:00,Monday,Clear,Main Road,High,Two-Wheeler,Minor,0
247,8,Ratu Road,23.3795134,85.3104742,2025-11-01,06:37:00,Saturday,Stormy,Residential Road,Medium,Two-Wheeler,Serious,1
259,8,Ratu Road,23.3795134,85.3104742,2023-05-16,07:12:00,Tuesday,Clear,Main Road,Medium,Car,Minor,0
284,8,Ratu Road,23.3795134,85.3104742,2021-06-15,11:02:00,Tuesday,Clear,Main Road,High,Car,Minor,1
294,8,Ratu Road,23.3795134,85.3104742,2024-08-23,10:38:00,Friday,Clear,Chowk/Intersection,Medium,Two-Wheeler,Serious,1
313,8,Ratu Road,23.3795134,85.3104742,2023-09-03,10:14:00,Sunday,Rainy,Residential Road,High,Two-Wheeler,Fatal,1
367,8,Ratu Road,23.3795134,85.3104742,2021-04-02,10:09:00,Friday,Clear,Residential Road,Medium,Auto-Rickshaw,Minor,0
417,8,Ratu Road,23.3795134,85.3104742,2024-02-07,19:00:00,Wednesday,Clear,Chowk/Intersection,High,Two-Wheeler,Minor,0
426,8,Ratu Road,23.3795134,85.3104742,2024-01-25,20:28:00,Thursday,Stormy,Chowk/Intersection,Medium,Two-Wheeler,Minor,0
437,8,Ratu Road,23.3795134,85.3104742,2022-10-23,20:23:00,Sunday,Clear,Main Road,Medium,Car,Serious,1
454,8,Ratu Road,23.3795134,85.3104742,2025-11-09,11:29:00,Sunday,Clear,Highway,Medium,Car,Fatal,2
455,8,Ratu Road,23.3795134,85.3104742,2025-11-30,18:12:00,Sunday,Clear,Main Road,High,Two-Wheeler,Minor,0
467,8,Ratu Road,23.3795134,85.3104742,2024-07-25,19:53:00,Thursday,Clear,Residential Road,Medium,Two-Wheeler,Minor,0
517,8,Ratu Road,23.3795134,85.3104742,2022-08-07,08:26:00,Sunday,Rainy,Chowk/Intersection,High,Two-Wheeler,Minor,0
586,8,Ratu Road,23.3795134,85.3104742,2021-06-30,11:20:00,Wednesday,Rainy,Main Road,Medium,Car,Serious,1
621,8,Ratu Road,23.3795134,85.3104742,2022-10-24,17:23:00,Monday,Rainy,Residential Road,Low,Car,Minor,1
689,8,Ratu Road,23.3795134,85.3104742,2025-02-09,08:38:00,Sunday,Stormy,Highway,High,Two-Wheeler,Minor,0
720,8,Ratu Road,23.3795134,85.3104742,2023-03-21,08:49:00,Tuesday,Rainy,Main Road,Low,Car,Serious,1
772,8,Ratu Road,23.3795134,85.3104742,2024-07-06,18:29:00,Saturday,Clear,Main Road,High,Car,Minor,0
788,8,Ratu Road,23.3795134,85.3104742,2021-02-20,20:50:00,Saturday,Stormy,Chowk/Intersection,Medium,Two-Wheeler,Fatal,2
816,8,Ratu Road,23.3795134,85.3104742,2022-12-05,20:31:00,Monday,Clear,Main Road,Medium,Auto-Rickshaw,Minor,0
877,8,Ratu Road,23.3795134,85.3104742,2023-05-15,07:05:00,Monday,Foggy,Chowk/Intersection,Medium,Two-Wheeler,Serious,2
881,8,Ratu Road,23.3795134,85.3104742,2024-12-07,11:23:00,Saturday,Rainy,Chowk/Intersection,Low,Car,Minor,1
882,8,Ratu Road,23.3795134,85.3104742,2024-04-14,23:19:00,Sunday,Clear,Residential Road,High,Bus,Serious,2
893,8,Ratu Road,23.3795134,85.3104742,2023-09-26,09:55:00,Tuesday,Clear,Highway,Medium,Car,Serious,3
898,8,Ratu Road,23.3795134,85.3104742,2024-09-11,08:39:00,Wednesday,Clear,Residential Road,High,Two-Wheeler,Minor,0
940,8,Ratu Road,23.3795134,85.3104742,2022-02-11,19:13:00,Friday,Clear,Main Road,Low,Bus,Minor,0
966,8,Ratu Road,23.3795134,85.3104742,2023-10-05,17:25:00,Thursday,Clear,Main Road,High,Two-Wheeler,Minor,0
1016,8,Ratu Road,23.3795134,85.3104742,2024-04-29,06:31:00,Monday,Clear,Main Road,High,Two-Wheeler,Serious,2
1031,8,Ratu Road,23.3795134,85.3104742,2023-12-08,19:36:00,Friday,Rainy,Highway,Low,Car,Serious,2
1037,8,Ratu Road,23.3795134,85.3104742,2024-11-01,09:13:00,Friday,Clear,Chowk/Intersection,Low,Two-Wheeler,Minor,0
1173,8,Ratu Road,23.3795134,85.3104742,2024-01-21,21:29:00,Sunday,Rainy,Chowk/Intersection,High,Two-Wheeler,Fatal,1
1202,8,Ratu Road,23.3795134,85.3104742,2023-12-26,07:34:00,Tuesday,Clear,Chowk/Intersection,High,Car,Minor,0
1218,8,Ratu Road,23.3795134,85.3104742,2024-07-10,19:56:00,Wednesday,Clear,Highway,Medium,Bus,Serious,1
1269,8,Ratu Road,23.3795134,85.3104742,2022-09-11,12:24:00,Sunday,Rainy,Main Road,High,Car,Serious,1
1336,8,Ratu Road,23.3795134,85.3104742,2023-08-07,14:25:00,Monday,Stormy,Main Road,High,Car,Minor,0
1357,8,Ratu Road,23.3795134,85.3104742,2021-03-27,19:58:00,Saturday,Foggy,Highway,Medium,Car,Minor,0
1377,8,Ratu Road,23.3795134,85.3104742,2022-01-18,10:09:00,Tuesday,Stormy,Chowk/Intersection,High,Two-Wheeler,Fatal,1
1394,8,Ratu Road,23.3795134,85.3104742,2024-08-06,17:10:00,Tuesday,Clear,Main Road,High,Car,Fatal,1
1411,8,Ratu Road,23.3795134,85.3104742,2023-12-04,09:36:00,Monday,Clear,Highway,Low,Car,Minor,1
1415,8,Ratu Road,23.3795134,85.3104742,2021-05-10,20:24:00,Monday,Clear,Main Road,Low,Two-Wheeler,Minor,1
1429,8,Ratu Road,23.3795134,85.3104742,2024-03-08,19:25:00,Friday,Clear,Chowk/Intersection,High,Car,Minor,0
1458,8,Ratu Road,23.3795134,85.3104742,2022-06-11,08:30:00,Saturday,Clear,Highway,High,Truck,Fatal,4
1521,8,Ratu Road,23.3795134,85.3104742,2022-03-25,17:08:00,Friday,Clear,Highway,High,Two-Wheeler,Minor,0
1527,8,Ratu Road,23.3795134,85.3104742,2021-06-01,08:24:00,Tuesday,Clear,Residential Road,High,Car,Serious,3
1528,8,Ratu Road,23.3795134,85.3104742,2023-12-24,07:50:00,Sunday,Clear,Chowk/Intersection,High,Car,Serious,3
1593,8,Ratu Road,23.3795134,85.3104742,2022-09-17,19:41:00,Saturday,Clear,Main Road,High,Two-Wheeler,Serious,3
1642,8,Ratu Road,23.3795134,85.3104742,2024-11-20,18:42:00,Wednesday,Rainy,Main Road,High,Two-Wheeler,Minor,0
1647,8,Ratu Road,23.3795134,85.3104742,2021-12-01,08:35:00,Wednesday,Clear,Main Road,Medium,Two-Wheeler,Minor,0
1765,8,Ratu Road,23.3795134,85.3104742,2022-12-31,18:44:00,Saturday,Clear,Highway,Low,Two-Wheeler,Fatal,1
1790,8,Ratu Road,23.3795134,85.3104742,2024-03-29,11:31:00,Friday,Clear,Highway,High,Two-Wheeler,Minor,0
1799,8,Ratu Road,23.3795134,85.3104742,2022-11-03,19:51:00,Thursday,Clear,Chowk/Intersection,Low,Two-Wheeler,Minor,1
1852,8,Ratu Road,23.3795134,85.3104742,2024-10-13,08:41:00,Sunday,Clear,Main Road,Low,Two-Wheeler,Minor,1
1868,8,Ratu Road,23.3795134,85.3104742,2022-08-21,22:25:00,Sunday,Clear,Main Road,Medium,Two-Wheeler,Minor,0
1869,8,Ratu Road,23.3795134,85.3104742,2023-12-04,19:49:00,Monday,Clear,Main Road,Medium,Two-Wheeler,Minor,1
1870,8,Ratu Road,23.3795134,85.3104742,2021-01-06,10:54:00,Wednesday,Clear,Residential Road,High,Car,Minor,0
1901,8,Ratu Road,23.3795134,85.3104742,2022-01-11,09:00:00,Tuesday,Rainy,Main Road,High,Two-Wheeler,Fatal,1
1969,8,Ratu Road,23.3795134,85.3104742,2025-10-15,08:16:00,Wednesday,Clear,Highway,High,Auto-Rickshaw,Fatal,1
1988,8,Ratu Road,23.3795134,85.3104742,2025-04-02,08:34:00,Wednesday,Clear,Residential Road,Medium,Auto-Rickshaw,Minor,0
2031,8,Ratu Road,23.3795134,85.3104742,2021-07-05,17:10:00,Monday,Clear,Highway,Medium,Two-Wheeler,Serious,1
2057,8,Ratu Road,23.3795134,85.3104742,2024-04-23,17:53:00,Tuesday,Clear,Highway,Low,Car,Minor,1
2066,8,Ratu Road,23.3795134,85.3104742,2022-08-18,18:23:00,Thursday,Foggy,Main Road,Low,Bus,Minor,0
2079,8,Ratu Road,23.3795134,85.3104742,2025-07-17,16:11:00,Thursday,Clear,Highway,Medium,Car,Serious,1
2090,8,Ratu Road,23.3795134,85.3104742,2025-10-28,17:24:00,Tuesday,Stormy,Main Road,Medium,Two-Wheeler,Serious,1
2111,8,Ratu Road,23.3795134,85.3104742,2022-06-08,18:05:00,Wednesday,Rainy,Highway,High,Auto-Rickshaw,Serious,2
2183,8,Ratu Road,23.3795134,85.3104742,2021-08-18,18:52:00,Wednesday,Clear,Chowk/Intersection,Low,Auto-Rickshaw,Minor,0
2254,8,Ratu Road,23.3795134,85.3104742,2022-04-23,15:52:00,Saturday,Clear,Main Road,Low,Two-Wheeler,Serious,2
2255,8,Ratu Road,23.3795134,85.3104742,2022-05-18,08:02:00,Wednesday,Clear,Residential Road,High,Two-Wheeler,Minor,1
2281,8,Ratu Road,23.3795134,85.3104742,2024-03-19,08:45:00,Tuesday,Rainy,Highway,Medium,Auto-Rickshaw,Serious,1
2302,8,Ratu Road,23.3795134,85.3104742,2022-04-01,16:45:00,Friday,Clear,Highway,Medium,Truck,Serious,3
2332,8,Ratu Road,23.3795134,85.3104742,2021-02-03,06:55:00,Wednesday,Clear,Main Road,Low,Two-Wheeler,Minor,0
2366,8,Ratu Road,23.3795134,85.3104742,2023-11-15,07:12:00,Wednesday,Rainy,Chowk/Intersection,High,Car,Minor,0
2371,8,Ratu Road,23.3795134,85.3104742,2021-11-19,10:15:00,Friday,Clear,Residential Road,Medium,Two-Wheeler,Minor,0
2391,8,Ratu Road,23.3795134,85.3104742,2023-03-21,17:16:00,Tuesday,Rainy,Main Road,High,Two-Wheeler,Minor,1
2469,8,Ratu Road,23.3795134,85.3104742,2025-08-10,08:11:00,Sunday,Clear,Chowk/Intersection,High,Two-Wheeler,Minor,1
2498,8,Ratu Road,23.3795134,85.3104742,2022-08-13,17:53:00,Saturday,Clear,Chowk/Intersection,Medium,Two-Wheeler,Minor,0
2554,8,Ratu Road,23.3795134,85.3104742,2023-01-21,08:59:00,Saturday,Clear,Highway,Low,Car,Minor,0
2561,8,Ratu Road,23.3795134,85.3104742,2022-11-20,16:55:00,Sunday,Foggy,Main Road,Low,Two-Wheeler,Fatal,4
2640,8,Ratu Road,23.3795134,85.3104742,2023-05-17,16:48:00,Wednesday,Clear,Residential Road,Medium,Bus,Serious,2
2700,8,Ratu Road,23.3795134,85.3104742,2025-09-10,18:41:00,Wednesday,Clear,Chowk/Intersection,High,Car,Minor,0
2708,8,Ratu Road,23.3795134,85.3104742,2025-09-15,18:33:00,Monday,Rainy,Residential Road,Medium,Bus,Serious,2
2748,8,Ratu Road,23.3795134,85.3104742,2022-06-12,06:23:00,Sunday,Stormy,Chowk/Intersection,Medium,Two-Wheeler,Minor,0
2751,8,Ratu Road,23.3795134,85.3104742,2022-12-05,09:17:00,Monday,Rainy,Chowk/Intersection,Low,Bus,Minor,0
2762,8,Ratu Road,23.3795134,85.3104742,2025-01-06,20:28:00,Monday,Clear,Chowk/Intersection,High,Two-Wheeler,Minor,1
2782,8,Ratu Road,23.3795134,85.3104742,2025-01-02,21:57:00,Thursday,Foggy,Chowk/Intersection,High,Bus,Serious,3
2783,8,Ratu Road,23.3795134,85.3104742,2022-09-10,08:22:00,Saturday,Foggy,Main Road,Low,Two-Wheeler,Serious,3
2802,8,Ratu Road,23.3795134,85.3104742,2024-08-19,08:31:00,Monday,Clear,Highway,Medium,Car,Serious,1
2812,8,Ratu Road,23.3795134,85.3104742,2025-11-25,17:58:00,Tuesday,Rainy,Highway,Medium,Two-Wheeler,Fatal,3
2816,8,Ratu Road,23.3795134,85.3104742,2023-05-07,19:34:00,Sunday,Clear,Highway,High,Truck,Minor,0
2822,8,Ratu Road,23.3795134,85.3104742,2024-03-17,08:57:00,Sunday,Clear,Highway,Low,Two-Wheeler,Fatal,1
2835,8,Ratu Road,23.3795134,85.3104742,2023-02-23,22:24:00,Thursday,Clear,Highway,Low,Auto-Rickshaw,Fatal,3
2860,8,Ratu Road,23.3795134,85.3104742,2023-07-31,19:46:00,Monday,Clear,Chowk/Intersection,Medium,Two-Wheeler,Minor,0
2922,8,Ratu Road,23.3795134,85.3104742,2024-01-18,10:38:00,Thursday,Clear,Chowk/Intersection,Medium,Two-Wheeler,Minor,0
2977,8,Ratu Road,23.3795134,85.3104742,2022-04-23,17:40:00,Saturday,Rainy,Highway,Low,Two-Wheeler,Serious,2
2986,8,Ratu Road,23.3795134,85.3104742,2023-03-05,18:13:00,Sunday,Clear,Chowk/Intersection,High,Car,Minor,0
2987,8,Ratu Road,23.3795134,85.3104742,2025-04-02,09:00:00,Wednesday,Clear,Main Road,High,Car,Minor,1
2989,8,Ratu Road,23.3795134,85.3104742,2025-11-08,17:45:00,Saturday,Clear,Residential Road,Medium,Truck,Minor,0
3031,8,Ratu Road,23.3795134,85.3104742,2024-05-16,08:01:00,Thursday,Clear,Residential Road,High,Car,Minor,0
3033,8,Ratu Road,23.3795134,85.3104742,2025-08-21,11:26:00,Thursday,Clear,Chowk/Intersection,Medium,Car,Minor,0
3059,8,Ratu Road,23.3795134,85.3104742,2024-03-15,09:12:00,Friday,Clear,Chowk/Intersection,Medium,Car,Serious,1
3101,8,Ratu Road,23.3795134,85.3104742,2023-09-13,08:50:00,Wednesday,Clear,Chowk/Intersection,Medium,Car,Minor,0
3138,8,Ratu Road,23.3795134,85.3104742,2024-06-13,07:11:00,Thursday,Clear,Highway,Medium,Two-Wheeler,Minor,0
3175,8,Ratu Road,23.3795134,85.3104742,2024-11-07,21:58:00,Thursday,Clear,Highway,Medium,Two-Wheeler,Serious,1
3213,8,Ratu Road,23.3795134,85.3104742,2022-03-02,17:00:00,Wednesday,Clear,Chowk/Intersection,Medium,Two-Wheeler,Serious,1
3221,8,Ratu Road,23.3795134,85.3104742,2025-02-13,09:01:00,Thursday,Rainy,Chowk/Intersection,Low,Two-Wheeler,Minor,1
3239,8,Ratu Road,23.3795134,85.3104742,2021-10-20,09:16:00,Wednesday,Foggy,Chowk/Intersection,Low,Truck,Fatal,3
3254,8,Ratu Road,23.3795134,85.3104742,2021-08-14,18:02:00,Saturday,Clear,Main Road,High,Auto-Rickshaw,Serious,1
3274,8,Ratu Road,23.3795134,85.3104742,2024-02-03,16:59:00,Saturday,Clear,Highway,Medium,Car,Serious,2
3286,8,Ratu Road,23.3795134,85.3104742,2022-11-29,20:11:00,Tuesday,Clear,Chowk/Intersection,High,Two-Wheeler,Minor,0
3336,8,Ratu Road,23.3795134,85.3104742,2023-05-19,19:39:00,Friday,Stormy,Main Road,Medium,Two-Wheeler,Minor,0
3368,8,Ratu Road,23.3795134,85.3104742,2021-11-17,17:53:00,Wednesday,Clear,Main Road,High,Two-Wheeler,Minor,0
3397,8,Ratu Road,23.3795134,85.3104742,2022-02-09,09:29:00,Wednesday,Clear,Chowk/Intersection,Medium,Two-Wheeler,Minor,0
3417,8,Ratu Road,23.3795134,85.3104742,2023-10-26,17:30:00,Thursday,Clear,Chowk/Intersection,High,Car,Serious,1
3418,8,Ratu Road,23.3795134,85.3104742,2024-11-18,09:29:00,Monday,Clear,Main Road,Low,Two-Wheeler,Minor,0
3471,8,Ratu Road,23.3795134,85.3104742,2022-11-09,17:36:00,Wednesday,Rainy,Chowk/Intersection,Medium,Two-Wheeler,Minor,1
3485,8,Ratu Road,23.3795134,85.3104742,2024-12-31,09:25:00,Tuesday,Clear,Highway,Medium,Car,Fatal,1
3500,8,Ratu Road,23.3795134,85.3104742,2024-08-17,17:29:00,Saturday,Clear,Chowk/Intersection,High,Car,Minor,0
3506,8,Ratu Road,23.3795134,85.3104742,2022-07-14,15:38:00,Thursday,Rainy,Chowk/Intersection,Medium,Auto-Rickshaw,Fatal,1
3632,8,Ratu Road,23.3795134,85.3104742,2023-02-24,08:19:00,Friday,Clear,Chowk/Intersection,High,Car,Minor,1
3645,8,Ratu Road,23.3795134,85.3104742,2024-07-25,17:00:00,Thursday,Clear,Highway,High,Two-Wheeler,Serious,1
3657,8,Ratu Road,23.3795134,85.3104742,2021-08-29,19:46:00,Sunday,Rainy,Residential Road,High,Two-Wheeler,Fatal,1
3681,8,Ratu Road,23.3795134,85.3104742,2022-09-23,11:47:00,Friday,Stormy,Chowk/Intersection,Medium,Two-Wheeler,Minor,0
3763,8,Ratu Road,23.3795134,85.3104742,2025-11-25,10:18:00,Tuesday,Clear,Residential Road,Low,Two-Wheeler,Minor,0
3846,8,Ratu Road,23.3795134,85.3104742,2021-08-16,16:21:00,Monday,Foggy,Highway,Low,Bus,Fatal,1
3864,8,Ratu Road,23.3795134,85.3104742,2023-08-11,19:54:00,Friday,Clear,Main Road,Medium,Car,Minor,0
3920,8,Ratu Road,23.3795134,85.3104742,2025-08-25,08:45:00,Monday,Clear,Chowk/Intersection,High,Two-Wheeler,Minor,1
3962,8,Ratu Road,23.3795134,85.3104742,2025-02-28,19:47:00,Friday,Clear,Chowk/Intersection,High,Two-Wheeler,Fatal,4
3982,8,Ratu Road,23.3795134,85.3104742,2022-04-03,21:41:00,Sunday,Clear,Main Road,Medium,Car,Minor,1
4024,8,Ratu Road,23.3795134,85.3104742,2023-12-22,08:41:00,Friday,Clear,Main Road,Low,Bus,Fatal,1
4041,8,Ratu Road,23.3795134,85.3104742,2023-03-19,21:13:00,Sunday,Clear,Chowk/Intersection,High,Auto-Rickshaw,Minor,1
4053,8,Ratu Road,23.3795134,85.3104742,2025-01-11,19:02:00,Saturday,Clear,Main Road,High,Two-Wheeler,Minor,0
4098,8,Ratu Road,23.3795134,85.3104742,2024-01-11,18:54:00,Thursday,Foggy,Chowk/Intersection,High,Auto-Rickshaw,Fatal,1
4101,8,Ratu Road,23.3795134,85.3104742,2021-09-14,18:20:00,Tuesday,Foggy,Main Road,Medium,Bus,Minor,0
4123,8,Ratu Road,23.3795134,85.3104742,2021-05-08,10:39:00,Saturday,Clear,Main Road,Low,Car,Serious,1
4155,8,Ratu Road,23.3795134,85.3104742,2024-05-30,20:01:00,Thursday,Clear,Chowk/Intersection,Medium,Auto-Rickshaw,Serious,2
4174,8,Ratu Road,23.3795134,85.3104742,2025-12-27,21:25:00,Saturday,Clear,Highway,Low,Car,Serious,1
4214,8,Ratu Road,23.3795134,85.3104742,2022-07-03,08:37:00,Sunday,Clear,Chowk/Intersection,High,Bus,Minor,0
4216,8,Ratu Road,23.3795134,85.3104742,2021-01-05,06:43:00,Tuesday,Clear,Residential Road,High,Two-Wheeler,Minor,1
4232,8,Ratu Road,23.3795134,85.3104742,2025-11-18,18:11:00,Tuesday,Clear,Chowk/Intersection,Low,Car,Minor,0
4260,8,Ratu Road,23.3795134,85.3104742,2023-09-17,19:29:00,Sunday,Clear,Highway,High,Car,Minor,1
4315,8,Ratu Road,23.3795134,85.3104742,2023-10-25,07:50:00,Wednesday,Clear,Main Road,Medium,Two-Wheeler,Serious,2
4320,8,Ratu Road,23.3795134,85.3104742,2022-11-09,16:47:00,Wednesday,Clear,Main Road,Medium,Car,Serious,2
4349,8,Ratu Road,23.3795134,85.3104742,2024-11-28,17:57:00,Thursday,Clear,Main Road,Low,Two-Wheeler,Minor,0
4363,8,Ratu Road,23.3795134,85.3104742,2024-07-24,10:17:00,Wednesday,Clear,Highway,High,Two-Wheeler,Fatal,3
4373,8,Ratu Road,23.3795134,85.3104742,2022-11-16,10:12:00,Wednesday,Clear,Chowk/Intersection,Medium,Two-Wheeler,Minor,0
4375,8,Ratu Road,23.3795134,85.3104742,2024-12-23,09:36:00,Monday,Rainy,Main Road,Medium,Auto-Rickshaw,Serious,2
4400,8,Ratu Road,23.3795134,85.3104742,2025-08-28,10:40:00,Thursday,Rainy,Chowk/Intersection,High,Auto-Rickshaw,Serious,1
4422,8,Ratu Road,23.3795134,85.3104742,2023-08-01,19:37:00,Tuesday,Clear,Main Road,Medium,Bus,Fatal,1
4439,8,Ratu Road,23.3795134,85.3104742,2022-08-02,07:11:00,Tuesday,Clear,Chowk/Intersection,Medium,Auto-Rickshaw,Fatal,1
4470,8,Ratu Road,23.3795134,85.3104742,2025-11-25,16:29:00,Tuesday,Clear,Chowk/Intersection,Medium,Car,Minor,1
4496,8,Ratu Road,23.3795134,85.3104742,2023-02-14,08:57:00,Tuesday,Clear,Main Road,High,Car,Minor,1
4505,8,Ratu Road,23.3795134,85.3104742,2021-02-01,20:48:00,Monday,Clear,Chowk/Intersection,Low,Two-Wheeler,Serious,2
4530,8,Ratu Road,23.3795134,85.3104742,2021-08-05,15:12:00,Thursday,Clear,Main Road,Medium,Two-Wheeler,Serious,1
4558,8,Ratu Road,23.3795134,85.3104742,2022-02-21,10:20:00,Monday,Clear,Main Road,Medium,Car,Serious,1
4589,8,Ratu Road,23.3795134,85.3104742,2022-11-13,08:11:00,Sunday,Clear,Chowk/Intersection,High,Bus,Minor,0
4615,8,Ratu Road,23.3795134,85.3104742,2025-12-08,10:27:00,Monday,Rainy,Residential Road,High,Two-Wheeler,Fatal,1
4677,8,Ratu Road,23.3795134,85.3104742,2025-10-16,10:03:00,Thursday,Clear,Chowk/Intersection,Medium,Car,Minor,0
4716,8,Ratu Road,23.3795134,85.3104742,2024-10-19,09:07:00,Saturday,Clear,Highway,Low,Two-Wheeler,Serious,2
4740,8,Ratu Road,23.3795134,85.3104742,2021-09-15,18:47:00,Wednesday,Clear,Residential Road,Low,Car,Minor,0
4752,8,Ratu Road,23.3795134,85.3104742,2022-04-19,19:44:00,Tuesday,Clear,Residential Road,Low,Car,Serious,2
4760,8,Ratu Road,23.3795134,85.3104742,2021-06-18,19:54:00,Friday,Clear,Chowk/Intersection,Medium,Two-Wheeler,Minor,1
4780,8,Ratu Road,23.3795134,85.3104742,2024-06-29,19:59:00,Saturday,Clear,Highway,High,Car,Minor,1
4823,8,Ratu Road,23.3795134,85.3104742,2023-06-19,18:13:00,Monday,Clear,Highway,Low,Two-Wheeler,Serious,1
4824,8,Ratu Road,23.3795134,85.3104742,2024-12-31,18:13:00,Tuesday,Clear,Residential Road,Medium,Two-Wheeler,Minor,0
4852,8,Ratu Road,23.3795134,85.3104742,2025-03-24,06:25:00,Monday,Clear,Main Road,Medium,Car,Minor,1
4901,8,Ratu Road,23.3795134,85.3104742,2024-11-25,18:40:00,Monday,Clear,Residential Road,Medium,Two-Wheeler,Serious,1
4934,8,Ratu Road,23.3795134,85.3104742,2024-03-24,12:37:00,Sunday,Clear,Highway,Medium,Truck,Fatal,3
4940,8,Ratu Road,23.3795134,85.3104742,2025-07-05,09:07:00,Saturday,Rainy,Chowk/Intersection,Medium,Car,Minor,1
4946,8,Ratu Road,23.3795134,85.3104742,2024-02-08,18:21:00,Thursday,Rainy,Main Road,Low,Two-Wheeler,Minor,1
5075,8,Ratu Road,23.3795134,85.3104742,2023-06-29,07:09:00,Thursday,Clear,Chowk/Intersection,Medium,Car,Minor,0
5133,8,Ratu Road,23.3795134,85.3104742,2024-09-16,20:00:00,Monday,Clear,Highway,Medium,Auto-Rickshaw,Minor,0
5166,8,Ratu Road,23.3795134,85.3104742,2021-11-03,09:35:00,Wednesday,Clear,Highway,Low,Two-Wheeler,Minor,1
5205,8,Ratu Road,23.3795134,85.3104742,2025-11-10,17:18:00,Monday,Clear,Main Road,Medium,Two-Wheeler,Minor,0
5259,8,Ratu Road,23.3795134,85.3104742,2024-03-24,18:24:00,Sunday,Foggy,Chowk/Intersection,Medium,Bus,Fatal,2
5298,8,Ratu Road,23.3795134,85.3104742,2023-09-05,09:17:00,Tuesday,Rainy,Highway,Medium,Truck,Minor,0
5363,8,Ratu Road,23.3795134,85.3104742,2021-01-24,09:35:00,Sunday,Clear,Chowk/Intersection,High,Car,Serious,3
5376,8,Ratu Road,23.3795134,85.3104742,2025-08-24,08:50:00,Sunday,Clear,Highway,Medium,Auto-Rickshaw,Minor,0
5449,8,Ratu Road,23.3795134,85.3104742,2022-04-19,15:52:00,Tuesday,Clear,Highway,Low,Car,Minor,1
5466,8,Ratu Road,23.3795134,85.3104742,2023-03-27,19:46:00,Monday,Clear,Chowk/Intersection,High,Two-Wheeler,Serious,1
5482,8,Ratu Road,23.3795134,85.3104742,2023-01-12,08:50:00,Thursday,Clear,Chowk/Intersection,Medium,Truck,Minor,0
5626,8,Ratu Road,23.3795134,85.3104742,2023-03-12,16:46:00,Sunday,Clear,Chowk/Intersection,Medium,Truck,Fatal,4
5709,8,Ratu Road,23.3795134,85.3104742,2023-03-11,17:33:00,Saturday,Clear,Main Road,Medium,Two-Wheeler,Minor,0
5727,8,Ratu Road,23.3795134,85.3104742,2024-07-31,09:51:00,Wednesday,Foggy,Main Road,Low,Two-Wheeler,Minor,0
5778,8,Ratu Road,23.3795134,85.3104742,2025-12-25,11:27:00,Thursday,Clear,Main Road,High,Two-Wheeler,Minor,1
5829,8,Ratu Road,23.3795134,85.3104742,2025-03-01,20:22:00,Saturday,Clear,Main Road,Medium,Car,Minor,1
5844,8,Ratu Road,23.3795134,85.3104742,2024-07-14,16:47:00,Sunday,Clear,Residential Road,High,Two-Wheeler,Minor,0
5860,8,Ratu Road,23.3795134,85.3104742,2023-03-28,18:27:00,Tuesday,Clear,Residential Road,High,Truck,Minor,0
5864,8,Ratu Road,23.3795134,85.3104742,2024-12-19,17:20:00,Thursday,Clear,Main Road,Medium,Two-Wheeler,Minor,1
5969,8,Ratu Road,23.3795134,85.3104742,2024-07-15,18:50:00,Monday,Clear,Chowk/Intersection,High,Two-Wheeler,Serious,1
5978,8,Ratu Road,23.3795134,85.3104742,2023-10-30,18:24:00,Monday,Rainy,Main Road,Medium,Truck,Serious,1
6073,8,Ratu Road,23.3795134,85.3104742,2025-06-18,19:01:00,Wednesday,Clear,Main Road,Low,Two-Wheeler,Fatal,2
6091,8,Ratu Road,23.3795134,85.3104742,2025-11-02,20:27:00,Sunday,Clear,Main Road,Medium,Two-Wheeler,Minor,0
6174,8,Ratu Road,23.3795134,85.3104742,2023-09-26,10:51:00,Tuesday,Clear,Residential Road,High,Two-Wheeler,Minor,0
6195,8,Ratu Road,23.3795134,85.3104742,2022-10-11,08:22:00,Tuesday,Clear,Main Road,Low,Two-Wheeler,Minor,1
6244,8,Ratu Road,23.3795134,85.3104742,2025-11-18,09:42:00,Tuesday,Rainy,Chowk/Intersection,High,Car,Serious,2
6334,8,Ratu Road,23.3795134,85.3104742,2024-10-11,08:46:00,Friday,Rainy,Residential Road,Low,Truck,Fatal,2
6339,8,Ratu Road,23.3795134,85.3104742,2022-06-08,07:28:00,Wednesday,Rainy,Residential Road,Low,Two-Wheeler,Fatal,3
6348,8,Ratu Road,23.3795134,85.3104742,2021-02-16,19:16:00,Tuesday,Clear,Chowk/Intersection,Medium,Auto-Rickshaw,Serious,1
6375,8,Ratu Road,23.3795134,85.3104742,2023-02-13,08:33:00,Monday,Rainy,Residential Road,High,Two-Wheeler,Serious,2
6377,8,Ratu Road,23.3795134,85.3104742,2021-08-28,07:25:00,Saturday,Clear,Main Road,High,Car,Serious,1
6384,8,Ratu Road,23.3795134,85.3104742,2024-07-16,08:27:00,Tuesday,Clear,Main Road,High,Car,Minor,0
6390,8,Ratu Road,23.3795134,85.3104742,2023-02-07,10:07:00,Tuesday,Clear,Highway,Medium,Two-Wheeler,Minor,0
6412,8,Ratu Road,23.3795134,85.3104742,2024-12-04,21:00:00,Wednesday,Clear,Chowk/Intersection,Medium,Car,Minor,0
6425,8,Ratu Road,23.3795134,85.3104742,2025-10-30,06:05:00,Thursday,Clear,Chowk/Intersection,High,Two-Wheeler,Minor,0
6428,8,Ratu Road,23.3795134,85.3104742,2025-01-30,19:47:00,Thursday,Clear,Chowk/Intersection,High,Two-Wheeler,Minor,0
6475,8,Ratu Road,23.3795134,85.3104742,2025-12-23,20:37:00,Tuesday,Rainy,Chowk/Intersection,Medium,Two-Wheeler,Serious,2
6497,8,Ratu Road,23.3795134,85.3104742,2022-04-13,08:10:00,Wednesday,Clear,Chowk/Intersection,High,Auto-Rickshaw,Fatal,1
6524,8,Ratu Road,23.3795134,85.3104742,2025-10-22,10:19:00,Wednesday,Clear,Main Road,Low,Two-Wheeler,Serious,3
6538,8,Ratu Road,23.3795134,85.3104742,2023-05-10,16:40:00,Wednesday,Clear,Chowk/Intersection,Medium,Car,Minor,0
6542,8,Ratu Road,23.3795134,85.3104742,2021-05-15,18:36:00,Saturday,Foggy,Residential Road,High,Car,Minor,1
6550,8,Ratu Road,23.3795134,85.3104742,2021-01-16,07:37:00,Saturday,Clear,Chowk/Intersection,High,Two-Wheeler,Serious,2
6558,8,Ratu Road,23.3795134,85.3104742,2023-05-15,08:51:00,Monday,Clear,Highway,Medium,Two-Wheeler,Fatal,4
6577,8,Ratu Road,23.3795134,85.3104742,2024-02-13,16:31:00,Tuesday,Clear,Chowk/Intersection,Medium,Two-Wheeler,Minor,0
6591,8,Ratu Road,23.3795134,85.3104742,2025-05-07,08:03:00,Wednesday,Clear,Residential Road,Medium,Bus,Minor,1
6710,8,Ratu Road,23.3795134,85.3104742,2021-03-08,16:05:00,Monday,Clear,Highway,High,Two-Wheeler,Serious,2
6711,8,Ratu Road,23.3795134,85.3104742,2022-01-01,08:19:00,Saturday,Foggy,Chowk/Intersection,High,Two-Wheeler,Serious,1
6726,8,Ratu Road,23.3795134,85.3104742,2025-09-03,18:13:00,Wednesday,Clear,Chowk/Intersection,High,Two-Wheeler,Serious,1
6812,8,Ratu Road,23.3795134,85.3104742,2021-08-06,16:10:00,Friday,Clear,Highway,High,Two-Wheeler,Serious,2
6854,8,Ratu Road,23.3795134,85.3104742,2021-09-11,16:00:00,Saturday,Clear,Chowk/Intersection,High,Car,Serious,2
6893,8,Ratu Road,23.3795134,85.3104742,2025-09-03,09:57:00,Wednesday,Clear,Highway,Medium,Auto-Rickshaw,Minor,0
6970,8,Ratu Road,23.3795134,85.3104742,2021-09-07,19:12:00,Tuesday,Rainy,Main Road,Medium,Two-Wheeler,Minor,0
7000,8,Ratu Road,23.3795134,85.3104742,2024-06-11,17:27:00,Tuesday,Clear,Highway,Medium,Car,Minor,0
7018,8,Ratu Road,23.3795134,85.3104742,2021-08-05,07:39:00,Thursday,Clear,Chowk/Intersection,Medium,Two-Wheeler,Minor,0
7079,8,Ratu Road,23.3795134,85.3104742,2021-08-16,18:55:00,Monday,Clear,Residential Road,Medium,Car,Serious,1
7107,8,Ratu Road,23.3795134,85.3104742,2024-02-21,17:32:00,Wednesday,Rainy,Chowk/Intersection,Medium,Bus,Serious,2
7121,8,Ratu Road,23.3795134,85.3104742,2025-01-11,10:44:00,Saturday,Clear,Chowk/Intersection,Low,Auto-Rickshaw,Minor,0
7126,8,Ratu Road,23.3795134,85.3104742,2024-01-13,21:27:00,Saturday,Clear,Main Road,Medium,Truck,Serious,2
7154,8,Ratu Road,23.3795134,85.3104742,2024-05-01,07:33:00,Wednesday,Rainy,Main Road,Medium,Auto-Rickshaw,Minor,0
7159,8,Ratu Road,23.3795134,85.3104742,2025-05-10,17:29:00,Saturday,Clear,Highway,High,Two-Wheeler,Minor,0
7205,8,Ratu Road,23.3795134,85.3104742,2022-06-10,06:40:00,Friday,Rainy,Residential Road,Low,Auto-Rickshaw,Minor,1
7208,8,Ratu Road,23.3795134,85.3104742,2022-11-11,09:59:00,Friday,Clear,Chowk/Intersection,High,Bus,Minor,0
7252,8,Ratu Road,23.3795134,85.3104742,2022-11-08,19:48:00,Tuesday,Clear,Highway,High,Two-Wheeler,Fatal,1
7273,8,Ratu Road,23.3795134,85.3104742,2025-05-18,19:59:00,Sunday,Clear,Main Road,Medium,Two-Wheeler,Minor,1
7283,8,Ratu Road,23.3795134,85.3104742,2021-05-19,07:03:00,Wednesday,Rainy,Chowk/Intersection,Low,Two-Wheeler,Minor,1
7312,8,Ratu Road,23.3795134,85.3104742,2023-03-31,11:59:00,Friday,Clear,Residential Road,Medium,Two-Wheeler,Serious,3
7322,8,Ratu Road,23.3795134,85.3104742,2025-01-29,19:47:00,Wednesday,Rainy,Chowk/Intersection,Low,Two-Wheeler,Minor,0
7324,8,Ratu Road,23.3795134,85.3104742,2025-01-21,17:47:00,Tuesday,Stormy,Main Road,High,Two-Wheeler,Serious,2
7353,8,Ratu Road,23.3795134,85.3104742,2025-08-30,07:07:00,Saturday,Rainy,Highway,Low,Auto-Rickshaw,Minor,0
7374,8,Ratu Road,23.3795134,85.3104742,2022-02-23,20:34:00,Wednesday,Foggy,Main Road,Medium,Two-Wheeler,Serious,3
7378,8,Ratu Road,23.3795134,85.3104742,2024-05-29,09:20:00,Wednesday,Rainy,Main Road,High,Bus,Serious,1
7423,8,Ratu Road,23.3795134,85.3104742,2021-06-16,16:52:00,Wednesday,Clear,Main Road,High,Two-Wheeler,Serious,2
7458,8,Ratu Road,23.3795134,85.3104742,2021-06-15,08:03:00,Tuesday,Clear,Main Road,Medium,Two-Wheeler,Serious,2
7475,8,Ratu Road,23.3795134,85.3104742,2023-01-15,20:37:00,Sunday,Rainy,Main Road,Medium,Auto-Rickshaw,Minor,1
7533,8,Ratu Road,23.3795134,85.3104742,2025-10-06,18:40:00,Monday,Stormy,Highway,High,Two-Wheeler,Serious,3
7630,8,Ratu Road,23.3795134,85.3104742,2023-10-06,07:45:00,Friday,Clear,Main Road,High,Car,Minor,0
7676,8,Ratu Road,23.3795134,85.3104742,2022-01-22,18:14:00,Saturday,Clear,Chowk/Intersection,Medium,Car,Minor,0
7685,8,Ratu Road,23.3795134,85.3104742,2024-02-18,07:25:00,Sunday,Foggy,Chowk/Intersection,High,Car,Serious,2
7703,8,Ratu Road,23.3795134,85.3104742,2024-09-17,18:56:00,Tuesday,Rainy,Chowk/Intersection,Medium,Two-Wheeler,Fatal,4
7721,8,Ratu Road,23.3795134,85.3104742,2023-07-07,20:37:00,Friday,Clear,Chowk/Intersection,Medium,Car,Minor,1
7755,8,Ratu Road,23.3795134,85.3104742,2023-10-01,09:45:00,Sunday,Foggy,Chowk/Intersection,Low,Two-Wheeler,Serious,1
7816,8,Ratu Road,23.3795134,85.3104742,2024-04-19,18:50:00,Friday,Clear,Chowk/Intersection,High,Two-Wheeler,Minor,1
7819,8,Ratu Road,23.3795134,85.3104742,2024-10-07,18:05:00,Monday,Rainy,Highway,High,Two-Wheeler,Fatal,2
7847,8,Ratu Road,23.3795134,85.3104742,2022-06-30,06:09:00,Thursday,Clear,Highway,Medium,Two-Wheeler,Minor,0
7851,8,Ratu Road,23.3795134,85.3104742,2022-03-06,09:30:00,Sunday,Rainy,Main Road,Medium,Two-Wheeler,Minor,0
7869,8,Ratu Road,23.3795134,85.3104742,2024-12-20,18:53:00,Friday,Clear,Main Road,Medium,Bus,Fatal,1
7874,8,Ratu Road,23.3795134,85.3104742,2023-09-29,05:07:00,Friday,Clear,Chowk/Intersection,Medium,Truck,Minor,1
7876,8,Ratu Road,23.3795134,85.3104742,2025-10-12,07:39:00,Sunday,Clear,Main Road,Medium,Two-Wheeler,Minor,0
7900,8,Ratu Road,23.3795134,85.3104742,2025-09-19,06:59:00,Friday,Stormy,Main Road,Medium,Car,Minor,0
7928,8,Ratu Road,23.3795134,85.3104742,2024-03-20,05:35:00,Wednesday,Clear,Chowk/Intersection,Medium,Car,Serious,3
7938,8,Ratu Road,23.3795134,85.3104742,2021-06-29,07:57:00,Tuesday,Clear,Main Road,High,Car,Minor,1
7945,8,Ratu Road,23.3795134,85.3104742,2025-10-22,10:45:00,Wednesday,Clear,Highway,High,Two-Wheeler,Minor,0
7948,8,Ratu Road,23.3795134,85.3104742,2024-02-23,08:51:00,Friday,Rainy,Residential Road,Low,Two-Wheeler,Minor,0
7963,8,Ratu Road,23.3795134,85.3104742,2025-09-22,08:05:00,Monday,Rainy,Highway,Medium,Two-Wheeler,Fatal,1
3,9,Kanke Road,23.3793662,85.3163869,2023-09-06,09:48:00,Wednesday,Clear,Chowk/Intersection,High,Two-Wheeler,Minor,1
48,9,Kanke Road,23.3793662,85.3163869,2021-09-12,19:13:00,Sunday,Foggy,Residential Road,Low,Car,Minor,1
53,9,Kanke Road,23.3793662,85.3163869,2023-12-07,18:22:00,Thursday,Clear,Main Road,High,Car,Minor,0
70,9,Kanke Road,23.3793662,85.3163869,2025-10-24,08:19:00,Friday,Clear,Main Road,Low,Two-Wheeler,Minor,0
105,9,Kanke Road,23.3793662,85.3163869,2023-07-02,20:04:00,Sunday,Clear,Residential Road,Medium,Car,Minor,1
192,9,Kanke Road,23.3793662,85.3163869,2023-04-13,09:46:00,Thursday,Clear,Chowk/Intersection,High,Two-Wheeler,Minor,0
279,9,Kanke Road,23.3793662,85.3163869,2024-11-04,07:43:00,Monday,Stormy,Chowk/Intersection,Medium,Car,Minor,0
290,9,Kanke Road,23.3793662,85.3163869,2023-04-21,10:58:00,Friday,Stormy,Main Road,Medium,Auto-Rickshaw,Minor,0
332,9,Kanke Road,23.3793662,85.3163869,2024-08-24,11:30:00,Saturday,Rainy,Chowk/Intersection,High,Two-Wheeler,Serious,2
348,9,Kanke Road,23.3793662,85.3163869,2021-04-01,09:24:00,Thursday,Clear,Chowk/Intersection,Low,Two-Wheeler,Minor,0
358,9,Kanke Road,23.3793662,85.3163869,2023-09-11,18:35:00,Monday,Clear,Chowk/Intersection,High,Two-Wheeler,Minor,0
460,9,Kanke Road,23.3793662,85.3163869,2025-11-27,18:34:00,Thursday,Clear,Highway,Low,Bus,Serious,1
463,9,Kanke Road,23.3793662,85.3163869,2022-02-02,19:47:00,Wednesday,Rainy,Chowk/Intersection,High,Two-Wheeler,Minor,0
575,9,Kanke Road,23.3793662,85.3163869,2023-11-24,20:41:00,Friday,Clear,Main Road,High,Two-Wheeler,Fatal,4
581,9,Kanke Road,23.3793662,85.3163869,2023-10-28,09:17:00,Saturday,Clear,Chowk/Intersection,Medium,Car,Minor,1
598,9,Kanke Road,23.3793662,85.3163869,2023-03-10,07:14:00,Friday,Clear,Chowk/Intersection,High,Car,Minor,1
620,9,Kanke Road,23.3793662,85.3163869,2025-10-21,19:40:00,Tuesday,Clear,Chowk/Intersection,High,Two-Wheeler,Serious,1
640,9,Kanke Road,23.3793662,85.3163869,2023-04-01,08:57:00,Saturday,Clear,Main Road,Medium,Two-Wheeler,Serious,1
728,9,Kanke Road,23.3793662,85.3163869,2022-12-01,19:16:00,Thursday,Clear,Residential Road,Low,Car,Minor,0
785,9,Kanke Road,23.3793662,85.3163869,2023-10-21,09:31:00,Saturday,Stormy,Chowk/Intersection,Low,Car,Minor,0
795,9,Kanke Road,23.3793662,85.3163869,2024-11-01,19:39:00,Friday,Clear,Chowk/Intersection,Medium,Auto-Rickshaw,Minor,1
905,9,Kanke Road,23.3793662,85.3163869,2021-04-15,16:40:00,Thursday,Clear,Residential Road,Medium,Two-Wheeler,Minor,0
1066,9,Kanke Road,23.3793662,85.3163869,2022-02-06,17:12:00,Sunday,Clear,Chowk/Intersection,High,Two-Wheeler,Minor,0
1129,9,Kanke Road,23.3793662,85.3163869,2023-03-21,09:50:00,Tuesday,Clear,Highway,Low,Auto-Rickshaw,Fatal,3
1154,9,Kanke Road,23.3793662,85.3163869,2021-03-03,20:54:00,Wednesday,Clear,Highway,High,Car,Fatal,1
1158,9,Kanke Road,23.3793662,85.3163869,2025-03-17,10:53:00,Monday,Clear,Chowk/Intersection,Medium,Two-Wheeler,Serious,1
1240,9,Kanke Road,23.3793662,85.3163869,2025-06-04,11:18:00,Wednesday,Clear,Main Road,Low,Two-Wheeler,Minor,0
1350,9,Kanke Road,23.3793662,85.3163869,2024-05-13,15:10:00,Monday,Foggy,Residential Road,High,Two-Wheeler,Fatal,1
1366,9,Kanke Road,23.3793662,85.3163869,2025-07-12,07:26:00,Saturday,Clear,Chowk/Intersection,High,Two-Wheeler,Minor,0
1494,9,Kanke Road,23.3793662,85.3163869,2021-01-23,09:13:00,Saturday,Clear,Residential Road,Low,Two-Wheeler,Fatal,1
1641,9,Kanke Road,23.3793662,85.3163869,2024-09-05,10:19:00,Thursday,Clear,Chowk/Intersection,Medium,Car,Fatal,1
1683,9,Kanke Road,23.3793662,85.3163869,2021-11-19,05:18:00,Friday,Clear,Chowk/Intersection,High,Bus,Minor,0
1777,9,Kanke Road,23.3793662,85.3163869,2025-06-07,11:02:00,Saturday,Clear,Chowk/Intersection,Medium,Car,Minor,0
1971,9,Kanke Road,23.3793662,85.3163869,2022-12-07,06:27:00,Wednesday,Clear,Residential Road,High,Two-Wheeler,Minor,0
2039,9,Kanke Road,23.3793662,85.3163869,2023-03-31,09:07:00,Friday,Rainy,Residential Road,High,Two-Wheeler,Serious,3
2125,9,Kanke Road,23.3793662,85.3163869,2025-03-08,07:48:00,Saturday,Clear,Main Road,Low,Two-Wheeler,Minor,0
2138,9,Kanke Road,23.3793662,85.3163869,2023-09-11,12:48:00,Monday,Rainy,Highway,High,Two-Wheeler,Minor,0
2203,9,Kanke Road,23.3793662,85.3163869,2022-05-13,17:44:00,Friday,Clear,Main Road,High,Car,Serious,3
2225,9,Kanke Road,23.3793662,85.3163869,2025-09-22,09:45:00,Monday,Rainy,Main Road,High,Two-Wheeler,Minor,1
2441,9,Kanke Road,23.3793662,85.3163869,2025-04-10,19:58:00,Thursday,Rainy,Chowk/Intersection,Medium,Car,Minor,1
2481,9,Kanke Road,23.3793662,85.3163869,2025-08-10,17:20:00,Sunday,Clear,Main Road,High,Auto-Rickshaw,Serious,2
2486,9,Kanke Road,23.3793662,85.3163869,2022-03-28,17:05:00,Monday,Rainy,Chowk/Intersection,Medium,Two-Wheeler,Fatal,1
2505,9,Kanke Road,23.3793662,85.3163869,2024-09-30,17:00:00,Monday,Clear,Chowk/Intersection,Medium,Car,Minor,1
2512,9,Kanke Road,23.3793662,85.3163869,2021-10-11,18:52:00,Monday,Rainy,Chowk/Intersection,High,Bus,Minor,0
2529,9,Kanke Road,23.3793662,85.3163869,2024-09-07,09:57:00,Saturday,Rainy,Main Road,Medium,Two-Wheeler,Serious,2
2552,9,Kanke Road,23.3793662,85.3163869,2025-04-30,08:49:00,Wednesday,Clear,Main Road,Medium,Auto-Rickshaw,Minor,0
2605,9,Kanke Road,23.3793662,85.3163869,2022-12-07,09:11:00,Wednesday,Foggy,Chowk/Intersection,Medium,Two-Wheeler,Serious,1
2652,9,Kanke Road,23.3793662,85.3163869,2022-08-08,19:12:00,Monday,Clear,Residential Road,High,Car,Fatal,3
2685,9,Kanke Road,23.3793662,85.3163869,2025-10-12,17:47:00,Sunday,Stormy,Chowk/Intersection,Low,Two-Wheeler,Serious,1
2690,9,Kanke Road,23.3793662,85.3163869,2023-12-26,19:13:00,Tuesday,Clear,Residential Road,Medium,Auto-Rickshaw,Minor,0
2721,9,Kanke Road,23.3793662,85.3163869,2024-05-10,07:16:00,Friday,Clear,Chowk/Intersection,High,Two-Wheeler,Minor,1
2789,9,Kanke Road,23.3793662,85.3163869,2024-02-16,12:01:00,Friday,Clear,Chowk/Intersection,High,Car,Minor,0
2856,9,Kanke Road,23.3793662,85.3163869,2022-07-27,10:37:00,Wednesday,Rainy,Chowk/Intersection,High,Two-Wheeler,Minor,0
2865,9,Kanke Road,23.3793662,85.3163869,2025-05-05,21:42:00,Monday,Clear,Main Road,High,Car,Fatal,4
2894,9,Kanke Road,23.3793662,85.3163869,2023-01-30,10:41:00,Monday,Clear,Main Road,Medium,Two-Wheeler,Minor,0
3032,9,Kanke Road,23.3793662,85.3163869,2024-11-26,17:50:00,Tuesday,Foggy,Residential Road,Medium,Auto-Rickshaw,Minor,1
3062,9,Kanke Road,23.3793662,85.3163869,2025-08-22,17:32:00,Friday,Clear,Chowk/Intersection,Low,Car,Fatal,1
3108,9,Kanke Road,23.3793662,85.3163869,2021-11-19,18:39:00,Friday,Stormy,Residential Road,Medium,Truck,Serious,1
3131,9,Kanke Road,23.3793662,85.3163869,2021-01-05,09:28:00,Tuesday,Clear,Chowk/Intersection,Low,Auto-Rickshaw,Fatal,1
3145,9,Kanke Road,23.3793662,85.3163869,2021-01-25,20:15:00,Monday,Clear,Main Road,High,Bus,Minor,1
3154,9,Kanke Road,23.3793662,85.3163869,2025-11-30,17:03:00,Sunday,Rainy,Chowk/Intersection,Medium,Two-Wheeler,Serious,2
3179,9,Kanke Road,23.3793662,85.3163869,2023-12-23,16:56:00,Saturday,Clear,Chowk/Intersection,High,Car,Serious,2
3203,9,Kanke Road,23.3793662,85.3163869,2021-03-04,16:34:00,Thursday,Clear,Chowk/Intersection,Low,Auto-Rickshaw,Minor,0
3315,9,Kanke Road,23.3793662,85.3163869,2024-05-07,05:44:00,Tuesday,Foggy,Chowk/Intersection,Medium,Car,Minor,0
3386,9,Kanke Road,23.3793662,85.3163869,2023-08-01,11:25:00,Tuesday,Stormy,Highway,Medium,Car,Serious,1
3444,9,Kanke Road,23.3793662,85.3163869,2021-10-19,19:56:00,Tuesday,Clear,Chowk/Intersection,High,Car,Minor,0
3588,9,Kanke Road,23.3793662,85.3163869,2025-11-23,19:59:00,Sunday,Clear,Residential Road,Medium,Two-Wheeler,Minor,0
4045,9,Kanke Road,23.3793662,85.3163869,2025-06-24,07:44:00,Tuesday,Clear,Highway,Medium,Auto-Rickshaw,Serious,1
4118,9,Kanke Road,23.3793662,85.3163869,2024-03-27,07:06:00,Wednesday,Rainy,Main Road,Medium,Two-Wheeler,Minor,1
4164,9,Kanke Road,23.3793662,85.3163869,2021-11-19,08:54:00,Friday,Stormy,Highway,Medium,Two-Wheeler,Minor,1
4194,9,Kanke Road,23.3793662,85.3163869,2024-05-28,17:02:00,Tuesday,Stormy,Chowk/Intersection,High,Truck,Serious,2
4225,9,Kanke Road,23.3793662,85.3163869,2021-12-23,17:54:00,Thursday,Clear,Chowk/Intersection,High,Auto-Rickshaw,Minor,0
4231,9,Kanke Road,23.3793662,85.3163869,2025-09-11,09:07:00,Thursday,Rainy,Main Road,Low,Bus,Serious,1
4290,9,Kanke Road,23.3793662,85.3163869,2022-07-05,17:00:00,Tuesday,Rainy,Main Road,Medium,Two-Wheeler,Minor,0
4292,9,Kanke Road,23.3793662,85.3163869,2024-05-28,08:51:00,Tuesday,Foggy,Chowk/Intersection,Low,Bus,Minor,0
4332,9,Kanke Road,23.3793662,85.3163869,2024-05-20,17:12:00,Monday,Rainy,Highway,Low,Two-Wheeler,Minor,0
4389,9,Kanke Road,23.3793662,85.3163869,2025-05-31,06:26:00,Saturday,Clear,Chowk/Intersection,High,Two-Wheeler,Minor,0
4397,9,Kanke Road,23.3793662,85.3163869,2021-12-21,17:38:00,Tuesday,Stormy,Chowk/Intersection,High,Car,Minor,1
4449,9,Kanke Road,23.3793662,85.3163869,2023-04-30,09:28:00,Sunday,Clear,Highway,Medium,Two-Wheeler,Serious,2
4489,9,Kanke Road,23.3793662,85.3163869,2022-08-25,09:06:00,Thursday,Rainy,Main Road,High,Two-Wheeler,Minor,0
4547,9,Kanke Road,23.3793662,85.3163869,2023-10-15,18:20:00,Sunday,Clear,Main Road,High,Two-Wheeler,Minor,0
4605,9,Kanke Road,23.3793662,85.3163869,2022-07-13,09:53:00,Wednesday,Foggy,Main Road,High,Two-Wheeler,Serious,3
4733,9,Kanke Road,23.3793662,85.3163869,2023-09-08,10:30:00,Friday,Clear,Main Road,Medium,Two-Wheeler,Minor,0
4770,9,Kanke Road,23.3793662,85.3163869,2024-10-02,19:30:00,Wednesday,Clear,Residential Road,High,Two-Wheeler,Minor,0
4815,9,Kanke Road,23.3793662,85.3163869,2021-03-08,15:11:00,Monday,Clear,Highway,Medium,Two-Wheeler,Serious,1
4821,9,Kanke Road,23.3793662,85.3163869,2023-10-11,09:55:00,Wednesday,Rainy,Highway,Medium,Car,Minor,0
4840,9,Kanke Road,23.3793662,85.3163869,2022-03-16,08:05:00,Wednesday,Clear,Highway,High,Truck,Fatal,1
4982,9,Kanke Road,23.3793662,85.3163869,2021-09-07,16:25:00,Tuesday,Clear,Main Road,Medium,Two-Wheeler,Minor,1
5023,9,Kanke Road,23.3793662,85.3163869,2023-09-11,07:11:00,Monday,Clear,Highway,High,Two-Wheeler,Minor,0
5060,9,Kanke Road,23.3793662,85.3163869,2022-05-12,19:45:00,Thursday,Foggy,Chowk/Intersection,Medium,Bus,Minor,0
5118,9,Kanke Road,23.3793662,85.3163869,2022-08-16,11:01:00,Tuesday,Foggy,Residential Road,Low,Two-Wheeler,Serious,2
5123,9,Kanke Road,23.3793662,85.3163869,2024-05-19,10:03:00,Sunday,Clear,Main Road,High,Two-Wheeler,Serious,3
5352,9,Kanke Road,23.3793662,85.3163869,2024-12-13,11:25:00,Friday,Clear,Chowk/Intersection,Low,Car,Fatal,3
5354,9,Kanke Road,23.3793662,85.3163869,2023-06-08,19:57:00,Thursday,Rainy,Chowk/Intersection,High,Two-Wheeler,Minor,1
5410,9,Kanke Road,23.3793662,85.3163869,2024-02-28,07:47:00,Wednesday,Clear,Main Road,Medium,Two-Wheeler,Fatal,1
5454,9,Kanke Road,23.3793662,85.3163869,2024-12-09,05:59:00,Monday,Rainy,Chowk/Intersection,High,Car,Minor,0
5489,9,Kanke Road,23.3793662,85.3163869,2024-05-28,06:01:00,Tuesday,Rainy,Main Road,Medium,Truck,Serious,1
5636,9,Kanke Road,23.3793662,85.3163869,2023-06-20,09:21:00,Tuesday,Stormy,Highway,Medium,Two-Wheeler,Minor,0
5706,9,Kanke Road,23.3793662,85.3163869,2025-08-03,08:03:00,Sunday,Clear,Highway,High,Bus,Fatal,4
5756,9,Kanke Road,23.3793662,85.3163869,2024-07-26,19:26:00,Friday,Clear,Chowk/Intersection,High,Car,Serious,2
5788,9,Kanke Road,23.3793662,85.3163869,2025-01-04,08:27:00,Saturday,Foggy,Chowk/Intersection,High,Two-Wheeler,Minor,0
5790,9,Kanke Road,23.3793662,85.3163869,2025-09-19,19:53:00,Friday,Clear,Chowk/Intersection,Low,Auto-Rickshaw,Minor,1
5813,9,Kanke Road,23.3793662,85.3163869,2021-10-25,09:02:00,Monday,Stormy,Main Road,Medium,Auto-Rickshaw,Fatal,1
5909,9,Kanke Road,23.3793662,85.3163869,2023-06-17,08:16:00,Saturday,Clear,Residential Road,Medium,Car,Serious,2
5980,9,Kanke Road,23.3793662,85.3163869,2024-04-17,20:20:00,Wednesday,Rainy,Highway,High,Two-Wheeler,Fatal,3
6000,9,Kanke Road,23.3793662,85.3163869,2022-08-24,09:18:00,Wednesday,Clear,Main Road,High,Two-Wheeler,Minor,0
6160,9,Kanke Road,23.3793662,85.3163869,2024-11-18,07:26:00,Monday,Clear,Main Road,Low,Car,Serious,2
6163,9,Kanke Road,23.3793662,85.3163869,2024-03-09,17:21:00,Saturday,Rainy,Main Road,Medium,Car,Serious,1
6171,9,Kanke Road,23.3793662,85.3163869,2025-07-25,18:14:00,Friday,Clear,Chowk/Intersection,High,Bus,Minor,0
6257,9,Kanke Road,23.3793662,85.3163869,2023-05-02,17:42:00,Tuesday,Clear,Chowk/Intersection,Medium,Car,Minor,0
6609,9,Kanke Road,23.3793662,85.3163869,2022-10-19,08:03:00,Wednesday,Clear,Main Road,Low,Two-Wheeler,Minor,1
6859,9,Kanke Road,23.3793662,85.3163869,2021-04-06,18:39:00,Tuesday,Rainy,Chowk/Intersection,Medium,Car,Serious,3
6940,9,Kanke Road,23.3793662,85.3163869,2025-01-25,11:30:00,Saturday,Rainy,Chowk/Intersection,Medium,Auto-Rickshaw,Serious,1
7156,9,Kanke Road,23.3793662,85.3163869,2025-06-13,10:26:00,Friday,Clear,Main Road,Low,Car,Serious,1
7198,9,Kanke Road,23.3793662,85.3163869,2024-11-18,06:40:00,Monday,Clear,Residential Road,Medium,Truck,Minor,1
7245,9,Kanke Road,23.3793662,85.3163869,2024-02-06,07:45:00,Tuesday,Clear,Main Road,High,Two-Wheeler,Serious,1
7255,9,Kanke Road,23.3793662,85.3163869,2023-03-05,19:38:00,Sunday,Clear,Chowk/Intersection,Medium,Car,Serious,1
7293,9,Kanke Road,23.3793662,85.3163869,2024-08-20,10:01:00,Tuesday,Clear,Main Road,High,Two-Wheeler,Minor,1
7300,9,Kanke Road,23.3793662,85.3163869,2021-06-17,09:57:00,Thursday,Clear,Main Road,Medium,Car,Minor,0
7504,9,Kanke Road,23.3793662,85.3163869,2024-11-19,09:15:00,Tuesday,Rainy,Chowk/Intersection,Low,Auto-Rickshaw,Fatal,1
7551,9,Kanke Road,23.3793662,85.3163869,2023-12-26,08:45:00,Tuesday,Clear,Residential Road,Low,Auto-Rickshaw,Minor,1
7655,9,Kanke Road,23.3793662,85.3163869,2025-12-31,07:40:00,Wednesday,Clear,Main Road,Medium,Two-Wheeler,Minor,0
7687,9,Kanke Road,23.3793662,85.3163869,2021-10-21,17:07:00,Thursday,Clear,Chowk/Intersection,Medium,Two-Wheeler,Serious,2
7837,9,Kanke Road,23.3793662,85.3163869,2021-10-17,18:40:00,Sunday,Clear,Chowk/Intersection,Medium,Bus,Minor,1
7880,9,Kanke Road,23.3793662,85.3163869,2024-08-02,16:19:00,Friday,Clear,Chowk/Intersection,Medium,Two-Wheeler,Serious,1
44,10,Circular Road,23.3628,85.335,2024-03-18,09:44:00,Monday,Rainy,Highway,Low,Car,Minor,1
117,10,Circular Road,23.3628,85.335,2023-01-26,06:45:00,Thursday,Clear,Residential Road,Low,Bus,Fatal,4
131,10,Circular Road,23.3628,85.335,2024-07-09,21:01:00,Tuesday,Clear,Highway,Medium,Car,Minor,0
150,10,Circular Road,23.3628,85.335,2021-11-20,09:23:00,Saturday,Clear,Chowk/Intersection,Low,Auto-Rickshaw,Serious,1
220,10,Circular Road,23.3628,85.335,2024-09-12,17:38:00,Thursday,Clear,Residential Road,Medium,Two-Wheeler,Minor,1
250,10,Circular Road,23.3628,85.335,2025-11-23,10:41:00,Sunday,Clear,Highway,Low,Truck,Minor,0
272,10,Circular Road,23.3628,85.335,2025-09-24,19:07:00,Wednesday,Clear,Chowk/Intersection,Medium,Two-Wheeler,Minor,1
307,10,Circular Road,23.3628,85.335,2025-10-30,17:22:00,Thursday,Clear,Residential Road,Medium,Two-Wheeler,Minor,1
340,10,Circular Road,23.3628,85.335,2021-09-08,19:04:00,Wednesday,Clear,Chowk/Intersection,Medium,Auto-Rickshaw,Serious,1
382,10,Circular Road,23.3628,85.335,2022-11-21,19:57:00,Monday,Clear,Chowk/Intersection,Low,Auto-Rickshaw,Minor,1
383,10,Circular Road,23.3628,85.335,2021-06-01,20:22:00,Tuesday,Foggy,Residential Road,Medium,Auto-Rickshaw,Minor,0
386,10,Circular Road,23.3628,85.335,2023-07-18,08:28:00,Tuesday,Rainy,Chowk/Intersection,Medium,Auto-Rickshaw,Fatal,1
393,10,Circular Road,23.3628,85.335,2025-12-30,16:51:00,Tuesday,Clear,Chowk/Intersection,High,Two-Wheeler,Fatal,1
396,10,Circular Road,23.3628,85.335,2025-11-06,08:17:00,Thursday,Clear,Highway,Medium,Two-Wheeler,Fatal,1
462,10,Circular Road,23.3628,85.335,2021-04-25,09:45:00,Sunday,Clear,Chowk/Intersection,Medium,Truck,Minor,0
545,10,Circular Road,23.3628,85.335,2021-08-17,18:23:00,Tuesday,Clear,Main Road,High,Auto-Rickshaw,Serious,1
612,10,Circular Road,23.3628,85.335,2021-12-30,18:08:00,Thursday,Clear,Main Road,Medium,Two-Wheeler,Minor,0
633,10,Circular Road,23.3628,85.335,2023-07-26,15:07:00,Wednesday,Clear,Main Road,High,Two-Wheeler,Minor,1
662,10,Circular Road,23.3628,85.335,2022-05-25,11:50:00,Wednesday,Clear,Chowk/Intersection,High,Two-Wheeler,Minor,0
674,10,Circular Road,23.3628,85.335,2024-08-19,21:09:00,Monday,Clear,Chowk/Intersection,Low,Car,Minor,0
688,10,Circular Road,23.3628,85.335,2023-01-04,19:49:00,Wednesday,Clear,Residential Road,Medium,Auto-Rickshaw,Serious,1
706,10,Circular Road,23.3628,85.335,2024-01-24,17:18:00,Wednesday,Clear,Chowk/Intersection,Low,Truck,Serious,3
709,10,Circular Road,23.3628,85.335,2023-12-17,20:12:00,Sunday,Clear,Residential Road,Medium,Bus,Minor,0
745,10,Circular Road,23.3628,85.335,2023-04-25,08:13:00,Tuesday,Foggy,Chowk/Intersection,High,Truck,Serious,2
801,10,Circular Road,23.3628,85.335,2025-03-17,08:20:00,Monday,Clear,Chowk/Intersection,Medium,Bus,Minor,0
802,10,Circular Road,23.3628,85.335,2025-01-30,08:28:00,Thursday,Clear,Main Road,High,Auto-Rickshaw,Minor,1
867,10,Circular Road,23.3628,85.335,2024-02-06,17:54:00,Tuesday,Clear,Main Road,Low,Car,Minor,1
902,10,Circular Road,23.3628,85.335,2022-07-09,19:29:00,Saturday,Clear,Main Road,Medium,Two-Wheeler,Serious,1
913,10,Circular Road,23.3628,85.335,2022-05-11,06:10:00,Wednesday,Foggy,Residential Road,Medium,Two-Wheeler,Minor,0
926,10,Circular Road,23.3628,85.335,2022-08-24,08:27:00,Wednesday,Foggy,Chowk/Intersection,Low,Two-Wheeler,Minor,1
931,10,Circular Road,23.3628,85.335,2023-12-29,17:15:00,Friday,Clear,Highway,Low,Two-Wheeler,Serious,1
975,10,Circular Road,23.3628,85.335,2023-10-14,14:44:00,Saturday,Clear,Chowk/Intersection,Medium,Two-Wheeler,Serious,2
979,10,Circular Road,23.3628,85.335,2023-07-09,10:46:00,Sunday,Rainy,Chowk/Intersection,High,Car,Minor,0
1132,10,Circular Road,23.3628,85.335,2023-03-03,11:29:00,Friday,Foggy,Chowk/Intersection,Low,Truck,Fatal,3
1162,10,Circular Road,23.3628,85.335,2021-06-16,17:52:00,Wednesday,Rainy,Main Road,High,Two-Wheeler,Serious,1
1170,10,Circular Road,23.3628,85.335,2024-05-17,09:49:00,Friday,Clear,Chowk/Intersection,Medium,Car,Minor,1
1206,10,Circular Road,23.3628,85.335,2025-11-13,07:24:00,Thursday,Clear,Main Road,High,Car,Minor,0
1239,10,Circular Road,23.3628,85.335,2023-10-02,07:54:00,Monday,Foggy,Highway,Medium,Bus,Serious,1
1243,10,Circular Road,23.3628,85.335,2022-01-25,15:08:00,Tuesday,Clear,Chowk/Intersection,High,Two-Wheeler,Serious,1
1275,10,Circular Road,23.3628,85.335,2021-04-10,18:46:00,Saturday,Clear,Chowk/Intersection,Low,Car,Serious,1
1284,10,Circular Road,23.3628,85.335,2021-09-21,08:52:00,Tuesday,Rainy,Main Road,Medium,Truck,Serious,3
1298,10,Circular Road,23.3628,85.335,2021-10-08,18:16:00,Friday,Clear,Main Road,Low,Two-Wheeler,Minor,0
1338,10,Circular Road,23.3628,85.335,2021-07-01,19:27:00,Thursday,Clear,Chowk/Intersection,Medium,Car,Minor,0
1342,10,Circular Road,23.3628,85.335,2024-08-03,08:39:00,Saturday,Clear,Main Road,High,Truck,Fatal,1
1364,10,Circular Road,23.3628,85.335,2023-01-10,08:59:00,Tuesday,Rainy,Main Road,Medium,Two-Wheeler,Serious,3
1386,10,Circular Road,23.3628,85.335,2022-12-02,07:22:00,Friday,Rainy,Highway,High,Car,Minor,0
1400,10,Circular Road,23.3628,85.335,2023-11-21,09:55:00,Tuesday,Clear,Main Road,Medium,Bus,Fatal,2
1401,10,Circular Road,23.3628,85.335,2025-09-22,09:11:00,Monday,Clear,Chowk/Intersection,High,Two-Wheeler,Serious,2
1450,10,Circular Road,23.3628,85.335,2021-05-15,07:22:00,Saturday,Clear,Residential Road,High,Two-Wheeler,Minor,0
1485,10,Circular Road,23.3628,85.335,2025-04-07,08:04:00,Monday,Clear,Main Road,High,Truck,Minor,0
1531,10,Circular Road,23.3628,85.335,2025-09-19,13:58:00,Friday,Stormy,Main Road,High,Two-Wheeler,Minor,0
1564,10,Circular Road,23.3628,85.335,2023-04-22,18:56:00,Saturday,Clear,Highway,High,Car,Fatal,2
1597,10,Circular Road,23.3628,85.335,2021-05-18,09:27:00,Tuesday,Clear,Residential Road,Low,Auto-Rickshaw,Minor,1
1619,10,Circular Road,23.3628,85.335,2022-12-18,07:33:00,Sunday,Clear,Chowk/Intersection,Low,Two-Wheeler,Minor,0
1624,10,Circular Road,23.3628,85.335,2024-04-21,09:38:00,Sunday,Rainy,Chowk/Intersection,High,Two-Wheeler,Minor,0
1644,10,Circular Road,23.3628,85.335,2023-02-21,19:03:00,Tuesday,Rainy,Chowk/Intersection,Low,Car,Minor,0
1657,10,Circular Road,23.3628,85.335,2025-04-28,08:29:00,Monday,Stormy,Highway,High,Two-Wheeler,Serious,1
1708,10,Circular Road,23.3628,85.335,2024-06-06,08:28:00,Thursday,Rainy,Main Road,Low,Car,Serious,1
1713,10,Circular Road,23.3628,85.335,2023-06-08,20:49:00,Thursday,Stormy,Chowk/Intersection,Low,Car,Minor,0
1769,10,Circular Road,23.3628,85.335,2021-12-25,19:35:00,Saturday,Rainy,Chowk/Intersection,Medium,Car,Fatal,1
1770,10,Circular Road,23.3628,85.335,2021-01-20,05:35:00,Wednesday,Clear,Main Road,Low,Two-Wheeler,Serious,1
1785,10,Circular Road,23.3628,85.335,2021-06-01,17:19:00,Tuesday,Clear,Main Road,Medium,Bus,Minor,0
1786,10,Circular Road,23.3628,85.335,2021-06-17,04:59:00,Thursday,Clear,Chowk/Intersection,Medium,Truck,Minor,1
1841,10,Circular Road,23.3628,85.335,2024-05-23,13:03:00,Thursday,Clear,Chowk/Intersection,Medium,Auto-Rickshaw,Minor,1
1873,10,Circular Road,23.3628,85.335,2024-01-15,18:21:00,Monday,Stormy,Chowk/Intersection,High,Truck,Minor,1
1880,10,Circular Road,23.3628,85.335,2021-03-03,09:24:00,Wednesday,Clear,Residential Road,Medium,Car,Minor,0
1885,10,Circular Road,23.3628,85.335,2023-10-23,15:31:00,Monday,Clear,Chowk/Intersection,Low,Two-Wheeler,Serious,2
1888,10,Circular Road,23.3628,85.335,2021-10-13,17:21:00,Wednesday,Clear,Chowk/Intersection,Medium,Two-Wheeler,Minor,0
1964,10,Circular Road,23.3628,85.335,2024-11-17,09:38:00,Sunday,Foggy,Chowk/Intersection,Medium,Car,Serious,2
1993,10,Circular Road,23.3628,85.335,2025-07-30,07:47:00,Wednesday,Clear,Main Road,Medium,Bus,Minor,0
2000,10,Circular Road,23.3628,85.335,2022-11-04,18:43:00,Friday,Clear,Residential Road,Medium,Car,Minor,0
2004,10,Circular Road,23.3628,85.335,2021-09-08,10:50:00,Wednesday,Clear,Chowk/Intersection,Low,Car,Fatal,2
2023,10,Circular Road,23.3628,85.335,2024-01-17,17:27:00,Wednesday,Foggy,Chowk/Intersection,Medium,Car,Minor,0
2223,10,Circular Road,23.3628,85.335,2024-10-15,18:27:00,Tuesday,Rainy,Main Road,Medium,Two-Wheeler,Minor,0
2237,10,Circular Road,23.3628,85.335,2023-10-17,08:52:00,Tuesday,Clear,Residential Road,Medium,Auto-Rickshaw,Serious,1
2247,10,Circular Road,23.3628,85.335,2023-11-04,10:17:00,Saturday,Rainy,Chowk/Intersection,Medium,Two-Wheeler,Minor,0
2260,10,Circular Road,23.3628,85.335,2021-10-04,16:21:00,Monday,Clear,Residential Road,Low,Two-Wheeler,Minor,1
2277,10,Circular Road,23.3628,85.335,2023-08-18,18:09:00,Friday,Clear,Chowk/Intersection,Medium,Two-Wheeler,Minor,0
2295,10,Circular Road,23.3628,85.335,2021-10-22,09:38:00,Friday,Clear,Residential Road,High,Car,Minor,1
2350,10,Circular Road,23.3628,85.335,2021-01-31,06:35:00,Sunday,Clear,Chowk/Intersection,Low,Car,Minor,0
2358,10,Circular Road,23.3628,85.335,2021-02-09,08:55:00,Tuesday,Foggy,Main Road,Low,Auto-Rickshaw,Minor,1
2403,10,Circular Road,23.3628,85.335,2024-01-20,21:47:00,Saturday,Foggy,Residential Road,Medium,Two-Wheeler,Serious,1
2408,10,Circular Road,23.3628,85.335,2024-12-08,16:50:00,Sunday,Clear,Main Road,Low,Auto-Rickshaw,Minor,0
2440,10,Circular Road,23.3628,85.335,2024-12-29,16:15:00,Sunday,Clear,Chowk/Intersection,High,Two-Wheeler,Minor,0
2461,10,Circular Road,23.3628,85.335,2024-09-07,05:50:00,Saturday,Clear,Chowk/Intersection,Medium,Truck,Minor,0
2485,10,Circular Road,23.3628,85.335,2025-11-15,09:52:00,Saturday,Rainy,Main Road,Medium,Two-Wheeler,Serious,1
2559,10,Circular Road,23.3628,85.335,2021-07-16,07:25:00,Friday,Foggy,Highway,Medium,Two-Wheeler,Fatal,2
2614,10,Circular Road,23.3628,85.335,2022-12-26,16:32:00,Monday,Rainy,Chowk/Intersection,Medium,Two-Wheeler,Serious,1
2618,10,Circular Road,23.3628,85.335,2023-12-11,09:59:00,Monday,Clear,Main Road,Low,Auto-Rickshaw,Fatal,2
2653,10,Circular Road,23.3628,85.335,2022-05-25,07:39:00,Wednesday,Foggy,Main Road,Low,Two-Wheeler,Minor,0
2671,10,Circular Road,23.3628,85.335,2021-12-22,10:35:00,Wednesday,Rainy,Highway,Low,Auto-Rickshaw,Minor,1
2732,10,Circular Road,23.3628,85.335,2025-02-11,09:20:00,Tuesday,Clear,Chowk/Intersection,High,Two-Wheeler,Minor,0
2739,10,Circular Road,23.3628,85.335,2022-09-07,19:05:00,Wednesday,Clear,Highway,Medium,Auto-Rickshaw,Serious,2
2801,10,Circular Road,23.3628,85.335,2021-06-06,07:19:00,Sunday,Clear,Main Road,Low,Car,Minor,1
2861,10,Circular Road,23.3628,85.335,2022-05-06,17:56:00,Friday,Rainy,Chowk/Intersection,Medium,Car,Serious,1
2919,10,Circular Road,23.3628,85.335,2025-04-19,07:07:00,Saturday,Clear,Main Road,High,Two-Wheeler,Minor,0
2944,10,Circular Road,23.3628,85.335,2024-08-10,20:44:00,Saturday,Clear,Main Road,High,Two-Wheeler,Minor,0
2959,10,Circular Road,23.3628,85.335,2023-02-05,19:06:00,Sunday,Stormy,Chowk/Intersection,Low,Two-Wheeler,Minor,1
3007,10,Circular Road,23.3628,85.335,2021-12-12,10:56:00,Sunday,Clear,Chowk/Intersection,High,Two-Wheeler,Minor,0
3040,10,Circular Road,23.3628,85.335,2025-07-09,09:59:00,Wednesday,Clear,Main Road,Medium,Two-Wheeler,Minor,0
3046,10,Circular Road,23.3628,85.335,2021-10-31,09:06:00,Sunday,Clear,Residential Road,Medium,Auto-Rickshaw,Fatal,1
3049,10,Circular Road,23.3628,85.335,2022-04-02,10:21:00,Saturday,Stormy,Main Road,Medium,Auto-Rickshaw,Minor,1
3123,10,Circular Road,23.3628,85.335,2024-07-16,20:07:00,Tuesday,Rainy,Residential Road,Medium,Two-Wheeler,Fatal,1
3144,10,Circular Road,23.3628,85.335,2024-07-25,18:52:00,Thursday,Clear,Main Road,Medium,Two-Wheeler,Minor,0
3166,10,Circular Road,23.3628,85.335,2024-09-19,20:41:00,Thursday,Clear,Chowk/Intersection,High,Two-Wheeler,Minor,1
3195,10,Circular Road,23.3628,85.335,2021-08-27,06:56:00,Friday,Clear,Highway,High,Two-Wheeler,Serious,2
3215,10,Circular Road,23.3628,85.335,2022-07-11,16:56:00,Monday,Clear,Highway,High,Two-Wheeler,Minor,0
3233,10,Circular Road,23.3628,85.335,2025-06-22,21:45:00,Sunday,Clear,Highway,High,Two-Wheeler,Minor,0
3242,10,Circular Road,23.3628,85.335,2025-05-10,07:24:00,Saturday,Clear,Highway,Medium,Two-Wheeler,Fatal,2
3283,10,Circular Road,23.3628,85.335,2025-09-07,08:27:00,Sunday,Clear,Residential Road,Low,Car,Serious,1
3287,10,Circular Road,23.3628,85.335,2024-06-06,06:27:00,Thursday,Foggy,Main Road,High,Two-Wheeler,Minor,0
3298,10,Circular Road,23.3628,85.335,2025-08-11,06:27:00,Monday,Stormy,Residential Road,Medium,Car,Serious,2
3344,10,Circular Road,23.3628,85.335,2022-08-27,08:15:00,Saturday,Stormy,Residential Road,Medium,Car,Minor,0
3345,10,Circular Road,23.3628,85.335,2022-06-01,16:50:00,Wednesday,Clear,Residential Road,Medium,Car,Minor,1
3383,10,Circular Road,23.3628,85.335,2025-01-27,19:43:00,Monday,Clear,Chowk/Intersection,Medium,Bus,Serious,1
3401,10,Circular Road,23.3628,85.335,2022-05-07,19:24:00,Saturday,Rainy,Chowk/Intersection,Low,Two-Wheeler,Minor,0
3420,10,Circular Road,23.3628,85.335,2024-11-26,15:32:00,Tuesday,Clear,Chowk/Intersection,Low,Car,Serious,3
3425,10,Circular Road,23.3628,85.335,2023-06-25,20:14:00,Sunday,Foggy,Highway,Medium,Car,Serious,1
3522,10,Circular Road,23.3628,85.335,2025-07-17,09:30:00,Thursday,Rainy,Highway,High,Two-Wheeler,Fatal,2
3542,10,Circular Road,23.3628,85.335,2023-08-20,09:09:00,Sunday,Clear,Chowk/Intersection,High,Two-Wheeler,Minor,1
3596,10,Circular Road,23.3628,85.335,2025-06-02,08:07:00,Monday,Rainy,Highway,Medium,Two-Wheeler,Minor,0
3604,10,Circular Road,23.3628,85.335,2022-12-23,10:25:00,Friday,Rainy,Chowk/Intersection,High,Two-Wheeler,Minor,0
3621,10,Circular Road,23.3628,85.335,2021-05-09,08:06:00,Sunday,Rainy,Main Road,Medium,Two-Wheeler,Minor,0
3631,10,Circular Road,23.3628,85.335,2025-03-08,19:32:00,Saturday,Clear,Chowk/Intersection,Low,Car,Serious,1
3635,10,Circular Road,23.3628,85.335,2023-10-26,19:34:00,Thursday,Rainy,Chowk/Intersection,High,Auto-Rickshaw,Minor,0
3648,10,Circular Road,23.3628,85.335,2025-10-10,07:14:00,Friday,Foggy,Highway,High,Truck,Serious,2
3670,10,Circular Road,23.3628,85.335,2024-10-29,09:48:00,Tuesday,Clear,Highway,High,Truck,Fatal,1
3726,10,Circular Road,23.3628,85.335,2024-12-04,16:13:00,Wednesday,Clear,Residential Road,Medium,Car,Minor,0
3779,10,Circular Road,23.3628,85.335,2025-04-18,06:40:00,Friday,Clear,Highway,Low,Two-Wheeler,Serious,2
3806,10,Circular Road,23.3628,85.335,2024-09-26,19:23:00,Thursday,Clear,Highway,Medium,Car,Minor,1
3825,10,Circular Road,23.3628,85.335,2023-07-23,11:51:00,Sunday,Rainy,Residential Road,Low,Truck,Serious,3
3839,10,Circular Road,23.3628,85.335,2022-11-16,17:43:00,Wednesday,Clear,Chowk/Intersection,Low,Auto-Rickshaw,Minor,0
3856,10,Circular Road,23.3628,85.335,2023-02-22,17:00:00,Wednesday,Clear,Main Road,High,Car,Minor,0
3884,10,Circular Road,23.3628,85.335,2021-12-05,18:08:00,Sunday,Clear,Main Road,Medium,Car,Minor,1
3970,10,Circular Road,23.3628,85.335,2022-06-21,17:04:00,Tuesday,Clear,Main Road,Medium,Car,Minor,0
4026,10,Circular Road,23.3628,85.335,2022-12-13,18:37:00,Tuesday,Clear,Chowk/Intersection,Low,Two-Wheeler,Minor,0
4054,10,Circular Road,23.3628,85.335,2023-01-01,07:59:00,Sunday,Rainy,Main Road,Low,Auto-Rickshaw,Minor,0
4094,10,Circular Road,23.3628,85.335,2021-11-22,07:13:00,Monday,Rainy,Residential Road,Low,Two-Wheeler,Minor,1
4113,10,Circular Road,23.3628,85.335,2025-09-06,20:57:00,Saturday,Foggy,Highway,Low,Car,Minor,0
4127,10,Circular Road,23.3628,85.335,2021-03-13,09:51:00,Saturday,Clear,Main Road,High,Two-Wheeler,Serious,1
4246,10,Circular Road,23.3628,85.335,2022-10-22,10:57:00,Saturday,Clear,Chowk/Intersection,Low,Two-Wheeler,Minor,1
4276,10,Circular Road,23.3628,85.335,2022-07-20,08:23:00,Wednesday,Clear,Highway,High,Car,Serious,2
4289,10,Circular Road,23.3628,85.335,2025-08-19,19:10:00,Tuesday,Rainy,Chowk/Intersection,High,Car,Minor,0
4319,10,Circular Road,23.3628,85.335,2025-06-25,17:46:00,Wednesday,Clear,Residential Road,Low,Two-Wheeler,Serious,1
4321,10,Circular Road,23.3628,85.335,2024-08-04,10:42:00,Sunday,Clear,Main Road,Low,Two-Wheeler,Minor,0
4343,10,Circular Road,23.3628,85.335,2024-06-20,20:08:00,Thursday,Clear,Chowk/Intersection,High,Bus,Serious,3
4350,10,Circular Road,23.3628,85.335,2023-06-14,17:52:00,Wednesday,Clear,Main Road,Low,Two-Wheeler,Serious,2
4362,10,Circular Road,23.3628,85.335,2021-04-28,21:19:00,Wednesday,Clear,Highway,High,Two-Wheeler,Minor,0
4380,10,Circular Road,23.3628,85.335,2021-01-09,17:08:00,Saturday,Clear,Main Road,High,Auto-Rickshaw,Serious,2
4386,10,Circular Road,23.3628,85.335,2022-09-03,17:53:00,Saturday,Clear,Residential Road,High,Two-Wheeler,Minor,0
4404,10,Circular Road,23.3628,85.335,2023-10-27,19:58:00,Friday,Rainy,Chowk/Intersection,Medium,Two-Wheeler,Minor,0
4483,10,Circular Road,23.3628,85.335,2023-05-24,17:32:00,Wednesday,Clear,Main Road,Low,Two-Wheeler,Serious,1
4495,10,Circular Road,23.3628,85.335,2021-05-29,07:00:00,Saturday,Clear,Main Road,Medium,Bus,Serious,2
4550,10,Circular Road,23.3628,85.335,2021-07-26,07:32:00,Monday,Clear,Main Road,Low,Auto-Rickshaw,Serious,1
4598,10,Circular Road,23.3628,85.335,2025-12-03,16:37:00,Wednesday,Clear,Chowk/Intersection,High,Car,Minor,0
4599,10,Circular Road,23.3628,85.335,2022-02-10,09:55:00,Thursday,Foggy,Chowk/Intersection,Medium,Two-Wheeler,Serious,1
4629,10,Circular Road,23.3628,85.335,2022-05-18,08:02:00,Wednesday,Clear,Main Road,Medium,Bus,Serious,3
4646,10,Circular Road,23.3628,85.335,2022-03-31,08:59:00,Thursday,Clear,Highway,Low,Two-Wheeler,Serious,3
4659,10,Circular Road,23.3628,85.335,2025-01-09,08:58:00,Thursday,Clear,Chowk/Intersection,Medium,Car,Minor,0
4689,10,Circular Road,23.3628,85.335,2025-06-04,20:42:00,Wednesday,Foggy,Main Road,Low,Car,Serious,2
4726,10,Circular Road,23.3628,85.335,2023-05-25,09:04:00,Thursday,Foggy,Chowk/Intersection,Medium,Two-Wheeler,Minor,0
4791,10,Circular Road,23.3628,85.335,2024-04-23,21:07:00,Tuesday,Stormy,Residential Road,High,Bus,Minor,0
4876,10,Circular Road,23.3628,85.335,2025-01-21,09:10:00,Tuesday,Rainy,Chowk/Intersection,Medium,Two-Wheeler,Minor,0
4878,10,Circular Road,23.3628,85.335,2025-02-26,08:53:00,Wednesday,Clear,Residential Road,Medium,Bus,Minor,0
4926,10,Circular Road,23.3628,85.335,2023-03-21,09:50:00,Tuesday,Clear,Chowk/Intersection,Medium,Car,Minor,0
4958,10,Circular Road,23.3628,85.335,2024-09-14,18:21:00,Saturday,Clear,Highway,High,Truck,Serious,2
4973,10,Circular Road,23.3628,85.335,2022-03-09,07:34:00,Wednesday,Clear,Highway,Medium,Two-Wheeler,Serious,3
4979,10,Circular Road,23.3628,85.335,2021-05-25,19:16:00,Tuesday,Clear,Chowk/Intersection,Medium,Truck,Serious,3
4995,10,Circular Road,23.3628,85.335,2025-10-01,19:28:00,Wednesday,Clear,Chowk/Intersection,Medium,Two-Wheeler,Minor,0
5025,10,Circular Road,23.3628,85.335,2024-08-01,08:39:00,Thursday,Clear,Main Road,High,Car,Minor,0
5050,10,Circular Road,23.3628,85.335,2024-11-20,08:36:00,Wednesday,Foggy,Chowk/Intersection,Medium,Two-Wheeler,Minor,1
5079,10,Circular Road,23.3628,85.335,2023-04-22,19:43:00,Saturday,Clear,Chowk/Intersection,High,Auto-Rickshaw,Serious,1
5132,10,Circular Road,23.3628,85.335,2025-08-16,10:52:00,Saturday,Clear,Chowk/Intersection,Medium,Two-Wheeler,Minor,0
5240,10,Circular Road,23.3628,85.335,2022-05-30,20:17:00,Monday,Rainy,Highway,Medium,Car,Serious,2
5250,10,Circular Road,23.3628,85.335,2022-01-15,07:23:00,Saturday,Clear,Chowk/Intersection,Medium,Two-Wheeler,Minor,0
5335,10,Circular Road,23.3628,85.335,2021-08-20,19:11:00,Friday,Rainy,Main Road,High,Truck,Serious,1
5348,10,Circular Road,23.3628,85.335,2023-07-31,19:53:00,Monday,Clear,Chowk/Intersection,Low,Bus,Minor,1
5387,10,Circular Road,23.3628,85.335,2021-02-27,18:22:00,Saturday,Clear,Chowk/Intersection,Medium,Car,Minor,1
5430,10,Circular Road,23.3628,85.335,2023-08-16,07:44:00,Wednesday,Foggy,Main Road,High,Car,Minor,0
5537,10,Circular Road,23.3628,85.335,2024-10-15,04:16:00,Tuesday,Clear,Chowk/Intersection,High,Truck,Minor,0
5565,10,Circular Road,23.3628,85.335,2024-08-01,18:22:00,Thursday,Rainy,Main Road,Low,Car,Minor,0
5646,10,Circular Road,23.3628,85.335,2021-10-05,19:31:00,Tuesday,Foggy,Highway,Medium,Car,Serious,2
5733,10,Circular Road,23.3628,85.335,2023-01-08,19:57:00,Sunday,Rainy,Chowk/Intersection,High,Truck,Serious,2
5737,10,Circular Road,23.3628,85.335,2023-01-03,06:32:00,Tuesday,Clear,Main Road,Medium,Two-Wheeler,Minor,1
5799,10,Circular Road,23.3628,85.335,2022-09-22,18:41:00,Thursday,Clear,Chowk/Intersection,Medium,Auto-Rickshaw,Minor,0
5810,10,Circular Road,23.3628,85.335,2024-06-16,08:07:00,Sunday,Clear,Chowk/Intersection,High,Truck,Minor,1
5819,10,Circular Road,23.3628,85.335,2024-07-02,06:45:00,Tuesday,Rainy,Chowk/Intersection,Low,Auto-Rickshaw,Minor,0
5826,10,Circular Road,23.3628,85.335,2023-05-23,08:31:00,Tuesday,Clear,Main Road,Medium,Car,Minor,0
5840,10,Circular Road,23.3628,85.335,2024-04-24,15:53:00,Wednesday,Stormy,Chowk/Intersection,High,Bus,Serious,2
5854,10,Circular Road,23.3628,85.335,2023-07-28,18:48:00,Friday,Clear,Highway,Medium,Two-Wheeler,Minor,0
5873,10,Circular Road,23.3628,85.335,2021-05-23,16:57:00,Sunday,Clear,Residential Road,High,Car,Fatal,3
5886,10,Circular Road,23.3628,85.335,2024-08-15,15:22:00,Thursday,Clear,Chowk/Intersection,Low,Auto-Rickshaw,Minor,0
5899,10,Circular Road,23.3628,85.335,2025-01-26,09:52:00,Sunday,Clear,Highway,Medium,Car,Minor,0
5926,10,Circular Road,23.3628,85.335,2025-02-17,10:08:00,Monday,Clear,Chowk/Intersection,High,Car,Minor,0
5935,10,Circular Road,23.3628,85.335,2023-08-25,19:42:00,Friday,Rainy,Main Road,Low,Two-Wheeler,Serious,2
5964,10,Circular Road,23.3628,85.335,2023-01-25,17:19:00,Wednesday,Clear,Main Road,Medium,Bus,Minor,1
6004,10,Circular Road,23.3628,85.335,2022-04-19,08:21:00,Tuesday,Clear,Residential Road,Low,Auto-Rickshaw,Fatal,1
6016,10,Circular Road,23.3628,85.335,2021-06-21,09:29:00,Monday,Clear,Main Road,High,Two-Wheeler,Minor,0
6045,10,Circular Road,23.3628,85.335,2024-09-17,07:29:00,Tuesday,Clear,Main Road,Medium,Auto-Rickshaw,Serious,2
6098,10,Circular Road,23.3628,85.335,2024-10-29,09:51:00,Tuesday,Clear,Main Road,Low,Auto-Rickshaw,Serious,1
6126,10,Circular Road,23.3628,85.335,2023-11-18,09:46:00,Saturday,Rainy,Residential Road,Low,Two-Wheeler,Serious,1
6128,10,Circular Road,23.3628,85.335,2024-01-12,08:35:00,Friday,Clear,Chowk/Intersection,Low,Two-Wheeler,Minor,0
6132,10,Circular Road,23.3628,85.335,2022-04-17,16:12:00,Sunday,Clear,Highway,Medium,Auto-Rickshaw,Minor,0
6210,10,Circular Road,23.3628,85.335,2021-04-22,10:49:00,Thursday,Foggy,Chowk/Intersection,Medium,Truck,Serious,3
6249,10,Circular Road,23.3628,85.335,2024-07-08,19:26:00,Monday,Clear,Chowk/Intersection,High,Car,Minor,0
6279,10,Circular Road,23.3628,85.335,2023-12-03,06:26:00,Sunday,Rainy,Main Road,Low,Car,Serious,1
6295,10,Circular Road,23.3628,85.335,2022-05-28,10:05:00,Saturday,Clear,Main Road,Low,Two-Wheeler,Serious,2
6325,10,Circular Road,23.3628,85.335,2023-06-16,08:07:00,Friday,Clear,Highway,Low,Two-Wheeler,Fatal,1
6414,10,Circular Road,23.3628,85.335,2022-09-29,20:07:00,Thursday,Clear,Residential Road,High,Two-Wheeler,Minor,1
6512,10,Circular Road,23.3628,85.335,2021-05-18,18:39:00,Tuesday,Clear,Chowk/Intersection,High,Truck,Minor,0
6518,10,Circular Road,23.3628,85.335,2025-03-27,08:46:00,Thursday,Clear,Main Road,High,Truck,Minor,1
6523,10,Circular Road,23.3628,85.335,2024-11-23,21:28:00,Saturday,Clear,Main Road,Low,Car,Minor,1
6552,10,Circular Road,23.3628,85.335,2023-10-03,20:50:00,Tuesday,Clear,Residential Road,High,Bus,Minor,0
6573,10,Circular Road,23.3628,85.335,2024-12-29,08:38:00,Sunday,Clear,Main Road,Low,Car,Minor,1
6660,10,Circular Road,23.3628,85.335,2022-05-30,10:27:00,Monday,Clear,Highway,Medium,Bus,Minor,1
6667,10,Circular Road,23.3628,85.335,2021-07-28,09:22:00,Wednesday,Clear,Chowk/Intersection,High,Two-Wheeler,Minor,1
6692,10,Circular Road,23.3628,85.335,2023-11-17,19:39:00,Friday,Stormy,Highway,Low,Two-Wheeler,Fatal,3
6701,10,Circular Road,23.3628,85.335,2023-05-11,20:01:00,Thursday,Clear,Residential Road,Medium,Car,Fatal,2
6721,10,Circular Road,23.3628,85.335,2023-08-01,09:07:00,Tuesday,Stormy,Chowk/Intersection,Low,Car,Minor,0
6751,10,Circular Road,23.3628,85.335,2021-04-16,06:41:00,Friday,Rainy,Chowk/Intersection,High,Car,Minor,0
6765,10,Circular Road,23.3628,85.335,2024-10-31,09:00:00,Thursday,Clear,Residential Road,Low,Bus,Minor,0
6788,10,Circular Road,23.3628,85.335,2024-04-28,18:02:00,Sunday,Clear,Main Road,Low,Two-Wheeler,Fatal,1
6809,10,Circular Road,23.3628,85.335,2021-09-08,17:08:00,Wednesday,Foggy,Main Road,Medium,Car,Serious,1
6820,10,Circular Road,23.3628,85.335,2024-02-13,09:29:00,Tuesday,Rainy,Main Road,Medium,Two-Wheeler,Fatal,1
6830,10,Circular Road,23.3628,85.335,2021-02-23,10:24:00,Tuesday,Clear,Residential Road,Low,Auto-Rickshaw,Minor,0
6839,10,Circular Road,23.3628,85.335,2024-07-02,09:28:00,Tuesday,Rainy,Chowk/Intersection,Medium,Auto-Rickshaw,Minor,1
6881,10,Circular Road,23.3628,85.335,2023-08-26,18:00:00,Saturday,Clear,Main Road,High,Car,Serious,2
6932,10,Circular Road,23.3628,85.335,2023-12-26,17:37:00,Tuesday,Clear,Main Road,Medium,Auto-Rickshaw,Minor,0
6936,10,Circular Road,23.3628,85.335,2025-03-20,08:41:00,Thursday,Clear,Chowk/Intersection,High,Two-Wheeler,Minor,0
6954,10,Circular Road,23.3628,85.335,2025-07-06,08:38:00,Sunday,Clear,Highway,Low,Truck,Minor,1
6961,10,Circular Road,23.3628,85.335,2023-10-08,09:41:00,Sunday,Clear,Main Road,High,Two-Wheeler,Minor,1
6982,10,Circular Road,23.3628,85.335,2024-11-13,09:30:00,Wednesday,Rainy,Main Road,Low,Auto-Rickshaw,Serious,1
6994,10,Circular Road,23.3628,85.335,2024-10-17,08:06:00,Thursday,Clear,Main Road,Medium,Two-Wheeler,Minor,0
7047,10,Circular Road,23.3628,85.335,2024-08-22,07:47:00,Thursday,Rainy,Chowk/Intersection,Medium,Two-Wheeler,Minor,0
7128,10,Circular Road,23.3628,85.335,2024-10-10,17:56:00,Thursday,Foggy,Main Road,High,Two-Wheeler,Minor,0
7162,10,Circular Road,23.3628,85.335,2021-03-02,11:32:00,Tuesday,Clear,Residential Road,Medium,Car,Minor,0
7178,10,Circular Road,23.3628,85.335,2021-06-23,07:40:00,Wednesday,Clear,Residential Road,Medium,Two-Wheeler,Minor,1
7193,10,Circular Road,23.3628,85.335,2023-01-24,10:06:00,Tuesday,Clear,Main Road,High,Two-Wheeler,Fatal,1
7250,10,Circular Road,23.3628,85.335,2021-05-07,09:40:00,Friday,Clear,Chowk/Intersection,Medium,Two-Wheeler,Minor,0
7314,10,Circular Road,23.3628,85.335,2024-09-17,08:19:00,Tuesday,Clear,Chowk/Intersection,Medium,Auto-Rickshaw,Minor,1
7344,10,Circular Road,23.3628,85.335,2025-06-30,16:36:00,Monday,Clear,Highway,High,Two-Wheeler,Minor,0
7349,10,Circular Road,23.3628,85.335,2021-09-03,20:05:00,Friday,Clear,Chowk/Intersection,High,Two-Wheeler,Minor,1
7381,10,Circular Road,23.3628,85.335,2022-06-28,07:02:00,Tuesday,Clear,Main Road,Low,Auto-Rickshaw,Fatal,2
7385,10,Circular Road,23.3628,85.335,2023-05-02,20:43:00,Tuesday,Rainy,Main Road,Medium,Two-Wheeler,Serious,2
7389,10,Circular Road,23.3628,85.335,2024-03-13,09:23:00,Wednesday,Clear,Residential Road,High,Two-Wheeler,Minor,1
7435,10,Circular Road,23.3628,85.335,2021-10-30,20:38:00,Saturday,Foggy,Highway,Low,Two-Wheeler,Minor,0
7457,10,Circular Road,23.3628,85.335,2025-07-06,16:02:00,Sunday,Clear,Chowk/Intersection,Medium,Two-Wheeler,Serious,1
7513,10,Circular Road,23.3628,85.335,2024-03-28,19:12:00,Thursday,Clear,Chowk/Intersection,Medium,Auto-Rickshaw,Minor,1
7548,10,Circular Road,23.3628,85.335,2025-07-03,19:17:00,Thursday,Foggy,Residential Road,Medium,Auto-Rickshaw,Serious,2
7559,10,Circular Road,23.3628,85.335,2025-12-20,18:49:00,Saturday,Clear,Highway,Medium,Car,Minor,0
7629,10,Circular Road,23.3628,85.335,2022-01-18,18:26:00,Tuesday,Foggy,Chowk/Intersection,Medium,Auto-Rickshaw,Minor,0
7667,10,Circular Road,23.3628,85.335,2025-10-21,19:34:00,Tuesday,Clear,Chowk/Intersection,Low,Two-Wheeler,Minor,1
7672,10,Circular Road,23.3628,85.335,2023-03-05,21:57:00,Sunday,Foggy,Highway,Medium,Car,Minor,1
7689,10,Circular Road,23.3628,85.335,2025-05-08,16:28:00,Thursday,Clear,Chowk/Intersection,High,Two-Wheeler,Minor,0
7729,10,Circular Road,23.3628,85.335,2024-08-09,20:36:00,Friday,Clear,Main Road,Medium,Car,Minor,0
7748,10,Circular Road,23.3628,85.335,2023-12-06,09:39:00,Wednesday,Clear,Main Road,High,Bus,Minor,0
7790,10,Circular Road,23.3628,85.335,2025-07-05,19:20:00,Saturday,Foggy,Residential Road,Medium,Car,Serious,1
7822,10,Circular Road,23.3628,85.335,2021-01-08,10:15:00,Friday,Clear,Residential Road,Medium,Auto-Rickshaw,Minor,0
7828,10,Circular Road,23.3628,85.335,2025-08-15,08:10:00,Friday,Clear,Main Road,Low,Two-Wheeler,Minor,0
7843,10,Circular Road,23.3628,85.335,2024-06-18,08:33:00,Tuesday,Clear,Chowk/Intersection,High,Two-Wheeler,Minor,0
7872,10,Circular Road,23.3628,85.335,2024-03-31,10:10:00,Sunday,Clear,Main Road,Medium,Car,Serious,2
7877,10,Circular Road,23.3628,85.335,2024-09-07,18:54:00,Saturday,Rainy,Chowk/Intersection,Medium,Truck,Serious,1
7964,10,Circular Road,23.3628,85.335,2021-04-20,08:14:00,Tuesday,Clear,Chowk/Intersection,Low,Car,Minor,0
7968,10,Circular Road,23.3628,85.335,2024-06-16,09:10:00,Sunday,Foggy,Highway,High,Car,Minor,0
7980,10,Circular Road,23.3628,85.335,2021-06-13,19:45:00,Sunday,Rainy,Chowk/Intersection,High,Two-Wheeler,Minor,1
69,11,Harmu Road,23.3738695,85.3138452,2022-07-19,17:33:00,Tuesday,Foggy,Residential Road,High,Two-Wheeler,Serious,1
74,11,Harmu Road,23.3738695,85.3138452,2024-06-16,07:53:00,Sunday,Rainy,Highway,High,Auto-Rickshaw,Serious,1
126,11,Harmu Road,23.3738695,85.3138452,2021-07-25,17:08:00,Sunday,Rainy,Highway,Medium,Two-Wheeler,Minor,1
251,11,Harmu Road,23.3738695,85.3138452,2021-05-04,08:42:00,Tuesday,Rainy,Chowk/Intersection,Low,Two-Wheeler,Serious,1
345,11,Harmu Road,23.3738695,85.3138452,2025-07-30,20:02:00,Wednesday,Rainy,Residential Road,Medium,Car,Minor,1
362,11,Harmu Road,23.3738695,85.3138452,2022-04-12,09:45:00,Tuesday,Stormy,Residential Road,Low,Auto-Rickshaw,Serious,2
379,11,Harmu Road,23.3738695,85.3138452,2021-09-05,11:48:00,Sunday,Foggy,Main Road,High,Two-Wheeler,Minor,1
464,11,Harmu Road,23.3738695,85.3138452,2024-12-23,12:37:00,Monday,Clear,Highway,Low,Car,Serious,1
512,11,Harmu Road,23.3738695,85.3138452,2025-01-25,05:59:00,Saturday,Clear,Main Road,Medium,Two-Wheeler,Serious,1
719,11,Harmu Road,23.3738695,85.3138452,2022-07-24,18:12:00,Sunday,Clear,Highway,Medium,Car,Minor,0
750,11,Harmu Road,23.3738695,85.3138452,2021-02-13,04:55:00,Saturday,Clear,Residential Road,Low,Truck,Minor,0
751,11,Harmu Road,23.3738695,85.3138452,2023-01-01,10:09:00,Sunday,Clear,Residential Road,Low,Car,Serious,1
812,11,Harmu Road,23.3738695,85.3138452,2023-02-08,20:40:00,Wednesday,Clear,Main Road,Low,Car,Minor,0
848,11,Harmu Road,23.3738695,85.3138452,2024-10-15,18:23:00,Tuesday,Clear,Residential Road,Medium,Two-Wheeler,Serious,1
1024,11,Harmu Road,23.3738695,85.3138452,2025-10-26,06:45:00,Sunday,Clear,Main Road,High,Two-Wheeler,Fatal,1
1038,11,Harmu Road,23.3738695,85.3138452,2021-08-15,19:00:00,Sunday,Clear,Main Road,Medium,Two-Wheeler,Minor,0
1069,11,Harmu Road,23.3738695,85.3138452,2021-01-16,08:02:00,Saturday,Rainy,Main Road,High,Two-Wheeler,Minor,0
1174,11,Harmu Road,23.3738695,85.3138452,2021-07-28,09:10:00,Wednesday,Clear,Chowk/Intersection,High,Two-Wheeler,Serious,3
1195,11,Harmu Road,23.3738695,85.3138452,2022-11-09,19:38:00,Wednesday,Clear,Highway,High,Two-Wheeler,Fatal,1
1259,11,Harmu Road,23.3738695,85.3138452,2025-05-07,06:45:00,Wednesday,Clear,Highway,Medium,Auto-Rickshaw,Minor,0
1482,11,Harmu Road,23.3738695,85.3138452,2024-09-26,16:04:00,Thursday,Stormy,Chowk/Intersection,Medium,Car,Minor,0
1542,11,Harmu Road,23.3738695,85.3138452,2025-12-23,09:18:00,Tuesday,Stormy,Residential Road,Low,Two-Wheeler,Serious,1
1587,11,Harmu Road,23.3738695,85.3138452,2022-06-04,19:22:00,Saturday,Rainy,Main Road,High,Two-Wheeler,Minor,0
1631,11,Harmu Road,23.3738695,85.3138452,2022-08-11,16:50:00,Thursday,Clear,Main Road,High,Two-Wheeler,Minor,1
1639,11,Harmu Road,23.3738695,85.3138452,2025-12-18,08:56:00,Thursday,Rainy,Chowk/Intersection,Low,Car,Minor,1
1650,11,Harmu Road,23.3738695,85.3138452,2021-08-09,10:56:00,Monday,Clear,Chowk/Intersection,Low,Two-Wheeler,Serious,1
1652,11,Harmu Road,23.3738695,85.3138452,2025-07-29,09:54:00,Tuesday,Rainy,Main Road,Medium,Two-Wheeler,Minor,1
1703,11,Harmu Road,23.3738695,85.3138452,2021-02-10,09:56:00,Wednesday,Clear,Main Road,High,Auto-Rickshaw,Minor,0
1740,11,Harmu Road,23.3738695,85.3138452,2025-06-03,07:00:00,Tuesday,Clear,Chowk/Intersection,High,Auto-Rickshaw,Minor,0
1751,11,Harmu Road,23.3738695,85.3138452,2021-09-13,19:21:00,Monday,Foggy,Chowk/Intersection,Medium,Two-Wheeler,Minor,0
1754,11,Harmu Road,23.3738695,85.3138452,2025-08-02,10:14:00,Saturday,Clear,Chowk/Intersection,Low,Two-Wheeler,Minor,0
1773,11,Harmu Road,23.3738695,85.3138452,2023-05-21,16:12:00,Sunday,Foggy,Chowk/Intersection,Medium,Auto-Rickshaw,Minor,0
1817,11,Harmu Road,23.3738695,85.3138452,2024-05-27,19:44:00,Monday,Clear,Residential Road,Low,Car,Serious,2
1867,11,Harmu Road,23.3738695,85.3138452,2022-03-03,20:00:00,Thursday,Clear,Chowk/Intersection,Medium,Two-Wheeler,Minor,0
1914,11,Harmu Road,23.3738695,85.3138452,2024-01-05,08:25:00,Friday,Foggy,Main Road,Low,Auto-Rickshaw,Minor,0
1996,11,Harmu Road,23.3738695,85.3138452,2022-09-05,21:15:00,Monday,Clear,Main Road,Medium,Bus,Serious,1
1999,11,Harmu Road,23.3738695,85.3138452,2022-12-06,17:03:00,Tuesday,Foggy,Chowk/Intersection,Low,Two-Wheeler,Serious,1
2016,11,Harmu Road,23.3738695,85.3138452,2024-08-03,12:15:00,Saturday,Clear,Highway,High,Car,Fatal,2
2175,11,Harmu Road,23.3738695,85.3138452,2023-02-09,17:23:00,Thursday,Clear,Chowk/Intersection,High,Two-Wheeler,Serious,2
2220,11,Harmu Road,23.3738695,85.3138452,2021-01-08,06:23:00,Friday,Clear,Chowk/Intersection,Low,Car,Fatal,3
2235,11,Harmu Road,23.3738695,85.3138452,2021-01-09,16:11:00,Saturday,Clear,Highway,High,Bus,Minor,0
2271,11,Harmu Road,23.3738695,85.3138452,2022-10-18,20:33:00,Tuesday,Rainy,Residential Road,High,Two-Wheeler,Serious,1
2274,11,Harmu Road,23.3738695,85.3138452,2023-05-11,20:18:00,Thursday,Clear,Residential Road,High,Two-Wheeler,Serious,3
2357,11,Harmu Road,23.3738695,85.3138452,2023-04-18,09:06:00,Tuesday,Clear,Chowk/Intersection,High,Car,Minor,1
2389,11,Harmu Road,23.3738695,85.3138452,2024-12-09,10:48:00,Monday,Foggy,Main Road,Low,Two-Wheeler,Fatal,1
2423,11,Harmu Road,23.3738695,85.3138452,2024-09-20,20:13:00,Friday,Rainy,Main Road,Medium,Two-Wheeler,Fatal,1
2483,11,Harmu Road,23.3738695,85.3138452,2024-10-24,17:01:00,Thursday,Rainy,Main Road,Medium,Two-Wheeler,Minor,1
2516,11,Harmu Road,23.3738695,85.3138452,2023-10-19,19:40:00,Thursday,Clear,Chowk/Intersection,Low,Two-Wheeler,Minor,0
2579,11,Harmu Road,23.3738695,85.3138452,2025-07-19,07:08:00,Saturday,Clear,Highway,Low,Bus,Fatal,1
2603,11,Harmu Road,23.3738695,85.3138452,2025-02-06,20:21:00,Thursday,Clear,Main Road,Medium,Auto-Rickshaw,Minor,0
2718,11,Harmu Road,23.3738695,85.3138452,2024-02-17,17:04:00,Saturday,Rainy,Main Road,High,Auto-Rickshaw,Minor,0
2734,11,Harmu Road,23.3738695,85.3138452,2021-11-15,18:42:00,Monday,Rainy,Chowk/Intersection,Low,Auto-Rickshaw,Minor,1
2784,11,Harmu Road,23.3738695,85.3138452,2021-10-06,10:25:00,Wednesday,Clear,Main Road,Low,Car,Minor,1
2788,11,Harmu Road,23.3738695,85.3138452,2025-12-04,18:01:00,Thursday,Rainy,Residential Road,Medium,Car,Serious,1
2810,11,Harmu Road,23.3738695,85.3138452,2023-07-19,17:32:00,Wednesday,Clear,Chowk/Intersection,Medium,Two-Wheeler,Minor,1
2882,11,Harmu Road,23.3738695,85.3138452,2022-06-05,06:44:00,Sunday,Clear,Chowk/Intersection,Medium,Car,Fatal,2
2932,11,Harmu Road,23.3738695,85.3138452,2024-09-22,10:29:00,Sunday,Clear,Highway,Medium,Car,Fatal,3
3008,11,Harmu Road,23.3738695,85.3138452,2025-01-08,16:35:00,Wednesday,Clear,Main Road,Low,Car,Serious,1
3107,11,Harmu Road,23.3738695,85.3138452,2023-12-14,04:42:00,Thursday,Clear,Chowk/Intersection,Low,Two-Wheeler,Minor,0
3307,11,Harmu Road,23.3738695,85.3138452,2024-11-14,18:41:00,Thursday,Clear,Main Road,Medium,Bus,Fatal,1
3331,11,Harmu Road,23.3738695,85.3138452,2024-06-07,06:03:00,Friday,Rainy,Chowk/Intersection,Medium,Two-Wheeler,Serious,2
3427,11,Harmu Road,23.3738695,85.3138452,2025-10-24,18:44:00,Friday,Clear,Main Road,Medium,Bus,Minor,1
3472,11,Harmu Road,23.3738695,85.3138452,2022-12-29,08:39:00,Thursday,Clear,Highway,Medium,Two-Wheeler,Serious,2
3612,11,Harmu Road,23.3738695,85.3138452,2022-08-25,18:24:00,Thursday,Clear,Residential Road,High,Two-Wheeler,Minor,0
3654,11,Harmu Road,23.3738695,85.3138452,2023-07-24,10:58:00,Monday,Clear,Chowk/Intersection,High,Car,Minor,0
3686,11,Harmu Road,23.3738695,85.3138452,2024-06-09,19:24:00,Sunday,Clear,Main Road,Medium,Truck,Serious,2
3695,11,Harmu Road,23.3738695,85.3138452,2024-05-23,09:22:00,Thursday,Stormy,Main Road,Medium,Auto-Rickshaw,Minor,1
3721,11,Harmu Road,23.3738695,85.3138452,2025-04-01,18:43:00,Tuesday,Clear,Chowk/Intersection,High,Two-Wheeler,Minor,0
3836,11,Harmu Road,23.3738695,85.3138452,2022-08-01,19:44:00,Monday,Clear,Chowk/Intersection,High,Two-Wheeler,Minor,1
3843,11,Harmu Road,23.3738695,85.3138452,2023-01-25,17:12:00,Wednesday,Foggy,Main Road,Low,Auto-Rickshaw,Fatal,2
3915,11,Harmu Road,23.3738695,85.3138452,2024-01-29,09:03:00,Monday,Clear,Highway,High,Car,Minor,0
4037,11,Harmu Road,23.3738695,85.3138452,2025-10-27,07:51:00,Monday,Rainy,Residential Road,Medium,Two-Wheeler,Serious,2
4150,11,Harmu Road,23.3738695,85.3138452,2023-02-24,08:15:00,Friday,Clear,Highway,Medium,Two-Wheeler,Minor,0
4212,11,Harmu Road,23.3738695,85.3138452,2022-04-16,17:17:00,Saturday,Clear,Chowk/Intersection,Medium,Car,Minor,0
4288,11,Harmu Road,23.3738695,85.3138452,2021-10-15,09:19:00,Friday,Clear,Residential Road,Medium,Car,Minor,1
4328,11,Harmu Road,23.3738695,85.3138452,2024-05-30,17:24:00,Thursday,Clear,Highway,Medium,Two-Wheeler,Minor,1
4433,11,Harmu Road,23.3738695,85.3138452,2024-12-23,08:19:00,Monday,Clear,Highway,High,Auto-Rickshaw,Minor,0
4434,11,Harmu Road,23.3738695,85.3138452,2022-04-21,16:40:00,Thursday,Clear,Residential Road,Medium,Two-Wheeler,Serious,1
4447,11,Harmu Road,23.3738695,85.3138452,2022-05-12,17:56:00,Thursday,Clear,Chowk/Intersection,High,Car,Minor,0
4514,11,Harmu Road,23.3738695,85.3138452,2022-04-12,15:08:00,Tuesday,Foggy,Chowk/Intersection,Low,Bus,Serious,1
4577,11,Harmu Road,23.3738695,85.3138452,2022-03-08,19:40:00,Tuesday,Foggy,Chowk/Intersection,Medium,Two-Wheeler,Minor,1
4579,11,Harmu Road,23.3738695,85.3138452,2021-05-28,10:14:00,Friday,Clear,Main Road,Medium,Two-Wheeler,Minor,0
4680,11,Harmu Road,23.3738695,85.3138452,2024-03-26,20:30:00,Tuesday,Stormy,Highway,Medium,Auto-Rickshaw,Minor,0
4686,11,Harmu Road,23.3738695,85.3138452,2021-01-22,09:35:00,Friday,Rainy,Highway,High,Two-Wheeler,Serious,3
4744,11,Harmu Road,23.3738695,85.3138452,2025-02-04,18:38:00,Tuesday,Clear,Main Road,Medium,Car,Minor,0
4800,11,Harmu Road,23.3738695,85.3138452,2021-06-18,08:58:00,Friday,Clear,Highway,High,Two-Wheeler,Fatal,3
4804,11,Harmu Road,23.3738695,85.3138452,2021-08-23,18:59:00,Monday,Clear,Highway,Low,Car,Serious,2
4850,11,Harmu Road,23.3738695,85.3138452,2024-08-05,10:34:00,Monday,Clear,Main Road,Medium,Car,Serious,2
4857,11,Harmu Road,23.3738695,85.3138452,2022-01-31,06:07:00,Monday,Clear,Highway,Medium,Two-Wheeler,Serious,1
4997,11,Harmu Road,23.3738695,85.3138452,2021-12-02,08:16:00,Thursday,Clear,Chowk/Intersection,Medium,Two-Wheeler,Minor,0
5027,11,Harmu Road,23.3738695,85.3138452,2023-08-05,20:57:00,Saturday,Clear,Chowk/Intersection,Medium,Two-Wheeler,Minor,0
5052,11,Harmu Road,23.3738695,85.3138452,2025-10-07,19:13:00,Tuesday,Clear,Main Road,Medium,Auto-Rickshaw,Serious,2
5071,11,Harmu Road,23.3738695,85.3138452,2022-08-17,10:19:00,Wednesday,Clear,Residential Road,Low,Truck,Minor,1
5112,11,Harmu Road,23.3738695,85.3138452,2024-01-15,10:31:00,Monday,Clear,Chowk/Intersection,Medium,Car,Minor,0
5114,11,Harmu Road,23.3738695,85.3138452,2024-01-04,08:20:00,Thursday,Foggy,Highway,Low,Two-Wheeler,Minor,1
5116,11,Harmu Road,23.3738695,85.3138452,2025-05-06,07:46:00,Tuesday,Clear,Main Road,High,Auto-Rickshaw,Minor,0
5119,11,Harmu Road,23.3738695,85.3138452,2021-03-27,15:47:00,Saturday,Clear,Residential Road,Medium,Car,Serious,3
5129,11,Harmu Road,23.3738695,85.3138452,2025-03-25,19:20:00,Tuesday,Foggy,Residential Road,Medium,Two-Wheeler,Serious,1
5150,11,Harmu Road,23.3738695,85.3138452,2023-12-23,18:35:00,Saturday,Foggy,Main Road,High,Two-Wheeler,Minor,0
5188,11,Harmu Road,23.3738695,85.3138452,2025-04-12,18:21:00,Saturday,Clear,Chowk/Intersection,High,Two-Wheeler,Minor,0
5237,11,Harmu Road,23.3738695,85.3138452,2023-03-21,13:43:00,Tuesday,Clear,Main Road,Low,Auto-Rickshaw,Fatal,2
5262,11,Harmu Road,23.3738695,85.3138452,2025-10-17,18:28:00,Friday,Rainy,Main Road,Low,Car,Serious,2
5324,11,Harmu Road,23.3738695,85.3138452,2022-06-23,08:02:00,Thursday,Rainy,Residential Road,Medium,Car,Fatal,1
5458,11,Harmu Road,23.3738695,85.3138452,2025-12-24,11:59:00,Wednesday,Rainy,Highway,Medium,Auto-Rickshaw,Serious,1
5580,11,Harmu Road,23.3738695,85.3138452,2022-08-31,09:54:00,Wednesday,Clear,Highway,Medium,Two-Wheeler,Minor,0
5661,11,Harmu Road,23.3738695,85.3138452,2021-05-02,08:53:00,Sunday,Foggy,Highway,Medium,Two-Wheeler,Serious,2
5664,11,Harmu Road,23.3738695,85.3138452,2025-12-12,08:35:00,Friday,Foggy,Main Road,High,Car,Minor,1
5666,11,Harmu Road,23.3738695,85.3138452,2025-03-09,07:15:00,Sunday,Rainy,Main Road,Medium,Car,Minor,0
5710,11,Harmu Road,23.3738695,85.3138452,2024-07-18,19:44:00,Thursday,Rainy,Residential Road,High,Two-Wheeler,Serious,2
5835,11,Harmu Road,23.3738695,85.3138452,2023-09-05,06:30:00,Tuesday,Clear,Chowk/Intersection,High,Two-Wheeler,Minor,0
5862,11,Harmu Road,23.3738695,85.3138452,2025-06-10,18:02:00,Tuesday,Clear,Chowk/Intersection,High,Two-Wheeler,Serious,1
5868,11,Harmu Road,23.3738695,85.3138452,2024-10-03,19:28:00,Thursday,Clear,Residential Road,Medium,Two-Wheeler,Serious,3
5879,11,Harmu Road,23.3738695,85.3138452,2022-02-11,17:24:00,Friday,Stormy,Residential Road,Medium,Two-Wheeler,Serious,1
5917,11,Harmu Road,23.3738695,85.3138452,2023-05-19,19:24:00,Friday,Foggy,Highway,Medium,Truck,Serious,1
5996,11,Harmu Road,23.3738695,85.3138452,2024-02-29,10:05:00,Thursday,Rainy,Residential Road,Low,Two-Wheeler,Minor,0
6124,11,Harmu Road,23.3738695,85.3138452,2023-08-20,20:45:00,Sunday,Clear,Residential Road,Low,Bus,Minor,0
6204,11,Harmu Road,23.3738695,85.3138452,2024-03-26,10:33:00,Tuesday,Rainy,Main Road,Low,Car,Serious,2
6230,11,Harmu Road,23.3738695,85.3138452,2024-07-10,06:32:00,Wednesday,Rainy,Highway,Low,Two-Wheeler,Serious,1
6252,11,Harmu Road,23.3738695,85.3138452,2025-09-09,18:53:00,Tuesday,Stormy,Highway,High,Two-Wheeler,Minor,0
6327,11,Harmu Road,23.3738695,85.3138452,2025-03-17,17:30:00,Monday,Clear,Residential Road,High,Truck,Fatal,1
6395,11,Harmu Road,23.3738695,85.3138452,2022-09-05,19:14:00,Monday,Clear,Chowk/Intersection,Medium,Two-Wheeler,Minor,1
6462,11,Harmu Road,23.3738695,85.3138452,2022-02-12,08:29:00,Saturday,Rainy,Main Road,High,Auto-Rickshaw,Minor,1
6472,11,Harmu Road,23.3738695,85.3138452,2021-01-29,19:53:00,Friday,Clear,Chowk/Intersection,Medium,Car,Minor,0
6532,11,Harmu Road,23.3738695,85.3138452,2025-11-20,18:10:00,Thursday,Rainy,Highway,High,Car,Minor,1
6563,11,Harmu Road,23.3738695,85.3138452,2025-04-18,07:32:00,Friday,Clear,Chowk/Intersection,Medium,Two-Wheeler,Serious,1
6578,11,Harmu Road,23.3738695,85.3138452,2024-05-25,09:34:00,Saturday,Rainy,Highway,Low,Two-Wheeler,Minor,0
6580,11,Harmu Road,23.3738695,85.3138452,2025-10-04,10:35:00,Saturday,Rainy,Chowk/Intersection,High,Car,Minor,0
6639,11,Harmu Road,23.3738695,85.3138452,2022-08-28,08:26:00,Sunday,Clear,Chowk/Intersection,Medium,Two-Wheeler,Fatal,1
6647,11,Harmu Road,23.3738695,85.3138452,2023-04-08,10:21:00,Saturday,Clear,Main Road,Medium,Two-Wheeler,Serious,1
6799,11,Harmu Road,23.3738695,85.3138452,2022-08-17,19:37:00,Wednesday,Clear,Highway,High,Auto-Rickshaw,Fatal,2
6919,11,Harmu Road,23.3738695,85.3138452,2023-02-16,20:08:00,Thursday,Rainy,Chowk/Intersection,Low,Bus,Fatal,1
7001,11,Harmu Road,23.3738695,85.3138452,2023-03-07,10:23:00,Tuesday,Foggy,Main Road,Low,Auto-Rickshaw,Minor,1
7075,11,Harmu Road,23.3738695,85.3138452,2025-03-29,10:01:00,Saturday,Clear,Highway,Medium,Two-Wheeler,Fatal,1
7120,11,Harmu Road,23.3738695,85.3138452,2025-10-28,18:58:00,Tuesday,Clear,Main Road,High,Car,Minor,1
7132,11,Harmu Road,23.3738695,85.3138452,2022-01-03,06:00:00,Monday,Rainy,Residential Road,Low,Two-Wheeler,Minor,0
7136,11,Harmu Road,23.3738695,85.3138452,2023-10-22,17:21:00,Sunday,Clear,Main Road,High,Car,Minor,1
7138,11,Harmu Road,23.3738695,85.3138452,2024-09-01,09:19:00,Sunday,Clear,Main Road,Low,Auto-Rickshaw,Fatal,3
7202,11,Harmu Road,23.3738695,85.3138452,2024-05-12,19:28:00,Sunday,Clear,Main Road,Low,Two-Wheeler,Minor,0
7338,11,Harmu Road,23.3738695,85.3138452,2022-02-02,10:53:00,Wednesday,Foggy,Chowk/Intersection,High,Two-Wheeler,Fatal,1
7365,11,Harmu Road,23.3738695,85.3138452,2024-08-02,09:37:00,Friday,Rainy,Main Road,Low,Bus,Minor,0
7481,11,Harmu Road,23.3738695,85.3138452,2021-09-25,19:52:00,Saturday,Clear,Main Road,Low,Two-Wheeler,Minor,1
7499,11,Harmu Road,23.3738695,85.3138452,2025-02-02,06:26:00,Sunday,Clear,Main Road,Medium,Two-Wheeler,Minor,0
7530,11,Harmu Road,23.3738695,85.3138452,2023-07-06,18:16:00,Thursday,Clear,Highway,Low,Two-Wheeler,Minor,0
7580,11,Harmu Road,23.3738695,85.3138452,2024-08-10,09:31:00,Saturday,Clear,Chowk/Intersection,Medium,Two-Wheeler,Minor,1
7600,11,Harmu Road,23.3738695,85.3138452,2021-04-05,19:05:00,Monday,Clear,Chowk/Intersection,High,Auto-Rickshaw,Minor,0
7701,11,Harmu Road,23.3738695,85.3138452,2021-09-03,19:07:00,Friday,Clear,Residential Road,Medium,Car,Minor,0
7716,11,Harmu Road,23.3738695,85.3138452,2024-05-12,18:23:00,Sunday,Rainy,Chowk/Intersection,High,Bus,Minor,0
7770,11,Harmu Road,23.3738695,85.3138452,2021-08-03,06:27:00,Tuesday,Clear,Chowk/Intersection,Medium,Bus,Minor,0
7781,11,Harmu Road,23.3738695,85.3138452,2024-02-25,09:04:00,Sunday,Clear,Main Road,Low,Two-Wheeler,Minor,0
7808,11,Harmu Road,23.3738695,85.3138452,2024-01-29,08:33:00,Monday,Clear,Main Road,Medium,Car,Minor,0
7856,11,Harmu Road,23.3738695,85.3138452,2023-08-04,05:36:00,Friday,Clear,Main Road,High,Auto-Rickshaw,Minor,0
23,12,Hindpiri,23.362189,85.3160506,2021-08-26,18:08:00,Thursday,Stormy,Residential Road,Medium,Two-Wheeler,Minor,1
26,12,Hindpiri,23.362189,85.3160506,2024-01-08,18:20:00,Monday,Foggy,Chowk/Intersection,High,Car,Minor,0
157,12,Hindpiri,23.362189,85.3160506,2024-02-20,15:04:00,Tuesday,Clear,Highway,Medium,Car,Minor,1
186,12,Hindpiri,23.362189,85.3160506,2025-11-20,07:13:00,Thursday,Clear,Highway,High,Two-Wheeler,Minor,0
327,12,Hindpiri,23.362189,85.3160506,2022-06-23,18:02:00,Thursday,Clear,Chowk/Intersection,Medium,Auto-Rickshaw,Minor,0
378,12,Hindpiri,23.362189,85.3160506,2024-03-25,09:56:00,Monday,Foggy,Highway,High,Two-Wheeler,Minor,0
410,12,Hindpiri,23.362189,85.3160506,2023-04-18,10:49:00,Tuesday,Rainy,Chowk/Intersection,Medium,Auto-Rickshaw,Minor,1
495,12,Hindpiri,23.362189,85.3160506,2021-01-04,18:48:00,Monday,Clear,Main Road,Low,Car,Serious,2
564,12,Hindpiri,23.362189,85.3160506,2022-10-16,19:04:00,Sunday,Clear,Chowk/Intersection,Low,Two-Wheeler,Serious,1
595,12,Hindpiri,23.362189,85.3160506,2025-03-20,09:43:00,Thursday,Clear,Main Road,Medium,Bus,Fatal,1
618,12,Hindpiri,23.362189,85.3160506,2025-01-19,17:10:00,Sunday,Clear,Chowk/Intersection,Low,Two-Wheeler,Serious,1
740,12,Hindpiri,23.362189,85.3160506,2024-07-07,08:25:00,Sunday,Clear,Main Road,High,Two-Wheeler,Minor,1
743,12,Hindpiri,23.362189,85.3160506,2023-08-07,17:48:00,Monday,Clear,Highway,Medium,Two-Wheeler,Serious,1
808,12,Hindpiri,23.362189,85.3160506,2021-03-01,19:48:00,Monday,Clear,Main Road,High,Truck,Minor,0
841,12,Hindpiri,23.362189,85.3160506,2021-01-28,18:02:00,Thursday,Stormy,Highway,High,Auto-Rickshaw,Minor,0
945,12,Hindpiri,23.362189,85.3160506,2022-08-26,08:32:00,Friday,Clear,Main Road,High,Auto-Rickshaw,Serious,1
1083,12,Hindpiri,23.362189,85.3160506,2021-03-09,18:49:00,Tuesday,Rainy,Chowk/Intersection,Low,Auto-Rickshaw,Fatal,1
1101,12,Hindpiri,23.362189,85.3160506,2024-10-20,08:10:00,Sunday,Clear,Main Road,High,Two-Wheeler,Minor,0
1133,12,Hindpiri,23.362189,85.3160506,2025-04-22,10:57:00,Tuesday,Clear,Chowk/Intersection,Medium,Car,Minor,0
1144,12,Hindpiri,23.362189,85.3160506,2021-07-03,18:18:00,Saturday,Rainy,Chowk/Intersection,Medium,Car,Minor,1
1207,12,Hindpiri,23.362189,85.3160506,2021-03-04,14:10:00,Thursday,Clear,Chowk/Intersection,High,Two-Wheeler,Minor,0
1208,12,Hindpiri,23.362189,85.3160506,2023-02-07,08:11:00,Tuesday,Clear,Residential Road,Medium,Two-Wheeler,Minor,0
1265,12,Hindpiri,23.362189,85.3160506,2022-06-28,19:31:00,Tuesday,Foggy,Main Road,High,Car,Minor,0
1277,12,Hindpiri,23.362189,85.3160506,2025-03-08,20:07:00,Saturday,Clear,Chowk/Intersection,Low,Two-Wheeler,Minor,0
1289,12,Hindpiri,23.362189,85.3160506,2021-02-25,07:04:00,Thursday,Rainy,Residential Road,Low,Truck,Serious,1
1324,12,Hindpiri,23.362189,85.3160506,2024-01-13,16:06:00,Saturday,Clear,Chowk/Intersection,Low,Car,Minor,0
1432,12,Hindpiri,23.362189,85.3160506,2023-05-29,08:29:00,Monday,Clear,Highway,High,Two-Wheeler,Minor,0
1437,12,Hindpiri,23.362189,85.3160506,2023-08-02,08:18:00,Wednesday,Rainy,Highway,Low,Two-Wheeler,Minor,1
1464,12,Hindpiri,23.362189,85.3160506,2022-07-14,19:27:00,Thursday,Clear,Chowk/Intersection,Low,Car,Minor,0
1575,12,Hindpiri,23.362189,85.3160506,2025-10-27,16:13:00,Monday,Clear,Residential Road,Low,Car,Fatal,1
1690,12,Hindpiri,23.362189,85.3160506,2021-11-07,08:53:00,Sunday,Clear,Chowk/Intersection,High,Car,Minor,1
1698,12,Hindpiri,23.362189,85.3160506,2025-07-15,08:04:00,Tuesday,Clear,Chowk/Intersection,High,Two-Wheeler,Serious,2
1709,12,Hindpiri,23.362189,85.3160506,2023-06-13,19:54:00,Tuesday,Rainy,Chowk/Intersection,High,Two-Wheeler,Minor,1
1757,12,Hindpiri,23.362189,85.3160506,2025-01-08,17:15:00,Wednesday,Clear,Residential Road,Medium,Car,Minor,1
1934,12,Hindpiri,23.362189,85.3160506,2023-08-12,16:32:00,Saturday,Clear,Chowk/Intersection,Medium,Bus,Minor,0
2049,12,Hindpiri,23.362189,85.3160506,2021-06-27,20:31:00,Sunday,Clear,Main Road,Low,Car,Minor,1
2084,12,Hindpiri,23.362189,85.3160506,2025-12-16,10:49:00,Tuesday,Clear,Chowk/Intersection,High,Car,Fatal,1
2187,12,Hindpiri,23.362189,85.3160506,2023-11-19,09:35:00,Sunday,Clear,Chowk/Intersection,High,Car,Minor,0
2197,12,Hindpiri,23.362189,85.3160506,2021-04-26,18:16:00,Monday,Clear,Highway,Low,Auto-Rickshaw,Minor,0
2262,12,Hindpiri,23.362189,85.3160506,2025-04-27,07:44:00,Sunday,Stormy,Main Road,High,Two-Wheeler,Minor,1
2265,12,Hindpiri,23.362189,85.3160506,2025-01-08,18:17:00,Wednesday,Foggy,Chowk/Intersection,High,Auto-Rickshaw,Serious,2
2266,12,Hindpiri,23.362189,85.3160506,2021-07-04,08:33:00,Sunday,Rainy,Main Road,Medium,Two-Wheeler,Minor,0
2342,12,Hindpiri,23.362189,85.3160506,2024-01-03,10:00:00,Wednesday,Rainy,Chowk/Intersection,High,Two-Wheeler,Serious,2
2531,12,Hindpiri,23.362189,85.3160506,2023-11-26,17:07:00,Sunday,Clear,Chowk/Intersection,High,Two-Wheeler,Serious,1
2535,12,Hindpiri,23.362189,85.3160506,2021-11-04,18:15:00,Thursday,Clear,Main Road,Low,Car,Minor,0
2844,12,Hindpiri,23.362189,85.3160506,2022-06-05,19:35:00,Sunday,Clear,Main Road,Medium,Two-Wheeler,Serious,1
3067,12,Hindpiri,23.362189,85.3160506,2021-07-16,18:31:00,Friday,Clear,Highway,Medium,Car,Serious,2
3125,12,Hindpiri,23.362189,85.3160506,2025-11-24,19:53:00,Monday,Rainy,Highway,High,Auto-Rickshaw,Minor,0
3137,12,Hindpiri,23.362189,85.3160506,2024-05-22,14:15:00,Wednesday,Rainy,Main Road,Medium,Truck,Minor,0
3279,12,Hindpiri,23.362189,85.3160506,2023-04-16,08:21:00,Sunday,Clear,Main Road,Medium,Car,Minor,0
3285,12,Hindpiri,23.362189,85.3160506,2025-05-03,15:27:00,Saturday,Foggy,Main Road,Low,Auto-Rickshaw,Minor,0
3338,12,Hindpiri,23.362189,85.3160506,2025-08-04,20:46:00,Monday,Rainy,Highway,High,Bus,Minor,0
3348,12,Hindpiri,23.362189,85.3160506,2024-06-21,11:34:00,Friday,Foggy,Main Road,Medium,Two-Wheeler,Minor,0
3351,12,Hindpiri,23.362189,85.3160506,2025-12-29,19:44:00,Monday,Clear,Chowk/Intersection,Low,Car,Serious,2
3406,12,Hindpiri,23.362189,85.3160506,2022-01-14,09:53:00,Friday,Clear,Residential Road,High,Two-Wheeler,Serious,3
3480,12,Hindpiri,23.362189,85.3160506,2024-10-30,20:18:00,Wednesday,Clear,Main Road,Medium,Two-Wheeler,Minor,0
3539,12,Hindpiri,23.362189,85.3160506,2023-04-06,20:14:00,Thursday,Clear,Residential Road,Medium,Bus,Minor,0
3682,12,Hindpiri,23.362189,85.3160506,2021-06-02,10:37:00,Wednesday,Clear,Main Road,High,Car,Minor,0
3705,12,Hindpiri,23.362189,85.3160506,2022-12-17,06:55:00,Saturday,Rainy,Residential Road,Medium,Two-Wheeler,Minor,0
3756,12,Hindpiri,23.362189,85.3160506,2025-02-28,16:24:00,Friday,Rainy,Chowk/Intersection,Low,Auto-Rickshaw,Serious,1
3809,12,Hindpiri,23.362189,85.3160506,2022-04-05,09:02:00,Tuesday,Clear,Main Road,High,Two-Wheeler,Serious,2
3830,12,Hindpiri,23.362189,85.3160506,2021-04-21,19:25:00,Wednesday,Clear,Main Road,Low,Car,Serious,3
3984,12,Hindpiri,23.362189,85.3160506,2023-11-11,16:05:00,Saturday,Rainy,Main Road,High,Two-Wheeler,Serious,2
4055,12,Hindpiri,23.362189,85.3160506,2023-05-11,09:50:00,Thursday,Clear,Chowk/Intersection,Low,Car,Serious,1
4066,12,Hindpiri,23.362189,85.3160506,2025-04-21,04:44:00,Monday,Foggy,Main Road,Medium,Car,Serious,2
4256,12,Hindpiri,23.362189,85.3160506,2024-09-08,19:36:00,Sunday,Clear,Chowk/Intersection,High,Truck,Serious,2
4281,12,Hindpiri,23.362189,85.3160506,2023-04-16,07:31:00,Sunday,Clear,Main Road,Medium,Two-Wheeler,Serious,2
4354,12,Hindpiri,23.362189,85.3160506,2023-01-04,19:24:00,Wednesday,Clear,Highway,Medium,Auto-Rickshaw,Minor,0
4403,12,Hindpiri,23.362189,85.3160506,2024-05-21,10:22:00,Tuesday,Rainy,Chowk/Intersection,High,Two-Wheeler,Fatal,2
4409,12,Hindpiri,23.362189,85.3160506,2022-09-17,18:16:00,Saturday,Clear,Main Road,High,Auto-Rickshaw,Minor,0
4572,12,Hindpiri,23.362189,85.3160506,2021-11-20,10:50:00,Saturday,Clear,Chowk/Intersection,Low,Two-Wheeler,Minor,0
4754,12,Hindpiri,23.362189,85.3160506,2023-05-22,07:04:00,Monday,Clear,Main Road,Medium,Auto-Rickshaw,Serious,2
4784,12,Hindpiri,23.362189,85.3160506,2023-09-20,10:46:00,Wednesday,Clear,Chowk/Intersection,High,Auto-Rickshaw,Minor,0
5018,12,Hindpiri,23.362189,85.3160506,2024-03-01,18:37:00,Friday,Clear,Chowk/Intersection,High,Car,Serious,1
5030,12,Hindpiri,23.362189,85.3160506,2022-06-04,09:36:00,Saturday,Clear,Residential Road,Low,Car,Minor,0
5035,12,Hindpiri,23.362189,85.3160506,2021-06-02,08:22:00,Wednesday,Rainy,Chowk/Intersection,Medium,Two-Wheeler,Minor,0
5036,12,Hindpiri,23.362189,85.3160506,2023-06-28,16:09:00,Wednesday,Rainy,Chowk/Intersection,Medium,Car,Minor,0
5045,12,Hindpiri,23.362189,85.3160506,2022-07-28,06:44:00,Thursday,Clear,Chowk/Intersection,High,Two-Wheeler,Minor,1
5136,12,Hindpiri,23.362189,85.3160506,2023-03-08,09:10:00,Wednesday,Clear,Main Road,Medium,Two-Wheeler,Minor,0
5198,12,Hindpiri,23.362189,85.3160506,2023-10-19,20:46:00,Thursday,Rainy,Chowk/Intersection,Medium,Bus,Serious,1
5244,12,Hindpiri,23.362189,85.3160506,2022-04-14,19:26:00,Thursday,Clear,Main Road,Medium,Two-Wheeler,Minor,0
5326,12,Hindpiri,23.362189,85.3160506,2021-01-31,08:11:00,Sunday,Clear,Main Road,Medium,Auto-Rickshaw,Minor,0
5368,12,Hindpiri,23.362189,85.3160506,2024-05-09,09:13:00,Thursday,Clear,Chowk/Intersection,High,Two-Wheeler,Minor,0
5381,12,Hindpiri,23.362189,85.3160506,2023-05-20,14:16:00,Saturday,Clear,Chowk/Intersection,Low,Two-Wheeler,Minor,0
5409,12,Hindpiri,23.362189,85.3160506,2025-06-29,07:31:00,Sunday,Clear,Main Road,High,Car,Minor,0
5419,12,Hindpiri,23.362189,85.3160506,2022-01-21,08:43:00,Friday,Clear,Main Road,Medium,Car,Serious,1
5463,12,Hindpiri,23.362189,85.3160506,2024-06-22,18:24:00,Saturday,Clear,Chowk/Intersection,Medium,Two-Wheeler,Minor,0
5588,12,Hindpiri,23.362189,85.3160506,2023-03-28,18:55:00,Tuesday,Clear,Highway,High,Bus,Minor,0
5648,12,Hindpiri,23.362189,85.3160506,2022-07-10,09:58:00,Sunday,Clear,Residential Road,Medium,Car,Minor,0
5691,12,Hindpiri,23.362189,85.3160506,2024-10-20,08:12:00,Sunday,Rainy,Chowk/Intersection,Medium,Bus,Fatal,2
5753,12,Hindpiri,23.362189,85.3160506,2021-02-25,10:08:00,Thursday,Foggy,Main Road,Low,Car,Minor,0
5833,12,Hindpiri,23.362189,85.3160506,2024-04-16,06:07:00,Tuesday,Foggy,Residential Road,Low,Two-Wheeler,Serious,2
5869,12,Hindpiri,23.362189,85.3160506,2025-09-28,07:21:00,Sunday,Clear,Main Road,High,Car,Minor,0
5883,12,Hindpiri,23.362189,85.3160506,2021-08-02,20:50:00,Monday,Clear,Chowk/Intersection,Medium,Two-Wheeler,Minor,1
6026,12,Hindpiri,23.362189,85.3160506,2023-01-27,20:46:00,Friday,Clear,Chowk/Intersection,High,Two-Wheeler,Minor,0
6051,12,Hindpiri,23.362189,85.3160506,2023-06-02,08:59:00,Friday,Clear,Highway,Low,Bus,Serious,1
6154,12,Hindpiri,23.362189,85.3160506,2025-03-21,10:22:00,Friday,Clear,Main Road,High,Two-Wheeler,Minor,0
6196,12,Hindpiri,23.362189,85.3160506,2024-09-04,19:22:00,Wednesday,Rainy,Chowk/Intersection,High,Car,Serious,2
6238,12,Hindpiri,23.362189,85.3160506,2025-11-08,10:32:00,Saturday,Clear,Residential Road,Medium,Auto-Rickshaw,Serious,2
6250,12,Hindpiri,23.362189,85.3160506,2021-12-23,08:02:00,Thursday,Clear,Highway,Medium,Bus,Minor,0
6267,12,Hindpiri,23.362189,85.3160506,2021-06-16,18:28:00,Wednesday,Clear,Chowk/Intersection,High,Two-Wheeler,Minor,0
6270,12,Hindpiri,23.362189,85.3160506,2021-12-20,17:53:00,Monday,Clear,Main Road,High,Two-Wheeler,Minor,1
6288,12,Hindpiri,23.362189,85.3160506,2022-07-11,18:46:00,Monday,Rainy,Main Road,Medium,Two-Wheeler,Minor,0
6380,12,Hindpiri,23.362189,85.3160506,2021-01-11,18:58:00,Monday,Clear,Main Road,High,Auto-Rickshaw,Serious,3
6541,12,Hindpiri,23.362189,85.3160506,2023-02-01,15:28:00,Wednesday,Rainy,Main Road,High,Two-Wheeler,Minor,0
6684,12,Hindpiri,23.362189,85.3160506,2024-09-02,17:07:00,Monday,Clear,Residential Road,Low,Two-Wheeler,Serious,1
6811,12,Hindpiri,23.362189,85.3160506,2022-08-03,19:17:00,Wednesday,Clear,Highway,Medium,Auto-Rickshaw,Serious,2
6815,12,Hindpiri,23.362189,85.3160506,2021-09-05,16:03:00,Sunday,Clear,Chowk/Intersection,Low,Auto-Rickshaw,Minor,0
6855,12,Hindpiri,23.362189,85.3160506,2025-08-20,08:36:00,Wednesday,Clear,Chowk/Intersection,Low,Truck,Minor,0
6887,12,Hindpiri,23.362189,85.3160506,2023-02-05,12:51:00,Sunday,Clear,Chowk/Intersection,Medium,Two-Wheeler,Minor,0
6895,12,Hindpiri,23.362189,85.3160506,2024-06-06,19:59:00,Thursday,Foggy,Main Road,Medium,Auto-Rickshaw,Serious,3
6956,12,Hindpiri,23.362189,85.3160506,2021-01-30,09:22:00,Saturday,Clear,Main Road,High,Two-Wheeler,Minor,0
7204,12,Hindpiri,23.362189,85.3160506,2024-06-14,18:37:00,Friday,Clear,Chowk/Intersection,High,Two-Wheeler,Minor,0
7210,12,Hindpiri,23.362189,85.3160506,2022-03-08,09:40:00,Tuesday,Clear,Chowk/Intersection,High,Car,Minor,0
7321,12,Hindpiri,23.362189,85.3160506,2025-04-07,07:32:00,Monday,Clear,Main Road,High,Truck,Fatal,1
7325,12,Hindpiri,23.362189,85.3160506,2023-06-14,18:18:00,Wednesday,Clear,Highway,High,Truck,Serious,2
7327,12,Hindpiri,23.362189,85.3160506,2023-08-03,19:25:00,Thursday,Clear,Chowk/Intersection,High,Auto-Rickshaw,Minor,0
7361,12,Hindpiri,23.362189,85.3160506,2021-11-21,20:36:00,Sunday,Clear,Chowk/Intersection,High,Two-Wheeler,Minor,0
7390,12,Hindpiri,23.362189,85.3160506,2025-07-10,19:54:00,Thursday,Clear,Chowk/Intersection,High,Two-Wheeler,Minor,0
7404,12,Hindpiri,23.362189,85.3160506,2024-08-02,10:11:00,Friday,Clear,Highway,High,Auto-Rickshaw,Minor,0
7409,12,Hindpiri,23.362189,85.3160506,2023-02-07,19:05:00,Tuesday,Clear,Main Road,High,Bus,Serious,1
7426,12,Hindpiri,23.362189,85.3160506,2024-03-01,18:55:00,Friday,Clear,Chowk/Intersection,Medium,Auto-Rickshaw,Serious,1
7445,12,Hindpiri,23.362189,85.3160506,2024-07-29,09:22:00,Monday,Clear,Chowk/Intersection,Medium,Auto-Rickshaw,Serious,1
7547,12,Hindpiri,23.362189,85.3160506,2023-10-09,09:06:00,Monday,Foggy,Residential Road,Medium,Car,Serious,1
7594,12,Hindpiri,23.362189,85.3160506,2023-04-06,19:44:00,Thursday,Clear,Chowk/Intersection,Medium,Two-Wheeler,Serious,1
7606,12,Hindpiri,23.362189,85.3160506,2021-11-15,20:12:00,Monday,Clear,Residential Road,Medium,Two-Wheeler,Minor,0
7759,12,Hindpiri,23.362189,85.3160506,2021-12-05,19:21:00,Sunday,Clear,Highway,Medium,Two-Wheeler,Minor,0
7805,12,Hindpiri,23.362189,85.3160506,2022-10-17,20:22:00,Monday,Clear,Chowk/Intersection,High,Two-Wheeler,Minor,0
7811,12,Hindpiri,23.362189,85.3160506,2022-12-09,16:08:00,Friday,Clear,Chowk/Intersection,Medium,Two-Wheeler,Minor,0
7836,12,Hindpiri,23.362189,85.3160506,2023-03-06,08:21:00,Monday,Clear,Highway,Medium,Two-Wheeler,Serious,3
7846,12,Hindpiri,23.362189,85.3160506,2024-05-12,11:30:00,Sunday,Clear,Main Road,Medium,Two-Wheeler,Minor,0
7975,12,Hindpiri,23.362189,85.3160506,2021-01-03,21:42:00,Sunday,Clear,Main Road,Low,Two-Wheeler,Minor,1
50,13,Bahu Bazar,23.3539142,85.3286816,2021-11-27,09:16:00,Saturday,Clear,Residential Road,High,Car,Minor,0
51,13,Bahu Bazar,23.3539142,85.3286816,2023-01-15,17:10:00,Sunday,Foggy,Main Road,Low,Two-Wheeler,Fatal,1
263,13,Bahu Bazar,23.3539142,85.3286816,2022-02-26,08:13:00,Saturday,Clear,Chowk/Intersection,Medium,Auto-Rickshaw,Serious,2
375,13,Bahu Bazar,23.3539142,85.3286816,2023-01-12,18:38:00,Thursday,Rainy,Chowk/Intersection,Low,Auto-Rickshaw,Minor,0
483,13,Bahu Bazar,23.3539142,85.3286816,2025-01-21,09:21:00,Tuesday,Clear,Main Road,Low,Bus,Serious,2
522,13,Bahu Bazar,23.3539142,85.3286816,2022-06-08,10:42:00,Wednesday,Stormy,Residential Road,Medium,Car,Minor,1
560,13,Bahu Bazar,23.3539142,85.3286816,2022-05-23,09:51:00,Monday,Rainy,Highway,High,Two-Wheeler,Minor,0
739,13,Bahu Bazar,23.3539142,85.3286816,2021-03-29,09:45:00,Monday,Foggy,Residential Road,High,Two-Wheeler,Fatal,1
760,13,Bahu Bazar,23.3539142,85.3286816,2022-02-08,20:20:00,Tuesday,Rainy,Chowk/Intersection,High,Two-Wheeler,Minor,0
889,13,Bahu Bazar,23.3539142,85.3286816,2025-06-07,16:26:00,Saturday,Rainy,Main Road,Low,Car,Serious,2
916,13,Bahu Bazar,23.3539142,85.3286816,2025-03-18,09:34:00,Tuesday,Clear,Highway,High,Two-Wheeler,Minor,1
955,13,Bahu Bazar,23.3539142,85.3286816,2021-03-18,07:30:00,Thursday,Clear,Highway,High,Two-Wheeler,Serious,2
1005,13,Bahu Bazar,23.3539142,85.3286816,2022-01-02,09:28:00,Sunday,Clear,Chowk/Intersection,High,Car,Minor,0
1103,13,Bahu Bazar,23.3539142,85.3286816,2025-09-27,17:13:00,Saturday,Stormy,Chowk/Intersection,Medium,Car,Serious,1
1110,13,Bahu Bazar,23.3539142,85.3286816,2023-08-12,18:44:00,Saturday,Rainy,Chowk/Intersection,Low,Car,Minor,0
1117,13,Bahu Bazar,23.3539142,85.3286816,2023-11-01,09:20:00,Wednesday,Clear,Residential Road,High,Bus,Fatal,1
1145,13,Bahu Bazar,23.3539142,85.3286816,2024-03-10,11:21:00,Sunday,Clear,Main Road,High,Bus,Minor,0
1214,13,Bahu Bazar,23.3539142,85.3286816,2022-03-30,19:14:00,Wednesday,Clear,Chowk/Intersection,High,Two-Wheeler,Serious,3
1292,13,Bahu Bazar,23.3539142,85.3286816,2024-04-24,09:14:00,Wednesday,Foggy,Chowk/Intersection,Medium,Truck,Serious,2
1309,13,Bahu Bazar,23.3539142,85.3286816,2022-06-05,19:56:00,Sunday,Rainy,Main Road,Low,Car,Minor,0
1310,13,Bahu Bazar,23.3539142,85.3286816,2023-12-11,09:08:00,Monday,Clear,Highway,Low,Truck,Serious,1
1346,13,Bahu Bazar,23.3539142,85.3286816,2025-05-14,08:34:00,Wednesday,Rainy,Main Road,Low,Two-Wheeler,Minor,0
1373,13,Bahu Bazar,23.3539142,85.3286816,2022-10-16,21:12:00,Sunday,Rainy,Highway,Low,Two-Wheeler,Serious,2
1461,13,Bahu Bazar,23.3539142,85.3286816,2022-12-22,16:42:00,Thursday,Clear,Main Road,Low,Car,Serious,1
1466,13,Bahu Bazar,23.3539142,85.3286816,2021-12-29,06:14:00,Wednesday,Stormy,Main Road,High,Truck,Fatal,4
1489,13,Bahu Bazar,23.3539142,85.3286816,2023-05-28,16:58:00,Sunday,Clear,Highway,Medium,Auto-Rickshaw,Serious,1
1492,13,Bahu Bazar,23.3539142,85.3286816,2024-04-04,18:23:00,Thursday,Clear,Residential Road,Medium,Car,Minor,0
1499,13,Bahu Bazar,23.3539142,85.3286816,2022-06-03,11:09:00,Friday,Clear,Residential Road,Medium,Two-Wheeler,Serious,2
1509,13,Bahu Bazar,23.3539142,85.3286816,2024-11-06,08:06:00,Wednesday,Rainy,Main Road,Medium,Two-Wheeler,Minor,0
1543,13,Bahu Bazar,23.3539142,85.3286816,2021-04-28,07:15:00,Wednesday,Clear,Chowk/Intersection,Low,Auto-Rickshaw,Minor,0
1559,13,Bahu Bazar,23.3539142,85.3286816,2021-09-07,07:33:00,Tuesday,Foggy,Highway,Low,Two-Wheeler,Serious,3
1589,13,Bahu Bazar,23.3539142,85.3286816,2021-04-28,07:52:00,Wednesday,Stormy,Residential Road,Medium,Two-Wheeler,Minor,0
1663,13,Bahu Bazar,23.3539142,85.3286816,2022-01-04,09:38:00,Tuesday,Stormy,Chowk/Intersection,High,Two-Wheeler,Minor,0
1675,13,Bahu Bazar,23.3539142,85.3286816,2022-02-19,19:18:00,Saturday,Foggy,Chowk/Intersection,High,Two-Wheeler,Minor,1
1715,13,Bahu Bazar,23.3539142,85.3286816,2023-11-07,16:14:00,Tuesday,Clear,Chowk/Intersection,High,Auto-Rickshaw,Minor,0
1758,13,Bahu Bazar,23.3539142,85.3286816,2021-11-18,09:17:00,Thursday,Clear,Main Road,Low,Two-Wheeler,Minor,1
1774,13,Bahu Bazar,23.3539142,85.3286816,2023-06-26,18:59:00,Monday,Rainy,Chowk/Intersection,Medium,Two-Wheeler,Serious,1
1788,13,Bahu Bazar,23.3539142,85.3286816,2021-11-24,14:25:00,Wednesday,Clear,Residential Road,Low,Two-Wheeler,Serious,1
1956,13,Bahu Bazar,23.3539142,85.3286816,2025-08-21,20:07:00,Thursday,Rainy,Main Road,High,Car,Minor,0
1970,13,Bahu Bazar,23.3539142,85.3286816,2023-04-23,06:47:00,Sunday,Clear,Main Road,Medium,Auto-Rickshaw,Minor,1
2065,13,Bahu Bazar,23.3539142,85.3286816,2023-11-25,06:02:00,Saturday,Clear,Highway,High,Two-Wheeler,Fatal,1
2206,13,Bahu Bazar,23.3539142,85.3286816,2023-09-09,07:43:00,Saturday,Clear,Chowk/Intersection,High,Two-Wheeler,Minor,1
2224,13,Bahu Bazar,23.3539142,85.3286816,2023-05-11,07:36:00,Thursday,Rainy,Residential Road,Medium,Two-Wheeler,Minor,0
2232,13,Bahu Bazar,23.3539142,85.3286816,2021-09-19,08:14:00,Sunday,Clear,Residential Road,Medium,Two-Wheeler,Minor,1
2315,13,Bahu Bazar,23.3539142,85.3286816,2022-04-10,11:19:00,Sunday,Foggy,Chowk/Intersection,High,Two-Wheeler,Minor,1
2322,13,Bahu Bazar,23.3539142,85.3286816,2022-09-07,16:42:00,Wednesday,Rainy,Main Road,Low,Car,Minor,0
2398,13,Bahu Bazar,23.3539142,85.3286816,2021-07-25,07:52:00,Sunday,Rainy,Main Road,Medium,Auto-Rickshaw,Minor,0
2426,13,Bahu Bazar,23.3539142,85.3286816,2021-06-19,10:41:00,Saturday,Clear,Residential Road,Low,Truck,Fatal,1
2452,13,Bahu Bazar,23.3539142,85.3286816,2023-04-29,06:14:00,Saturday,Clear,Main Road,Medium,Bus,Serious,1
2464,13,Bahu Bazar,23.3539142,85.3286816,2024-06-18,20:28:00,Tuesday,Clear,Chowk/Intersection,High,Car,Minor,0
2472,13,Bahu Bazar,23.3539142,85.3286816,2021-07-23,06:11:00,Friday,Clear,Highway,High,Two-Wheeler,Minor,0
2480,13,Bahu Bazar,23.3539142,85.3286816,2024-08-20,17:26:00,Tuesday,Clear,Chowk/Intersection,Medium,Car,Minor,1
2514,13,Bahu Bazar,23.3539142,85.3286816,2025-11-17,20:13:00,Monday,Clear,Residential Road,High,Car,Serious,2
2523,13,Bahu Bazar,23.3539142,85.3286816,2025-04-01,18:02:00,Tuesday,Clear,Chowk/Intersection,Low,Two-Wheeler,Minor,1
2633,13,Bahu Bazar,23.3539142,85.3286816,2023-02-18,18:51:00,Saturday,Clear,Highway,Low,Two-Wheeler,Minor,0
2696,13,Bahu Bazar,23.3539142,85.3286816,2022-07-28,08:58:00,Thursday,Clear,Chowk/Intersection,High,Two-Wheeler,Serious,2
2699,13,Bahu Bazar,23.3539142,85.3286816,2024-08-28,07:52:00,Wednesday,Rainy,Main Road,Medium,Auto-Rickshaw,Minor,0
2752,13,Bahu Bazar,23.3539142,85.3286816,2021-12-01,17:54:00,Wednesday,Foggy,Main Road,Medium,Car,Minor,0
2813,13,Bahu Bazar,23.3539142,85.3286816,2023-01-02,19:34:00,Monday,Rainy,Residential Road,High,Two-Wheeler,Minor,1
2875,13,Bahu Bazar,23.3539142,85.3286816,2024-06-21,09:16:00,Friday,Clear,Chowk/Intersection,Medium,Auto-Rickshaw,Minor,0
2902,13,Bahu Bazar,23.3539142,85.3286816,2022-04-01,17:27:00,Friday,Rainy,Main Road,Low,Bus,Minor,0
3038,13,Bahu Bazar,23.3539142,85.3286816,2023-01-12,07:21:00,Thursday,Rainy,Residential Road,High,Two-Wheeler,Minor,0
3057,13,Bahu Bazar,23.3539142,85.3286816,2025-01-03,20:11:00,Friday,Clear,Main Road,Medium,Car,Minor,0
3190,13,Bahu Bazar,23.3539142,85.3286816,2021-06-02,07:14:00,Wednesday,Clear,Chowk/Intersection,Low,Auto-Rickshaw,Minor,1
3220,13,Bahu Bazar,23.3539142,85.3286816,2023-06-12,08:37:00,Monday,Clear,Main Road,Medium,Two-Wheeler,Minor,0
3281,13,Bahu Bazar,23.3539142,85.3286816,2022-01-28,19:38:00,Friday,Rainy,Chowk/Intersection,Medium,Two-Wheeler,Minor,1
3353,13,Bahu Bazar,23.3539142,85.3286816,2021-02-25,08:53:00,Thursday,Stormy,Chowk/Intersection,Medium,Two-Wheeler,Serious,2
3364,13,Bahu Bazar,23.3539142,85.3286816,2022-10-30,17:18:00,Sunday,Foggy,Chowk/Intersection,Low,Bus,Serious,1
3435,13,Bahu Bazar,23.3539142,85.3286816,2024-11-14,16:54:00,Thursday,Stormy,Residential Road,High,Car,Fatal,1
3461,13,Bahu Bazar,23.3539142,85.3286816,2024-03-06,09:26:00,Wednesday,Clear,Highway,Low,Two-Wheeler,Minor,0
3486,13,Bahu Bazar,23.3539142,85.3286816,2021-04-09,19:26:00,Friday,Clear,Residential Road,Medium,Truck,Minor,0
3527,13,Bahu Bazar,23.3539142,85.3286816,2022-07-06,08:28:00,Wednesday,Clear,Chowk/Intersection,High,Car,Minor,1
3605,13,Bahu Bazar,23.3539142,85.3286816,2023-10-25,11:52:00,Wednesday,Foggy,Chowk/Intersection,Medium,Two-Wheeler,Serious,3
3614,13,Bahu Bazar,23.3539142,85.3286816,2025-04-03,09:08:00,Thursday,Clear,Highway,Medium,Auto-Rickshaw,Fatal,1
3693,13,Bahu Bazar,23.3539142,85.3286816,2025-08-01,19:27:00,Friday,Clear,Main Road,Medium,Car,Minor,0
3706,13,Bahu Bazar,23.3539142,85.3286816,2022-04-16,19:12:00,Saturday,Clear,Highway,Medium,Two-Wheeler,Minor,0
3842,13,Bahu Bazar,23.3539142,85.3286816,2025-01-21,08:26:00,Tuesday,Clear,Chowk/Intersection,Medium,Auto-Rickshaw,Minor,1
3855,13,Bahu Bazar,23.3539142,85.3286816,2025-02-24,07:12:00,Monday,Clear,Residential Road,Low,Car,Minor,0
3880,13,Bahu Bazar,23.3539142,85.3286816,2023-12-23,07:51:00,Saturday,Rainy,Highway,Medium,Two-Wheeler,Minor,0
3902,13,Bahu Bazar,23.3539142,85.3286816,2025-09-20,20:43:00,Saturday,Clear,Chowk/Intersection,High,Two-Wheeler,Minor,0
3906,13,Bahu Bazar,23.3539142,85.3286816,2022-07-20,08:58:00,Wednesday,Stormy,Chowk/Intersection,Medium,Two-Wheeler,Minor,0
3910,13,Bahu Bazar,23.3539142,85.3286816,2021-12-16,08:40:00,Thursday,Clear,Chowk/Intersection,Low,Car,Minor,0
3924,13,Bahu Bazar,23.3539142,85.3286816,2024-05-27,18:58:00,Monday,Stormy,Main Road,High,Car,Serious,2
3931,13,Bahu Bazar,23.3539142,85.3286816,2023-06-23,17:52:00,Friday,Clear,Main Road,Medium,Two-Wheeler,Minor,1
3943,13,Bahu Bazar,23.3539142,85.3286816,2023-11-23,08:56:00,Thursday,Foggy,Residential Road,Medium,Car,Minor,0
4010,13,Bahu Bazar,23.3539142,85.3286816,2021-05-02,09:27:00,Sunday,Clear,Highway,Low,Two-Wheeler,Minor,1
4038,13,Bahu Bazar,23.3539142,85.3286816,2025-03-28,10:36:00,Friday,Clear,Highway,High,Two-Wheeler,Serious,3
4044,13,Bahu Bazar,23.3539142,85.3286816,2021-07-05,19:31:00,Monday,Clear,Main Road,Medium,Two-Wheeler,Serious,1
4051,13,Bahu Bazar,23.3539142,85.3286816,2023-03-09,10:23:00,Thursday,Clear,Chowk/Intersection,Medium,Car,Serious,2
4106,13,Bahu Bazar,23.3539142,85.3286816,2023-03-05,18:05:00,Sunday,Clear,Highway,High,Two-Wheeler,Serious,2
4116,13,Bahu Bazar,23.3539142,85.3286816,2025-06-17,10:23:00,Tuesday,Rainy,Highway,Low,Truck,Serious,3
4162,13,Bahu Bazar,23.3539142,85.3286816,2022-01-03,10:03:00,Monday,Stormy,Highway,Medium,Truck,Serious,1
4219,13,Bahu Bazar,23.3539142,85.3286816,2025-04-06,17:43:00,Sunday,Rainy,Chowk/Intersection,Medium,Two-Wheeler,Minor,0
4257,13,Bahu Bazar,23.3539142,85.3286816,2022-07-16,18:21:00,Saturday,Clear,Highway,High,Car,Serious,3
4270,13,Bahu Bazar,23.3539142,85.3286816,2025-02-10,18:42:00,Monday,Clear,Main Road,High,Car,Minor,1
4295,13,Bahu Bazar,23.3539142,85.3286816,2021-10-12,19:12:00,Tuesday,Clear,Chowk/Intersection,High,Auto-Rickshaw,Minor,1
4344,13,Bahu Bazar,23.3539142,85.3286816,2022-02-26,08:47:00,Saturday,Clear,Residential Road,High,Two-Wheeler,Minor,1
4348,13,Bahu Bazar,23.3539142,85.3286816,2023-05-11,19:35:00,Thursday,Rainy,Residential Road,Medium,Two-Wheeler,Minor,0
4478,13,Bahu Bazar,23.3539142,85.3286816,2025-02-08,09:32:00,Saturday,Clear,Main Road,Medium,Auto-Rickshaw,Minor,0
4487,13,Bahu Bazar,23.3539142,85.3286816,2023-01-11,19:11:00,Wednesday,Rainy,Main Road,Medium,Two-Wheeler,Fatal,4
4497,13,Bahu Bazar,23.3539142,85.3286816,2023-11-14,12:27:00,Tuesday,Clear,Chowk/Intersection,High,Two-Wheeler,Serious,1
4531,13,Bahu Bazar,23.3539142,85.3286816,2025-09-17,17:50:00,Wednesday,Foggy,Main Road,Medium,Two-Wheeler,Minor,0
4544,13,Bahu Bazar,23.3539142,85.3286816,2022-04-23,16:06:00,Saturday,Clear,Highway,Low,Car,Minor,0
4565,13,Bahu Bazar,23.3539142,85.3286816,2024-03-25,20:38:00,Monday,Foggy,Chowk/Intersection,Low,Bus,Minor,0
4576,13,Bahu Bazar,23.3539142,85.3286816,2022-01-01,19:29:00,Saturday,Rainy,Chowk/Intersection,High,Car,Minor,1
4611,13,Bahu Bazar,23.3539142,85.3286816,2024-02-07,17:07:00,Wednesday,Foggy,Highway,Medium,Truck,Minor,0
4613,13,Bahu Bazar,23.3539142,85.3286816,2024-04-23,08:11:00,Tuesday,Rainy,Residential Road,High,Two-Wheeler,Serious,3
4635,13,Bahu Bazar,23.3539142,85.3286816,2022-11-26,22:30:00,Saturday,Rainy,Highway,High,Two-Wheeler,Fatal,1
4685,13,Bahu Bazar,23.3539142,85.3286816,2023-01-13,09:28:00,Friday,Foggy,Highway,Medium,Two-Wheeler,Minor,0
4757,13,Bahu Bazar,23.3539142,85.3286816,2023-10-23,11:31:00,Monday,Clear,Chowk/Intersection,Low,Car,Fatal,1
4758,13,Bahu Bazar,23.3539142,85.3286816,2021-01-05,09:47:00,Tuesday,Clear,Main Road,Medium,Two-Wheeler,Minor,1
4826,13,Bahu Bazar,23.3539142,85.3286816,2022-10-16,20:42:00,Sunday,Rainy,Residential Road,Medium,Two-Wheeler,Fatal,3
4909,13,Bahu Bazar,23.3539142,85.3286816,2021-05-19,17:28:00,Wednesday,Clear,Highway,Medium,Two-Wheeler,Serious,1
4974,13,Bahu Bazar,23.3539142,85.3286816,2024-02-04,15:09:00,Sunday,Clear,Residential Road,Low,Two-Wheeler,Minor,0
5000,13,Bahu Bazar,23.3539142,85.3286816,2023-06-13,16:13:00,Tuesday,Rainy,Highway,High,Auto-Rickshaw,Minor,0
5058,13,Bahu Bazar,23.3539142,85.3286816,2025-01-18,09:17:00,Saturday,Clear,Highway,High,Auto-Rickshaw,Serious,2
5128,13,Bahu Bazar,23.3539142,85.3286816,2024-05-05,19:17:00,Sunday,Clear,Main Road,High,Two-Wheeler,Serious,3
5179,13,Bahu Bazar,23.3539142,85.3286816,2022-05-25,06:06:00,Wednesday,Clear,Main Road,Medium,Two-Wheeler,Serious,1
5251,13,Bahu Bazar,23.3539142,85.3286816,2025-09-25,18:49:00,Thursday,Clear,Highway,High,Bus,Minor,1
5256,13,Bahu Bazar,23.3539142,85.3286816,2025-09-03,09:54:00,Wednesday,Clear,Highway,High,Auto-Rickshaw,Serious,1
5293,13,Bahu Bazar,23.3539142,85.3286816,2021-03-19,10:08:00,Friday,Rainy,Residential Road,Low,Two-Wheeler,Serious,1
5302,13,Bahu Bazar,23.3539142,85.3286816,2022-04-26,09:09:00,Tuesday,Clear,Chowk/Intersection,Medium,Auto-Rickshaw,Minor,0
5507,13,Bahu Bazar,23.3539142,85.3286816,2025-08-22,22:35:00,Friday,Foggy,Main Road,Medium,Truck,Serious,1
5526,13,Bahu Bazar,23.3539142,85.3286816,2022-09-08,12:17:00,Thursday,Clear,Residential Road,Medium,Car,Minor,0
5624,13,Bahu Bazar,23.3539142,85.3286816,2021-07-12,20:29:00,Monday,Clear,Main Road,Medium,Auto-Rickshaw,Minor,0
5630,13,Bahu Bazar,23.3539142,85.3286816,2025-09-20,19:29:00,Saturday,Clear,Main Road,Medium,Two-Wheeler,Minor,0
5769,13,Bahu Bazar,23.3539142,85.3286816,2021-11-25,08:09:00,Thursday,Clear,Chowk/Intersection,Medium,Two-Wheeler,Minor,0
5771,13,Bahu Bazar,23.3539142,85.3286816,2022-12-15,10:26:00,Thursday,Rainy,Residential Road,Medium,Two-Wheeler,Minor,0
5787,13,Bahu Bazar,23.3539142,85.3286816,2022-02-15,09:17:00,Tuesday,Clear,Chowk/Intersection,High,Auto-Rickshaw,Minor,1
5792,13,Bahu Bazar,23.3539142,85.3286816,2023-12-29,08:58:00,Friday,Foggy,Chowk/Intersection,High,Two-Wheeler,Minor,0
5823,13,Bahu Bazar,23.3539142,85.3286816,2022-05-13,20:45:00,Friday,Clear,Main Road,Medium,Two-Wheeler,Serious,1
5849,13,Bahu Bazar,23.3539142,85.3286816,2024-09-23,17:57:00,Monday,Clear,Chowk/Intersection,High,Two-Wheeler,Minor,0
5921,13,Bahu Bazar,23.3539142,85.3286816,2025-09-15,18:10:00,Monday,Clear,Chowk/Intersection,Medium,Car,Fatal,2
5924,13,Bahu Bazar,23.3539142,85.3286816,2025-01-11,06:10:00,Saturday,Rainy,Chowk/Intersection,Medium,Auto-Rickshaw,Minor,1
5927,13,Bahu Bazar,23.3539142,85.3286816,2021-09-15,08:25:00,Wednesday,Foggy,Highway,Medium,Two-Wheeler,Serious,1
6003,13,Bahu Bazar,23.3539142,85.3286816,2025-04-13,20:46:00,Sunday,Clear,Residential Road,Medium,Two-Wheeler,Serious,1
6046,13,Bahu Bazar,23.3539142,85.3286816,2021-05-05,08:28:00,Wednesday,Rainy,Main Road,Medium,Two-Wheeler,Serious,1
6082,13,Bahu Bazar,23.3539142,85.3286816,2023-07-13,18:48:00,Thursday,Rainy,Chowk/Intersection,High,Truck,Minor,1
6087,13,Bahu Bazar,23.3539142,85.3286816,2024-04-06,10:38:00,Saturday,Clear,Chowk/Intersection,Low,Bus,Minor,1
6106,13,Bahu Bazar,23.3539142,85.3286816,2021-12-29,08:17:00,Wednesday,Clear,Highway,Low,Car,Serious,2
6111,13,Bahu Bazar,23.3539142,85.3286816,2025-07-27,21:49:00,Sunday,Clear,Highway,Medium,Two-Wheeler,Fatal,1
6228,13,Bahu Bazar,23.3539142,85.3286816,2025-11-23,10:16:00,Sunday,Clear,Main Road,Medium,Two-Wheeler,Fatal,2
6234,13,Bahu Bazar,23.3539142,85.3286816,2024-12-04,19:56:00,Wednesday,Foggy,Highway,Medium,Two-Wheeler,Serious,2
6240,13,Bahu Bazar,23.3539142,85.3286816,2025-04-10,17:38:00,Thursday,Clear,Highway,Medium,Car,Minor,0
6241,13,Bahu Bazar,23.3539142,85.3286816,2024-10-23,10:08:00,Wednesday,Clear,Residential Road,Low,Car,Minor,0
6242,13,Bahu Bazar,23.3539142,85.3286816,2023-10-14,16:48:00,Saturday,Clear,Main Road,Low,Two-Wheeler,Minor,0
6272,13,Bahu Bazar,23.3539142,85.3286816,2025-05-09,18:35:00,Friday,Foggy,Chowk/Intersection,Medium,Car,Minor,1
6321,13,Bahu Bazar,23.3539142,85.3286816,2023-01-08,08:02:00,Sunday,Clear,Main Road,Medium,Two-Wheeler,Minor,1
6362,13,Bahu Bazar,23.3539142,85.3286816,2022-01-26,07:51:00,Wednesday,Rainy,Highway,Medium,Two-Wheeler,Minor,1
6401,13,Bahu Bazar,23.3539142,85.3286816,2025-07-28,19:28:00,Monday,Clear,Chowk/Intersection,Low,Car,Minor,0
6416,13,Bahu Bazar,23.3539142,85.3286816,2021-08-20,09:29:00,Friday,Foggy,Residential Road,Medium,Car,Minor,0
6449,13,Bahu Bazar,23.3539142,85.3286816,2025-10-19,11:05:00,Sunday,Clear,Highway,Medium,Two-Wheeler,Serious,1
6499,13,Bahu Bazar,23.3539142,85.3286816,2025-08-21,17:39:00,Thursday,Stormy,Highway,Medium,Two-Wheeler,Minor,0
6527,13,Bahu Bazar,23.3539142,85.3286816,2025-11-09,06:59:00,Sunday,Foggy,Chowk/Intersection,High,Two-Wheeler,Serious,1
6597,13,Bahu Bazar,23.3539142,85.3286816,2025-11-10,18:42:00,Monday,Clear,Chowk/Intersection,Medium,Two-Wheeler,Minor,0
6747,13,Bahu Bazar,23.3539142,85.3286816,2025-07-06,08:10:00,Sunday,Rainy,Chowk/Intersection,Medium,Auto-Rickshaw,Fatal,3
6806,13,Bahu Bazar,23.3539142,85.3286816,2025-11-05,07:57:00,Wednesday,Clear,Highway,Low,Car,Fatal,2
6844,13,Bahu Bazar,23.3539142,85.3286816,2025-10-22,17:17:00,Wednesday,Clear,Chowk/Intersection,Medium,Two-Wheeler,Minor,1
6856,13,Bahu Bazar,23.3539142,85.3286816,2025-11-27,10:35:00,Thursday,Rainy,Chowk/Intersection,High,Car,Serious,1
6900,13,Bahu Bazar,23.3539142,85.3286816,2023-07-08,18:16:00,Saturday,Rainy,Main Road,High,Car,Minor,0
6912,13,Bahu Bazar,23.3539142,85.3286816,2024-07-11,18:41:00,Thursday,Clear,Highway,Medium,Auto-Rickshaw,Minor,0
6978,13,Bahu Bazar,23.3539142,85.3286816,2024-06-11,16:07:00,Tuesday,Rainy,Chowk/Intersection,Medium,Two-Wheeler,Serious,2
6993,13,Bahu Bazar,23.3539142,85.3286816,2021-08-04,20:40:00,Wednesday,Clear,Main Road,Medium,Truck,Serious,3
7004,13,Bahu Bazar,23.3539142,85.3286816,2022-10-21,08:12:00,Friday,Clear,Highway,High,Car,Serious,1
7013,13,Bahu Bazar,23.3539142,85.3286816,2025-03-25,19:28:00,Tuesday,Clear,Highway,Medium,Truck,Serious,2
7037,13,Bahu Bazar,23.3539142,85.3286816,2025-02-06,08:30:00,Thursday,Foggy,Chowk/Intersection,Medium,Two-Wheeler,Serious,2
7059,13,Bahu Bazar,23.3539142,85.3286816,2023-02-28,08:59:00,Tuesday,Clear,Main Road,Medium,Truck,Minor,0
7186,13,Bahu Bazar,23.3539142,85.3286816,2024-02-12,19:21:00,Monday,Clear,Chowk/Intersection,Medium,Car,Serious,1
7232,13,Bahu Bazar,23.3539142,85.3286816,2023-12-26,19:20:00,Tuesday,Clear,Chowk/Intersection,Medium,Two-Wheeler,Minor,0
7235,13,Bahu Bazar,23.3539142,85.3286816,2024-10-14,08:45:00,Monday,Clear,Chowk/Intersection,Medium,Two-Wheeler,Serious,2
7247,13,Bahu Bazar,23.3539142,85.3286816,2024-09-10,10:23:00,Tuesday,Clear,Highway,Medium,Auto-Rickshaw,Fatal,2
7254,13,Bahu Bazar,23.3539142,85.3286816,2025-05-14,18:35:00,Wednesday,Foggy,Highway,Medium,Two-Wheeler,Minor,0
7296,13,Bahu Bazar,23.3539142,85.3286816,2022-10-22,11:54:00,Saturday,Clear,Main Road,Low,Two-Wheeler,Serious,1
7391,13,Bahu Bazar,23.3539142,85.3286816,2025-09-08,08:55:00,Monday,Clear,Chowk/Intersection,High,Car,Minor,0
7431,13,Bahu Bazar,23.3539142,85.3286816,2024-03-08,08:09:00,Friday,Foggy,Highway,Low,Two-Wheeler,Fatal,3
7522,13,Bahu Bazar,23.3539142,85.3286816,2022-06-06,15:22:00,Monday,Clear,Residential Road,High,Two-Wheeler,Minor,1
7535,13,Bahu Bazar,23.3539142,85.3286816,2021-04-07,11:43:00,Wednesday,Clear,Highway,Low,Two-Wheeler,Minor,1
7736,13,Bahu Bazar,23.3539142,85.3286816,2025-12-12,08:47:00,Friday,Rainy,Main Road,Low,Two-Wheeler,Minor,0
7778,13,Bahu Bazar,23.3539142,85.3286816,2024-06-04,15:40:00,Tuesday,Rainy,Chowk/Intersection,High,Auto-Rickshaw,Serious,3
7787,13,Bahu Bazar,23.3539142,85.3286816,2023-02-25,14:17:00,Saturday,Clear,Chowk/Intersection,Medium,Two-Wheeler,Minor,0
562,14,Upper Bazar,23.366,85.3275,2022-01-25,17:58:00,Tuesday,Foggy,Chowk/Intersection,Medium,Two-Wheeler,Minor,1
868,14,Upper Bazar,23.366,85.3275,2024-04-30,18:49:00,Tuesday,Clear,Chowk/Intersection,Low,Two-Wheeler,Minor,0
997,14,Upper Bazar,23.366,85.3275,2024-01-25,18:01:00,Thursday,Stormy,Main Road,High,Car,Serious,2
1089,14,Upper Bazar,23.366,85.3275,2021-06-06,08:52:00,Sunday,Clear,Highway,High,Two-Wheeler,Fatal,4
1274,14,Upper Bazar,23.366,85.3275,2023-08-21,07:43:00,Monday,Clear,Main Road,High,Two-Wheeler,Serious,2
1299,14,Upper Bazar,23.366,85.3275,2021-08-31,18:32:00,Tuesday,Clear,Chowk/Intersection,High,Auto-Rickshaw,Minor,0
1327,14,Upper Bazar,23.366,85.3275,2025-12-18,18:37:00,Thursday,Clear,Main Road,Low,Truck,Serious,1
1379,14,Upper Bazar,23.366,85.3275,2023-03-11,12:05:00,Saturday,Rainy,Chowk/Intersection,Low,Two-Wheeler,Serious,2
1515,14,Upper Bazar,23.366,85.3275,2021-04-20,17:32:00,Tuesday,Rainy,Chowk/Intersection,Medium,Two-Wheeler,Serious,2
1637,14,Upper Bazar,23.366,85.3275,2024-03-20,18:04:00,Wednesday,Clear,Chowk/Intersection,Medium,Two-Wheeler,Serious,2
1951,14,Upper Bazar,23.366,85.3275,2023-07-09,18:21:00,Sunday,Clear,Highway,Medium,Auto-Rickshaw,Minor,0
2019,14,Upper Bazar,23.366,85.3275,2024-07-10,17:20:00,Wednesday,Clear,Highway,Low,Two-Wheeler,Fatal,3
2074,14,Upper Bazar,23.366,85.3275,2023-03-30,05:54:00,Thursday,Stormy,Chowk/Intersection,Medium,Two-Wheeler,Minor,1
2115,14,Upper Bazar,23.366,85.3275,2023-05-27,11:25:00,Saturday,Clear,Highway,Medium,Car,Serious,3
2140,14,Upper Bazar,23.366,85.3275,2022-10-14,10:04:00,Friday,Clear,Highway,Medium,Bus,Serious,2
2282,14,Upper Bazar,23.366,85.3275,2025-11-23,14:34:00,Sunday,Clear,Main Road,High,Car,Serious,1
2555,14,Upper Bazar,23.366,85.3275,2024-10-29,15:12:00,Tuesday,Clear,Highway,High,Two-Wheeler,Serious,1
2723,14,Upper Bazar,23.366,85.3275,2025-06-29,09:25:00,Sunday,Rainy,Main Road,High,Car,Serious,2
2772,14,Upper Bazar,23.366,85.3275,2025-03-28,07:53:00,Friday,Stormy,Chowk/Intersection,Low,Two-Wheeler,Minor,1
2831,14,Upper Bazar,23.366,85.3275,2023-04-14,19:45:00,Friday,Rainy,Main Road,Medium,Truck,Serious,1
2940,14,Upper Bazar,23.366,85.3275,2022-06-25,17:17:00,Saturday,Clear,Main Road,Low,Two-Wheeler,Minor,0
3012,14,Upper Bazar,23.366,85.3275,2024-03-28,10:19:00,Thursday,Clear,Chowk/Intersection,Low,Two-Wheeler,Minor,0
3185,14,Upper Bazar,23.366,85.3275,2023-12-29,08:56:00,Friday,Clear,Main Road,Medium,Two-Wheeler,Fatal,1
3219,14,Upper Bazar,23.366,85.3275,2025-10-24,07:23:00,Friday,Clear,Chowk/Intersection,High,Two-Wheeler,Minor,0
3230,14,Upper Bazar,23.366,85.3275,2025-08-01,09:32:00,Friday,Rainy,Highway,Medium,Auto-Rickshaw,Fatal,1
3329,14,Upper Bazar,23.366,85.3275,2022-12-05,09:05:00,Monday,Clear,Highway,Medium,Two-Wheeler,Fatal,1
3676,14,Upper Bazar,23.366,85.3275,2023-01-10,19:27:00,Tuesday,Rainy,Chowk/Intersection,Medium,Car,Minor,1
3729,14,Upper Bazar,23.366,85.3275,2023-05-26,09:31:00,Friday,Clear,Chowk/Intersection,Low,Car,Serious,3
3797,14,Upper Bazar,23.366,85.3275,2022-07-26,09:09:00,Tuesday,Rainy,Main Road,Medium,Two-Wheeler,Fatal,2
3928,14,Upper Bazar,23.366,85.3275,2021-01-26,16:09:00,Tuesday,Foggy,Residential Road,High,Two-Wheeler,Serious,2
4223,14,Upper Bazar,23.366,85.3275,2021-01-29,07:00:00,Friday,Rainy,Highway,Medium,Auto-Rickshaw,Minor,1
4365,14,Upper Bazar,23.366,85.3275,2025-03-08,07:56:00,Saturday,Clear,Chowk/Intersection,High,Car,Minor,0
4457,14,Upper Bazar,23.366,85.3275,2022-12-31,18:22:00,Saturday,Clear,Main Road,High,Car,Minor,0
4580,14,Upper Bazar,23.366,85.3275,2025-12-20,07:21:00,Saturday,Rainy,Main Road,Medium,Car,Serious,3
4698,14,Upper Bazar,23.366,85.3275,2022-10-12,16:34:00,Wednesday,Clear,Main Road,High,Two-Wheeler,Fatal,2
4832,14,Upper Bazar,23.366,85.3275,2023-05-11,17:15:00,Thursday,Clear,Highway,Medium,Two-Wheeler,Minor,0
5670,14,Upper Bazar,23.366,85.3275,2025-01-13,21:42:00,Monday,Stormy,Highway,High,Bus,Minor,0
5747,14,Upper Bazar,23.366,85.3275,2023-08-20,17:06:00,Sunday,Clear,Highway,High,Two-Wheeler,Minor,0
5870,14,Upper Bazar,23.366,85.3275,2023-06-26,08:13:00,Monday,Rainy,Chowk/Intersection,High,Two-Wheeler,Minor,1
5925,14,Upper Bazar,23.366,85.3275,2023-12-07,17:41:00,Thursday,Clear,Highway,High,Two-Wheeler,Minor,0
6024,14,Upper Bazar,23.366,85.3275,2025-05-19,09:11:00,Monday,Clear,Chowk/Intersection,Low,Auto-Rickshaw,Minor,1
6205,14,Upper Bazar,23.366,85.3275,2024-01-27,10:21:00,Saturday,Clear,Highway,Low,Bus,Minor,0
6393,14,Upper Bazar,23.366,85.3275,2025-08-31,17:52:00,Sunday,Clear,Main Road,High,Two-Wheeler,Fatal,1
6554,14,Upper Bazar,23.366,85.3275,2021-02-06,20:07:00,Saturday,Clear,Chowk/Intersection,Medium,Car,Minor,1
6898,14,Upper Bazar,23.366,85.3275,2024-07-21,18:27:00,Sunday,Clear,Highway,High,Two-Wheeler,Serious,1
6976,14,Upper Bazar,23.366,85.3275,2025-07-25,07:49:00,Friday,Clear,Main Road,High,Two-Wheeler,Serious,1
7045,14,Upper Bazar,23.366,85.3275,2024-01-06,09:52:00,Saturday,Clear,Highway,High,Auto-Rickshaw,Serious,2
7139,14,Upper Bazar,23.366,85.3275,2022-06-25,06:48:00,Saturday,Rainy,Highway,Medium,Two-Wheeler,Serious,1
7168,14,Upper Bazar,23.366,85.3275,2022-11-17,07:41:00,Thursday,Foggy,Chowk/Intersection,Medium,Car,Serious,2
7472,14,Upper Bazar,23.366,85.3275,2025-05-14,20:15:00,Wednesday,Rainy,Main Road,High,Auto-Rickshaw,Serious,2
7500,14,Upper Bazar,23.366,85.3275,2024-08-20,19:11:00,Tuesday,Clear,Chowk/Intersection,Medium,Truck,Minor,0
7517,14,Upper Bazar,23.366,85.3275,2022-04-25,19:18:00,Monday,Clear,Main Road,Medium,Two-Wheeler,Minor,1
7587,14,Upper Bazar,23.366,85.3275,2025-04-08,09:50:00,Tuesday,Clear,Main Road,Low,Two-Wheeler,Minor,0
7754,14,Upper Bazar,23.366,85.3275,2023-08-24,09:38:00,Thursday,Clear,Highway,Medium,Car,Minor,1
7827,14,Upper Bazar,23.366,85.3275,2025-11-22,08:41:00,Saturday,Clear,Highway,Low,Two-Wheeler,Minor,0
7903,14,Upper Bazar,23.366,85.3275,2022-07-27,08:03:00,Wednesday,Clear,Chowk/Intersection,Low,Two-Wheeler,Minor,1
7917,14,Upper Bazar,23.366,85.3275,2022-09-19,16:19:00,Monday,Clear,Chowk/Intersection,Low,Car,Minor,0
7990,14,Upper Bazar,23.366,85.3275,2023-12-20,08:12:00,Wednesday,Rainy,Chowk/Intersection,Medium,Two-Wheeler,Minor,0
35,15,Lower Bazar,23.369,85.33,2021-04-21,16:45:00,Wednesday,Rainy,Chowk/Intersection,Medium,Two-Wheeler,Serious,1
60,15,Lower Bazar,23.369,85.33,2021-09-13,19:43:00,Monday,Clear,Main Road,Medium,Two-Wheeler,Fatal,2
96,15,Lower Bazar,23.369,85.33,2021-03-20,08:12:00,Saturday,Clear,Residential Road,Medium,Two-Wheeler,Serious,1
209,15,Lower Bazar,23.369,85.33,2025-01-31,09:57:00,Friday,Clear,Chowk/Intersection,Low,Auto-Rickshaw,Minor,1
481,15,Lower Bazar,23.369,85.33,2022-01-19,20:19:00,Wednesday,Clear,Chowk/Intersection,High,Two-Wheeler,Minor,0
510,15,Lower Bazar,23.369,85.33,2025-08-18,18:59:00,Monday,Clear,Highway,Medium,Two-Wheeler,Fatal,2
514,15,Lower Bazar,23.369,85.33,2025-06-14,09:16:00,Saturday,Clear,Residential Road,Medium,Auto-Rickshaw,Fatal,3
589,15,Lower Bazar,23.369,85.33,2023-08-18,08:23:00,Friday,Rainy,Chowk/Intersection,High,Two-Wheeler,Minor,0
790,15,Lower Bazar,23.369,85.33,2021-07-14,08:30:00,Wednesday,Clear,Chowk/Intersection,Low,Two-Wheeler,Minor,0
847,15,Lower Bazar,23.369,85.33,2023-02-02,10:22:00,Thursday,Clear,Highway,High,Bus,Fatal,1
896,15,Lower Bazar,23.369,85.33,2024-05-02,20:20:00,Thursday,Clear,Residential Road,Low,Two-Wheeler,Minor,0
1178,15,Lower Bazar,23.369,85.33,2023-11-12,11:52:00,Sunday,Clear,Chowk/Intersection,High,Two-Wheeler,Minor,1
1351,15,Lower Bazar,23.369,85.33,2022-03-13,07:26:00,Sunday,Clear,Residential Road,High,Two-Wheeler,Minor,0
1510,15,Lower Bazar,23.369,85.33,2023-01-31,08:35:00,Tuesday,Clear,Chowk/Intersection,Medium,Auto-Rickshaw,Fatal,1
1645,15,Lower Bazar,23.369,85.33,2023-09-25,06:18:00,Monday,Clear,Chowk/Intersection,High,Two-Wheeler,Minor,0
1780,15,Lower Bazar,23.369,85.33,2022-08-27,04:47:00,Saturday,Rainy,Residential Road,Medium,Auto-Rickshaw,Serious,1
1948,15,Lower Bazar,23.369,85.33,2021-08-31,18:17:00,Tuesday,Clear,Residential Road,High,Two-Wheeler,Serious,1
2063,15,Lower Bazar,23.369,85.33,2025-12-12,18:33:00,Friday,Clear,Main Road,Medium,Two-Wheeler,Serious,1
2085,15,Lower Bazar,23.369,85.33,2024-11-18,06:18:00,Monday,Clear,Main Road,High,Two-Wheeler,Minor,0
2151,15,Lower Bazar,23.369,85.33,2021-03-17,18:04:00,Wednesday,Clear,Main Road,Low,Two-Wheeler,Minor,0
2245,15,Lower Bazar,23.369,85.33,2025-07-05,05:53:00,Saturday,Clear,Main Road,Low,Two-Wheeler,Minor,0
2414,15,Lower Bazar,23.369,85.33,2025-06-04,17:02:00,Wednesday,Clear,Residential Road,Medium,Two-Wheeler,Serious,1
2576,15,Lower Bazar,23.369,85.33,2022-07-25,11:34:00,Monday,Clear,Residential Road,Low,Car,Serious,3
2601,15,Lower Bazar,23.369,85.33,2024-07-31,11:28:00,Wednesday,Foggy,Main Road,Medium,Car,Minor,0
2710,15,Lower Bazar,23.369,85.33,2023-10-21,08:31:00,Saturday,Rainy,Chowk/Intersection,High,Two-Wheeler,Fatal,1
2997,15,Lower Bazar,23.369,85.33,2025-06-01,10:45:00,Sunday,Rainy,Residential Road,High,Two-Wheeler,Fatal,2
3127,15,Lower Bazar,23.369,85.33,2025-12-25,08:31:00,Thursday,Clear,Main Road,High,Two-Wheeler,Serious,2
3297,15,Lower Bazar,23.369,85.33,2021-10-09,17:17:00,Saturday,Clear,Main Road,Medium,Auto-Rickshaw,Serious,2
3326,15,Lower Bazar,23.369,85.33,2022-01-20,07:59:00,Thursday,Clear,Highway,Low,Two-Wheeler,Fatal,2
3340,15,Lower Bazar,23.369,85.33,2022-12-10,17:31:00,Saturday,Clear,Highway,Medium,Two-Wheeler,Fatal,3
3377,15,Lower Bazar,23.369,85.33,2024-07-27,18:30:00,Saturday,Foggy,Chowk/Intersection,Low,Truck,Fatal,1
3460,15,Lower Bazar,23.369,85.33,2022-08-18,18:43:00,Thursday,Rainy,Chowk/Intersection,Medium,Two-Wheeler,Fatal,1
3488,15,Lower Bazar,23.369,85.33,2021-05-13,18:55:00,Thursday,Clear,Residential Road,Low,Bus,Fatal,1
3584,15,Lower Bazar,23.369,85.33,2025-01-05,18:54:00,Sunday,Clear,Residential Road,Medium,Bus,Minor,0
4016,15,Lower Bazar,23.369,85.33,2021-08-12,20:07:00,Thursday,Foggy,Main Road,Low,Two-Wheeler,Serious,2
4081,15,Lower Bazar,23.369,85.33,2022-06-15,17:09:00,Wednesday,Foggy,Chowk/Intersection,Medium,Two-Wheeler,Minor,0
4234,15,Lower Bazar,23.369,85.33,2025-12-16,09:14:00,Tuesday,Clear,Chowk/Intersection,Medium,Auto-Rickshaw,Minor,0
4275,15,Lower Bazar,23.369,85.33,2025-11-15,20:26:00,Saturday,Clear,Chowk/Intersection,Medium,Two-Wheeler,Serious,1
4372,15,Lower Bazar,23.369,85.33,2023-01-29,07:44:00,Sunday,Foggy,Main Road,Low,Two-Wheeler,Fatal,1
4500,15,Lower Bazar,23.369,85.33,2024-07-22,18:58:00,Monday,Clear,Highway,High,Bus,Serious,3
4645,15,Lower Bazar,23.369,85.33,2021-06-23,18:28:00,Wednesday,Clear,Main Road,Medium,Two-Wheeler,Minor,1
4741,15,Lower Bazar,23.369,85.33,2022-05-21,15:58:00,Saturday,Stormy,Chowk/Intersection,Medium,Two-Wheeler,Minor,0
4775,15,Lower Bazar,23.369,85.33,2025-02-14,19:48:00,Friday,Clear,Chowk/Intersection,Medium,Two-Wheeler,Serious,2
4856,15,Lower Bazar,23.369,85.33,2025-12-05,08:14:00,Friday,Stormy,Highway,High,Two-Wheeler,Minor,1
4911,15,Lower Bazar,23.369,85.33,2024-07-25,06:38:00,Thursday,Clear,Chowk/Intersection,High,Auto-Rickshaw,Minor,1
4915,15,Lower Bazar,23.369,85.33,2022-11-12,17:56:00,Saturday,Rainy,Main Road,High,Two-Wheeler,Minor,0
4916,15,Lower Bazar,23.369,85.33,2021-06-16,07:24:00,Wednesday,Clear,Main Road,Low,Car,Fatal,1
4975,15,Lower Bazar,23.369,85.33,2021-05-04,09:12:00,Tuesday,Rainy,Main Road,Medium,Auto-Rickshaw,Minor,1
5197,15,Lower Bazar,23.369,85.33,2021-10-25,17:19:00,Monday,Clear,Chowk/Intersection,Medium,Bus,Serious,2
5221,15,Lower Bazar,23.369,85.33,2024-06-24,16:27:00,Monday,Clear,Highway,Medium,Two-Wheeler,Minor,1
5263,15,Lower Bazar,23.369,85.33,2022-08-07,10:02:00,Sunday,Clear,Main Road,High,Car,Serious,2
5264,15,Lower Bazar,23.369,85.33,2022-07-10,19:52:00,Sunday,Clear,Chowk/Intersection,Medium,Truck,Minor,0
5269,15,Lower Bazar,23.369,85.33,2024-03-13,19:04:00,Wednesday,Clear,Residential Road,High,Car,Serious,1
5391,15,Lower Bazar,23.369,85.33,2021-12-02,14:27:00,Thursday,Stormy,Highway,Medium,Two-Wheeler,Fatal,4
5462,15,Lower Bazar,23.369,85.33,2024-11-30,06:18:00,Saturday,Foggy,Chowk/Intersection,High,Two-Wheeler,Minor,0
5521,15,Lower Bazar,23.369,85.33,2024-08-29,09:10:00,Thursday,Clear,Chowk/Intersection,Low,Two-Wheeler,Serious,1
5959,15,Lower Bazar,23.369,85.33,2023-01-03,09:12:00,Tuesday,Rainy,Chowk/Intersection,Low,Bus,Minor,0
6112,15,Lower Bazar,23.369,85.33,2022-08-30,18:50:00,Tuesday,Clear,Chowk/Intersection,Low,Two-Wheeler,Serious,1
6183,15,Lower Bazar,23.369,85.33,2022-12-03,06:58:00,Saturday,Rainy,Chowk/Intersection,Medium,Auto-Rickshaw,Minor,0
6203,15,Lower Bazar,23.369,85.33,2022-10-18,19:48:00,Tuesday,Rainy,Chowk/Intersection,High,Car,Minor,1
6261,15,Lower Bazar,23.369,85.33,2022-11-16,17:30:00,Wednesday,Clear,Chowk/Intersection,Medium,Two-Wheeler,Minor,0
6651,15,Lower Bazar,23.369,85.33,2025-04-26,17:51:00,Saturday,Clear,Highway,Medium,Car,Serious,1
7147,15,Lower Bazar,23.369,85.33,2023-05-03,21:25:00,Wednesday,Clear,Main Road,Medium,Two-Wheeler,Serious,3
7185,15,Lower Bazar,23.369,85.33,2022-08-28,19:14:00,Sunday,Clear,Chowk/Intersection,High,Truck,Minor,1
7350,15,Lower Bazar,23.369,85.33,2021-12-25,10:56:00,Saturday,Clear,Main Road,Low,Car,Minor,0
7357,15,Lower Bazar,23.369,85.33,2024-08-31,20:44:00,Saturday,Clear,Chowk/Intersection,Low,Bus,Minor,0
7453,15,Lower Bazar,23.369,85.33,2025-06-10,17:55:00,Tuesday,Clear,Chowk/Intersection,High,Car,Minor,0
7471,15,Lower Bazar,23.369,85.33,2025-10-21,06:16:00,Tuesday,Clear,Residential Road,Medium,Two-Wheeler,Minor,0
7531,15,Lower Bazar,23.369,85.33,2022-06-06,07:07:00,Monday,Clear,Chowk/Intersection,Low,Car,Fatal,1
7709,15,Lower Bazar,23.369,85.33,2022-05-15,11:03:00,Sunday,Clear,Main Road,High,Car,Minor,0
7814,15,Lower Bazar,23.369,85.33,2023-03-05,17:29:00,Sunday,Clear,Main Road,Medium,Car,Minor,0
7855,15,Lower Bazar,23.369,85.33,2023-05-24,19:10:00,Wednesday,Rainy,Chowk/Intersection,Medium,Auto-Rickshaw,Minor,0
7893,15,Lower Bazar,23.369,85.33,2024-03-24,12:22:00,Sunday,Rainy,Residential Road,High,Auto-Rickshaw,Fatal,1
7924,15,Lower Bazar,23.369,85.33,2025-01-18,09:42:00,Saturday,Clear,Main Road,High,Auto-Rickshaw,Minor,0
7967,15,Lower Bazar,23.369,85.33,2021-02-16,19:00:00,Tuesday,Foggy,Chowk/Intersection,High,Auto-Rickshaw,Minor,1
76,16,Station Road,23.3548,85.3096,2024-06-01,08:28:00,Saturday,Rainy,Residential Road,High,Car,Serious,3
85,16,Station Road,23.3548,85.3096,2022-01-09,19:17:00,Sunday,Clear,Chowk/Intersection,High,Two-Wheeler,Minor,0
248,16,Station Road,23.3548,85.3096,2021-09-08,17:15:00,Wednesday,Rainy,Main Road,High,Two-Wheeler,Minor,0
350,16,Station Road,23.3548,85.3096,2022-06-22,18:37:00,Wednesday,Clear,Chowk/Intersection,High,Car,Minor,1
365,16,Station Road,23.3548,85.3096,2021-05-27,17:56:00,Thursday,Clear,Chowk/Intersection,Medium,Two-Wheeler,Minor,0
503,16,Station Road,23.3548,85.3096,2023-05-19,18:24:00,Friday,Clear,Residential Road,Low,Truck,Minor,1
548,16,Station Road,23.3548,85.3096,2024-03-09,10:02:00,Saturday,Clear,Highway,Medium,Two-Wheeler,Fatal,4
656,16,Station Road,23.3548,85.3096,2024-09-29,10:38:00,Sunday,Rainy,Chowk/Intersection,Medium,Two-Wheeler,Serious,1
822,16,Station Road,23.3548,85.3096,2021-03-15,08:37:00,Monday,Clear,Main Road,Low,Bus,Serious,1
1006,16,Station Road,23.3548,85.3096,2023-11-13,10:42:00,Monday,Rainy,Main Road,Medium,Two-Wheeler,Minor,1
1167,16,Station Road,23.3548,85.3096,2021-04-30,16:28:00,Friday,Rainy,Residential Road,High,Two-Wheeler,Minor,0
1205,16,Station Road,23.3548,85.3096,2024-10-29,18:15:00,Tuesday,Rainy,Main Road,High,Car,Minor,1
1295,16,Station Road,23.3548,85.3096,2023-01-14,21:25:00,Saturday,Clear,Residential Road,High,Car,Serious,2
1425,16,Station Road,23.3548,85.3096,2023-03-16,18:19:00,Thursday,Rainy,Residential Road,High,Bus,Serious,2
1470,16,Station Road,23.3548,85.3096,2022-11-14,18:20:00,Monday,Clear,Chowk/Intersection,High,Auto-Rickshaw,Serious,1
1519,16,Station Road,23.3548,85.3096,2023-01-08,18:45:00,Sunday,Clear,Chowk/Intersection,Low,Car,Minor,1
1525,16,Station Road,23.3548,85.3096,2022-12-30,08:37:00,Friday,Clear,Chowk/Intersection,Low,Two-Wheeler,Minor,0
1676,16,Station Road,23.3548,85.3096,2025-09-18,19:32:00,Thursday,Foggy,Main Road,Low,Car,Serious,2
1688,16,Station Road,23.3548,85.3096,2025-01-22,06:41:00,Wednesday,Foggy,Main Road,Low,Car,Fatal,2
1831,16,Station Road,23.3548,85.3096,2021-11-23,06:49:00,Tuesday,Clear,Chowk/Intersection,Low,Car,Serious,1
1929,16,Station Road,23.3548,85.3096,2021-08-18,18:06:00,Wednesday,Clear,Main Road,Medium,Auto-Rickshaw,Minor,0
2139,16,Station Road,23.3548,85.3096,2025-09-30,07:15:00,Tuesday,Clear,Highway,Medium,Auto-Rickshaw,Serious,2
2180,16,Station Road,23.3548,85.3096,2025-10-27,08:02:00,Monday,Stormy,Main Road,Low,Auto-Rickshaw,Minor,0
2185,16,Station Road,23.3548,85.3096,2022-08-28,20:16:00,Sunday,Stormy,Highway,Medium,Two-Wheeler,Minor,0
2200,16,Station Road,23.3548,85.3096,2025-03-03,17:54:00,Monday,Clear,Highway,Medium,Two-Wheeler,Fatal,1
2236,16,Station Road,23.3548,85.3096,2021-12-01,07:12:00,Wednesday,Stormy,Highway,High,Two-Wheeler,Serious,2
2238,16,Station Road,23.3548,85.3096,2025-03-09,19:31:00,Sunday,Clear,Chowk/Intersection,Medium,Two-Wheeler,Minor,0
2284,16,Station Road,23.3548,85.3096,2023-05-12,08:20:00,Friday,Clear,Chowk/Intersection,High,Bus,Minor,0
2327,16,Station Road,23.3548,85.3096,2025-12-30,12:24:00,Tuesday,Clear,Main Road,High,Truck,Fatal,1
2338,16,Station Road,23.3548,85.3096,2023-02-09,19:16:00,Thursday,Clear,Highway,Low,Two-Wheeler,Serious,2
2380,16,Station Road,23.3548,85.3096,2023-04-26,18:25:00,Wednesday,Clear,Highway,Medium,Car,Serious,1
2558,16,Station Road,23.3548,85.3096,2023-10-07,15:37:00,Saturday,Foggy,Chowk/Intersection,Medium,Auto-Rickshaw,Minor,0
2658,16,Station Road,23.3548,85.3096,2023-10-29,09:52:00,Sunday,Clear,Main Road,Medium,Two-Wheeler,Minor,1
2850,16,Station Road,23.3548,85.3096,2021-06-20,15:46:00,Sunday,Clear,Main Road,Medium,Car,Serious,2
2880,16,Station Road,23.3548,85.3096,2022-07-30,10:33:00,Saturday,Clear,Chowk/Intersection,High,Two-Wheeler,Serious,1
2942,16,Station Road,23.3548,85.3096,2023-12-27,12:48:00,Wednesday,Clear,Residential Road,Low,Bus,Minor,0
2965,16,Station Road,23.3548,85.3096,2025-09-15,18:05:00,Monday,Clear,Chowk/Intersection,Low,Auto-Rickshaw,Minor,0
2992,16,Station Road,23.3548,85.3096,2023-04-13,09:14:00,Thursday,Clear,Main Road,High,Auto-Rickshaw,Minor,1
3050,16,Station Road,23.3548,85.3096,2021-12-02,06:34:00,Thursday,Rainy,Main Road,High,Car,Serious,2
3105,16,Station Road,23.3548,85.3096,2022-03-04,14:31:00,Friday,Clear,Main Road,Medium,Car,Fatal,1
3106,16,Station Road,23.3548,85.3096,2022-09-27,08:25:00,Tuesday,Clear,Chowk/Intersection,High,Two-Wheeler,Minor,0
3196,16,Station Road,23.3548,85.3096,2022-01-25,07:19:00,Tuesday,Rainy,Chowk/Intersection,Low,Two-Wheeler,Minor,1
3225,16,Station Road,23.3548,85.3096,2025-09-10,09:21:00,Wednesday,Rainy,Main Road,High,Two-Wheeler,Serious,2
3256,16,Station Road,23.3548,85.3096,2025-08-28,09:36:00,Thursday,Clear,Chowk/Intersection,High,Auto-Rickshaw,Minor,1
3445,16,Station Road,23.3548,85.3096,2024-02-02,16:47:00,Friday,Clear,Chowk/Intersection,High,Two-Wheeler,Minor,0
3554,16,Station Road,23.3548,85.3096,2022-07-27,06:27:00,Wednesday,Rainy,Highway,Medium,Two-Wheeler,Fatal,2
3580,16,Station Road,23.3548,85.3096,2023-02-05,10:22:00,Sunday,Clear,Chowk/Intersection,High,Auto-Rickshaw,Minor,0
3651,16,Station Road,23.3548,85.3096,2024-12-28,17:22:00,Saturday,Rainy,Highway,Medium,Auto-Rickshaw,Minor,0
3724,16,Station Road,23.3548,85.3096,2025-12-14,21:59:00,Sunday,Clear,Chowk/Intersection,Low,Two-Wheeler,Minor,0
3764,16,Station Road,23.3548,85.3096,2025-10-10,09:37:00,Friday,Clear,Highway,Medium,Car,Serious,1
3783,16,Station Road,23.3548,85.3096,2022-02-08,18:05:00,Tuesday,Rainy,Chowk/Intersection,Low,Two-Wheeler,Serious,1
3788,16,Station Road,23.3548,85.3096,2025-03-22,16:49:00,Saturday,Clear,Main Road,High,Two-Wheeler,Serious,2
3887,16,Station Road,23.3548,85.3096,2024-11-19,19:46:00,Tuesday,Rainy,Main Road,Low,Two-Wheeler,Minor,1
3988,16,Station Road,23.3548,85.3096,2024-01-10,18:15:00,Wednesday,Rainy,Highway,Low,Bus,Minor,0
4065,16,Station Road,23.3548,85.3096,2022-01-30,18:17:00,Sunday,Rainy,Residential Road,Medium,Two-Wheeler,Fatal,1
4107,16,Station Road,23.3548,85.3096,2023-10-29,17:29:00,Sunday,Foggy,Main Road,High,Bus,Fatal,1
4202,16,Station Road,23.3548,85.3096,2024-03-15,07:11:00,Friday,Clear,Main Road,High,Two-Wheeler,Serious,3
4249,16,Station Road,23.3548,85.3096,2021-11-19,08:12:00,Friday,Clear,Chowk/Intersection,Low,Two-Wheeler,Minor,0
4312,16,Station Road,23.3548,85.3096,2021-02-05,17:20:00,Friday,Rainy,Highway,Low,Two-Wheeler,Serious,2
4368,16,Station Road,23.3548,85.3096,2022-12-29,18:27:00,Thursday,Clear,Residential Road,High,Two-Wheeler,Minor,0
4371,16,Station Road,23.3548,85.3096,2023-05-12,17:15:00,Friday,Clear,Main Road,Low,Car,Minor,0
4509,16,Station Road,23.3548,85.3096,2021-12-16,17:51:00,Thursday,Rainy,Residential Road,Medium,Auto-Rickshaw,Minor,1
4592,16,Station Road,23.3548,85.3096,2023-10-17,09:10:00,Tuesday,Clear,Main Road,Medium,Car,Minor,0
4618,16,Station Road,23.3548,85.3096,2025-09-15,06:57:00,Monday,Clear,Highway,Low,Two-Wheeler,Minor,0
4654,16,Station Road,23.3548,85.3096,2024-05-01,05:48:00,Wednesday,Foggy,Main Road,Medium,Truck,Minor,1
4660,16,Station Road,23.3548,85.3096,2022-08-19,18:20:00,Friday,Clear,Residential Road,High,Two-Wheeler,Fatal,1
4665,16,Station Road,23.3548,85.3096,2024-07-08,19:51:00,Monday,Clear,Residential Road,Low,Auto-Rickshaw,Minor,1
4732,16,Station Road,23.3548,85.3096,2024-05-15,17:04:00,Wednesday,Clear,Residential Road,Medium,Two-Wheeler,Minor,1
4755,16,Station Road,23.3548,85.3096,2025-01-24,20:28:00,Friday,Rainy,Chowk/Intersection,Medium,Two-Wheeler,Minor,0
4870,16,Station Road,23.3548,85.3096,2022-01-31,08:28:00,Monday,Clear,Main Road,High,Car,Serious,2
4877,16,Station Road,23.3548,85.3096,2022-09-18,17:28:00,Sunday,Foggy,Chowk/Intersection,High,Two-Wheeler,Fatal,1
5066,16,Station Road,23.3548,85.3096,2023-04-30,17:49:00,Sunday,Clear,Highway,High,Bus,Minor,0
5171,16,Station Road,23.3548,85.3096,2021-10-10,08:41:00,Sunday,Clear,Residential Road,Medium,Two-Wheeler,Minor,0
5233,16,Station Road,23.3548,85.3096,2022-10-29,09:57:00,Saturday,Foggy,Highway,High,Two-Wheeler,Serious,3
5261,16,Station Road,23.3548,85.3096,2021-04-29,11:03:00,Thursday,Clear,Chowk/Intersection,High,Car,Minor,0
5386,16,Station Road,23.3548,85.3096,2024-09-10,08:16:00,Tuesday,Clear,Highway,Low,Two-Wheeler,Minor,0
5413,16,Station Road,23.3548,85.3096,2021-08-12,21:16:00,Thursday,Clear,Chowk/Intersection,Low,Bus,Minor,0
5509,16,Station Road,23.3548,85.3096,2024-01-24,11:35:00,Wednesday,Clear,Residential Road,Medium,Car,Serious,2
5678,16,Station Road,23.3548,85.3096,2022-12-30,07:01:00,Friday,Foggy,Chowk/Intersection,Medium,Two-Wheeler,Minor,1
6147,16,Station Road,23.3548,85.3096,2021-05-14,18:06:00,Friday,Foggy,Main Road,Medium,Bus,Fatal,2
6166,16,Station Road,23.3548,85.3096,2022-09-05,19:05:00,Monday,Clear,Chowk/Intersection,Low,Two-Wheeler,Minor,0
6224,16,Station Road,23.3548,85.3096,2024-04-10,06:42:00,Wednesday,Clear,Chowk/Intersection,High,Two-Wheeler,Serious,2
6262,16,Station Road,23.3548,85.3096,2022-12-10,17:42:00,Saturday,Clear,Main Road,Medium,Bus,Fatal,2
6382,16,Station Road,23.3548,85.3096,2025-05-11,20:14:00,Sunday,Clear,Highway,High,Two-Wheeler,Serious,3
6421,16,Station Road,23.3548,85.3096,2024-10-19,09:25:00,Saturday,Clear,Main Road,Medium,Car,Fatal,4
6423,16,Station Road,23.3548,85.3096,2023-03-18,20:26:00,Saturday,Rainy,Highway,Low,Two-Wheeler,Fatal,1
6460,16,Station Road,23.3548,85.3096,2021-05-07,20:47:00,Friday,Rainy,Highway,Medium,Two-Wheeler,Minor,0
6553,16,Station Road,23.3548,85.3096,2025-12-22,08:00:00,Monday,Clear,Main Road,High,Two-Wheeler,Minor,0
6624,16,Station Road,23.3548,85.3096,2021-02-07,18:01:00,Sunday,Clear,Chowk/Intersection,High,Car,Serious,1
6652,16,Station Road,23.3548,85.3096,2025-11-13,11:10:00,Thursday,Clear,Residential Road,Medium,Car,Minor,1
6718,16,Station Road,23.3548,85.3096,2024-05-13,20:00:00,Monday,Clear,Main Road,Medium,Car,Minor,0
6750,16,Station Road,23.3548,85.3096,2024-10-05,18:57:00,Saturday,Clear,Chowk/Intersection,Medium,Car,Minor,0
7017,16,Station Road,23.3548,85.3096,2023-10-04,19:27:00,Wednesday,Clear,Chowk/Intersection,Medium,Truck,Minor,0
7080,16,Station Road,23.3548,85.3096,2021-08-10,07:49:00,Tuesday,Rainy,Highway,Low,Two-Wheeler,Minor,0
7135,16,Station Road,23.3548,85.3096,2022-09-15,09:57:00,Thursday,Clear,Residential Road,High,Car,Minor,0
7194,16,Station Road,23.3548,85.3096,2021-02-01,16:04:00,Monday,Rainy,Main Road,Medium,Two-Wheeler,Serious,1
7261,16,Station Road,23.3548,85.3096,2023-05-21,09:16:00,Sunday,Rainy,Residential Road,Medium,Auto-Rickshaw,Minor,1
7512,16,Station Road,23.3548,85.3096,2021-08-12,18:14:00,Thursday,Clear,Residential Road,Medium,Two-Wheeler,Fatal,2
7570,16,Station Road,23.3548,85.3096,2021-08-27,09:19:00,Friday,Clear,Main Road,Low,Two-Wheeler,Serious,1
7613,16,Station Road,23.3548,85.3096,2021-11-06,19:57:00,Saturday,Clear,Highway,High,Two-Wheeler,Serious,1
7659,16,Station Road,23.3548,85.3096,2021-04-02,07:16:00,Friday,Clear,Chowk/Intersection,High,Bus,Fatal,1
7683,16,Station Road,23.3548,85.3096,2022-03-13,11:16:00,Sunday,Clear,Residential Road,Medium,Two-Wheeler,Serious,3
7712,16,Station Road,23.3548,85.3096,2022-07-31,07:43:00,Sunday,Clear,Chowk/Intersection,Medium,Two-Wheeler,Minor,0
7731,16,Station Road,23.3548,85.3096,2025-05-19,17:33:00,Monday,Stormy,Chowk/Intersection,Low,Two-Wheeler,Serious,3
7747,16,Station Road,23.3548,85.3096,2025-07-22,19:12:00,Tuesday,Clear,Highway,High,Car,Serious,1
7782,16,Station Road,23.3548,85.3096,2022-08-07,09:18:00,Sunday,Clear,Main Road,High,Two-Wheeler,Serious,2
7884,16,Station Road,23.3548,85.3096,2023-02-24,08:03:00,Friday,Clear,Main Road,High,Two-Wheeler,Minor,0
7956,16,Station Road,23.3548,85.3096,2024-03-25,18:39:00,Monday,Foggy,Main Road,High,Bus,Minor,0
7979,16,Station Road,23.3548,85.3096,2025-03-06,11:27:00,Thursday,Clear,Main Road,Low,Car,Serious,3
185,17,Main Road,23.3701,85.3298,2024-07-25,08:09:00,Thursday,Clear,Chowk/Intersection,Medium,Auto-Rickshaw,Minor,1
207,17,Main Road,23.3701,85.3298,2022-10-13,10:36:00,Thursday,Clear,Residential Road,High,Two-Wheeler,Minor,0
317,17,Main Road,23.3701,85.3298,2024-02-14,08:16:00,Wednesday,Rainy,Main Road,Low,Auto-Rickshaw,Serious,1
384,17,Main Road,23.3701,85.3298,2023-06-12,09:30:00,Monday,Rainy,Highway,High,Car,Serious,2
385,17,Main Road,23.3701,85.3298,2025-08-07,17:05:00,Thursday,Clear,Chowk/Intersection,Medium,Car,Serious,1
471,17,Main Road,23.3701,85.3298,2024-10-26,18:57:00,Saturday,Rainy,Residential Road,High,Two-Wheeler,Fatal,2
497,17,Main Road,23.3701,85.3298,2022-09-30,07:52:00,Friday,Clear,Main Road,High,Two-Wheeler,Minor,0
753,17,Main Road,23.3701,85.3298,2025-07-02,17:57:00,Wednesday,Clear,Residential Road,Low,Bus,Minor,1
836,17,Main Road,23.3701,85.3298,2021-09-03,09:16:00,Friday,Foggy,Main Road,High,Bus,Minor,0
976,17,Main Road,23.3701,85.3298,2023-08-27,18:22:00,Sunday,Clear,Residential Road,High,Auto-Rickshaw,Minor,0
994,17,Main Road,23.3701,85.3298,2022-04-02,07:19:00,Saturday,Foggy,Residential Road,High,Car,Minor,0
1058,17,Main Road,23.3701,85.3298,2021-10-05,08:13:00,Tuesday,Clear,Chowk/Intersection,Medium,Bus,Serious,3
1137,17,Main Road,23.3701,85.3298,2022-05-02,06:42:00,Monday,Rainy,Residential Road,Medium,Two-Wheeler,Serious,1
1276,17,Main Road,23.3701,85.3298,2024-12-05,17:26:00,Thursday,Rainy,Main Road,Low,Car,Minor,0
1334,17,Main Road,23.3701,85.3298,2023-04-06,05:41:00,Thursday,Foggy,Highway,Medium,Car,Serious,2
1743,17,Main Road,23.3701,85.3298,2025-08-18,06:34:00,Monday,Foggy,Highway,Medium,Two-Wheeler,Minor,0
1811,17,Main Road,23.3701,85.3298,2022-10-25,19:13:00,Tuesday,Foggy,Chowk/Intersection,Medium,Two-Wheeler,Minor,1
1881,17,Main Road,23.3701,85.3298,2024-12-12,07:25:00,Thursday,Clear,Main Road,Low,Two-Wheeler,Fatal,2
1941,17,Main Road,23.3701,85.3298,2022-02-09,08:52:00,Wednesday,Rainy,Main Road,High,Two-Wheeler,Serious,2
1987,17,Main Road,23.3701,85.3298,2022-10-28,09:38:00,Friday,Clear,Chowk/Intersection,Low,Auto-Rickshaw,Fatal,1
2109,17,Main Road,23.3701,85.3298,2024-08-22,20:00:00,Thursday,Rainy,Chowk/Intersection,Low,Two-Wheeler,Minor,0
2141,17,Main Road,23.3701,85.3298,2021-07-18,08:31:00,Sunday,Clear,Main Road,Low,Car,Minor,0
2230,17,Main Road,23.3701,85.3298,2021-03-12,18:39:00,Friday,Rainy,Residential Road,Low,Two-Wheeler,Minor,0
2299,17,Main Road,23.3701,85.3298,2022-04-29,18:49:00,Friday,Rainy,Chowk/Intersection,High,Two-Wheeler,Serious,2
2309,17,Main Road,23.3701,85.3298,2022-08-24,10:48:00,Wednesday,Rainy,Residential Road,Medium,Bus,Fatal,1
2372,17,Main Road,23.3701,85.3298,2022-09-07,11:30:00,Wednesday,Clear,Highway,Low,Auto-Rickshaw,Minor,1
2594,17,Main Road,23.3701,85.3298,2024-06-28,07:29:00,Friday,Clear,Chowk/Intersection,Medium,Car,Serious,1
2750,17,Main Road,23.3701,85.3298,2022-08-06,08:35:00,Saturday,Foggy,Chowk/Intersection,High,Car,Minor,0
2797,17,Main Road,23.3701,85.3298,2025-10-18,17:47:00,Saturday,Clear,Chowk/Intersection,Low,Two-Wheeler,Fatal,3
2819,17,Main Road,23.3701,85.3298,2025-06-14,19:58:00,Saturday,Stormy,Chowk/Intersection,High,Two-Wheeler,Minor,0
2862,17,Main Road,23.3701,85.3298,2025-08-07,20:46:00,Thursday,Rainy,Chowk/Intersection,Medium,Two-Wheeler,Minor,0
3126,17,Main Road,23.3701,85.3298,2024-06-14,10:20:00,Friday,Clear,Highway,High,Car,Serious,1
3204,17,Main Road,23.3701,85.3298,2023-11-07,19:36:00,Tuesday,Clear,Residential Road,High,Car,Minor,0
3303,17,Main Road,23.3701,85.3298,2024-01-23,09:25:00,Tuesday,Rainy,Main Road,Low,Auto-Rickshaw,Minor,0
3324,17,Main Road,23.3701,85.3298,2024-08-21,10:18:00,Wednesday,Clear,Chowk/Intersection,Medium,Auto-Rickshaw,Minor,0
3357,17,Main Road,23.3701,85.3298,2021-03-03,19:14:00,Wednesday,Clear,Chowk/Intersection,High,Two-Wheeler,Minor,0
3442,17,Main Road,23.3701,85.3298,2023-10-03,09:56:00,Tuesday,Rainy,Highway,Medium,Car,Minor,1
3469,17,Main Road,23.3701,85.3298,2021-02-09,08:52:00,Tuesday,Clear,Main Road,Medium,Bus,Fatal,1
3505,17,Main Road,23.3701,85.3298,2025-06-28,16:48:00,Saturday,Clear,Highway,High,Car,Serious,1
3516,17,Main Road,23.3701,85.3298,2023-03-30,19:23:00,Thursday,Clear,Chowk/Intersection,Medium,Car,Minor,0
3872,17,Main Road,23.3701,85.3298,2023-12-12,10:30:00,Tuesday,Clear,Chowk/Intersection,Medium,Auto-Rickshaw,Minor,1
4028,17,Main Road,23.3701,85.3298,2021-02-27,17:31:00,Saturday,Foggy,Chowk/Intersection,High,Car,Minor,0
4124,17,Main Road,23.3701,85.3298,2023-09-26,17:29:00,Tuesday,Rainy,Main Road,Low,Two-Wheeler,Minor,1
4366,17,Main Road,23.3701,85.3298,2022-08-15,17:45:00,Monday,Foggy,Main Road,High,Bus,Minor,0
4571,17,Main Road,23.3701,85.3298,2021-01-05,16:06:00,Tuesday,Foggy,Main Road,High,Two-Wheeler,Minor,1
4810,17,Main Road,23.3701,85.3298,2025-08-01,16:46:00,Friday,Clear,Chowk/Intersection,Medium,Truck,Minor,0
4853,17,Main Road,23.3701,85.3298,2022-12-19,07:40:00,Monday,Clear,Main Road,Medium,Bus,Minor,0
4943,17,Main Road,23.3701,85.3298,2023-11-06,18:54:00,Monday,Clear,Chowk/Intersection,High,Car,Minor,0
5192,17,Main Road,23.3701,85.3298,2024-08-02,16:31:00,Friday,Clear,Residential Road,High,Two-Wheeler,Fatal,2
5248,17,Main Road,23.3701,85.3298,2023-04-16,17:46:00,Sunday,Clear,Main Road,Low,Two-Wheeler,Minor,1
5300,17,Main Road,23.3701,85.3298,2022-02-24,10:00:00,Thursday,Clear,Main Road,Medium,Two-Wheeler,Fatal,1
5615,17,Main Road,23.3701,85.3298,2024-08-25,09:58:00,Sunday,Clear,Main Road,Medium,Two-Wheeler,Serious,2
5745,17,Main Road,23.3701,85.3298,2024-12-30,09:12:00,Monday,Clear,Chowk/Intersection,Medium,Two-Wheeler,Minor,0
5832,17,Main Road,23.3701,85.3298,2023-02-21,19:55:00,Tuesday,Foggy,Main Road,Medium,Bus,Minor,0
5875,17,Main Road,23.3701,85.3298,2023-05-25,21:32:00,Thursday,Clear,Residential Road,High,Auto-Rickshaw,Fatal,4
5900,17,Main Road,23.3701,85.3298,2022-02-19,18:43:00,Saturday,Clear,Chowk/Intersection,High,Auto-Rickshaw,Minor,1
5951,17,Main Road,23.3701,85.3298,2021-12-14,08:37:00,Tuesday,Clear,Highway,Low,Two-Wheeler,Minor,0
6169,17,Main Road,23.3701,85.3298,2021-03-09,11:49:00,Tuesday,Rainy,Main Road,High,Car,Minor,1
6282,17,Main Road,23.3701,85.3298,2021-12-03,09:08:00,Friday,Rainy,Residential Road,Medium,Car,Minor,1
6300,17,Main Road,23.3701,85.3298,2025-03-31,09:18:00,Monday,Clear,Main Road,High,Bus,Minor,0
6331,17,Main Road,23.3701,85.3298,2023-04-14,07:54:00,Friday,Clear,Main Road,High,Two-Wheeler,Serious,2
6336,17,Main Road,23.3701,85.3298,2024-12-12,17:31:00,Thursday,Rainy,Main Road,Medium,Two-Wheeler,Serious,3
6361,17,Main Road,23.3701,85.3298,2025-01-22,07:50:00,Wednesday,Rainy,Main Road,High,Car,Serious,2
6435,17,Main Road,23.3701,85.3298,2025-09-10,09:33:00,Wednesday,Clear,Chowk/Intersection,Low,Auto-Rickshaw,Minor,0
6495,17,Main Road,23.3701,85.3298,2021-04-21,20:42:00,Wednesday,Rainy,Main Road,Medium,Bus,Minor,1
6521,17,Main Road,23.3701,85.3298,2024-01-11,11:40:00,Thursday,Clear,Highway,High,Car,Serious,1
6908,17,Main Road,23.3701,85.3298,2021-12-24,19:21:00,Friday,Clear,Highway,High,Two-Wheeler,Minor,0
6933,17,Main Road,23.3701,85.3298,2023-03-08,15:15:00,Wednesday,Rainy,Chowk/Intersection,High,Auto-Rickshaw,Serious,2
6952,17,Main Road,23.3701,85.3298,2023-06-17,09:14:00,Saturday,Clear,Highway,High,Truck,Serious,1
7040,17,Main Road,23.3701,85.3298,2023-01-24,10:25:00,Tuesday,Rainy,Chowk/Intersection,Medium,Two-Wheeler,Minor,0
7078,17,Main Road,23.3701,85.3298,2024-04-08,21:08:00,Monday,Clear,Residential Road,Medium,Auto-Rickshaw,Minor,0
7113,17,Main Road,23.3701,85.3298,2021-10-06,17:53:00,Wednesday,Stormy,Main Road,Medium,Car,Serious,2
7129,17,Main Road,23.3701,85.3298,2024-04-05,09:42:00,Friday,Clear,Residential Road,Low,Truck,Serious,1
7151,17,Main Road,23.3701,85.3298,2021-05-04,09:07:00,Tuesday,Clear,Chowk/Intersection,Medium,Two-Wheeler,Minor,0
7153,17,Main Road,23.3701,85.3298,2022-03-17,21:18:00,Thursday,Clear,Main Road,Medium,Car,Minor,0
7163,17,Main Road,23.3701,85.3298,2025-05-23,18:01:00,Friday,Foggy,Chowk/Intersection,High,Auto-Rickshaw,Minor,1
7505,17,Main Road,23.3701,85.3298,2023-08-29,18:08:00,Tuesday,Clear,Chowk/Intersection,Medium,Two-Wheeler,Minor,0
7528,17,Main Road,23.3701,85.3298,2023-11-10,16:41:00,Friday,Foggy,Highway,Low,Two-Wheeler,Serious,1
7562,17,Main Road,23.3701,85.3298,2024-10-02,11:45:00,Wednesday,Rainy,Highway,High,Two-Wheeler,Serious,3
7563,17,Main Road,23.3701,85.3298,2025-01-14,15:43:00,Tuesday,Stormy,Main Road,Low,Auto-Rickshaw,Minor,0
7597,17,Main Road,23.3701,85.3298,2021-10-15,17:13:00,Friday,Foggy,Residential Road,High,Two-Wheeler,Serious,3
7637,17,Main Road,23.3701,85.3298,2021-04-12,19:30:00,Monday,Clear,Chowk/Intersection,Medium,Two-Wheeler,Minor,0
7780,17,Main Road,23.3701,85.3298,2023-03-04,08:24:00,Saturday,Foggy,Chowk/Intersection,Low,Two-Wheeler,Minor,0
7921,17,Main Road,23.3701,85.3298,2024-10-05,18:51:00,Saturday,Clear,Main Road,Low,Truck,Serious,1
7969,17,Main Road,23.3701,85.3298,2023-08-06,18:23:00,Sunday,Clear,Chowk/Intersection,High,Car,Serious,1
9,18,Doranda,23.3359705,85.3250001,2024-12-03,19:15:00,Tuesday,Clear,Main Road,High,Car,Serious,1
94,18,Doranda,23.3359705,85.3250001,2024-09-26,16:12:00,Thursday,Rainy,Main Road,Low,Auto-Rickshaw,Fatal,1
108,18,Doranda,23.3359705,85.3250001,2024-07-13,18:58:00,Saturday,Clear,Main Road,Medium,Truck,Serious,1
145,18,Doranda,23.3359705,85.3250001,2023-01-11,07:54:00,Wednesday,Clear,Chowk/Intersection,High,Bus,Fatal,2
153,18,Doranda,23.3359705,85.3250001,2021-05-03,20:02:00,Monday,Clear,Main Road,Low,Two-Wheeler,Minor,0
178,18,Doranda,23.3359705,85.3250001,2021-11-13,16:18:00,Saturday,Clear,Main Road,High,Two-Wheeler,Minor,0
179,18,Doranda,23.3359705,85.3250001,2025-11-26,08:05:00,Wednesday,Clear,Chowk/Intersection,Medium,Auto-Rickshaw,Minor,0
191,18,Doranda,23.3359705,85.3250001,2021-11-05,15:59:00,Friday,Foggy,Chowk/Intersection,Low,Truck,Serious,1
214,18,Doranda,23.3359705,85.3250001,2022-03-31,08:34:00,Thursday,Rainy,Highway,High,Two-Wheeler,Fatal,2
241,18,Doranda,23.3359705,85.3250001,2023-10-09,18:25:00,Monday,Stormy,Chowk/Intersection,Medium,Car,Minor,1
289,18,Doranda,23.3359705,85.3250001,2022-10-04,19:43:00,Tuesday,Clear,Highway,Medium,Two-Wheeler,Serious,2
297,18,Doranda,23.3359705,85.3250001,2024-07-10,08:59:00,Wednesday,Clear,Chowk/Intersection,High,Two-Wheeler,Minor,0
360,18,Doranda,23.3359705,85.3250001,2023-10-11,11:40:00,Wednesday,Foggy,Chowk/Intersection,High,Two-Wheeler,Fatal,1
388,18,Doranda,23.3359705,85.3250001,2023-05-24,08:24:00,Wednesday,Clear,Chowk/Intersection,Low,Auto-Rickshaw,Minor,1
397,18,Doranda,23.3359705,85.3250001,2025-06-13,09:04:00,Friday,Clear,Chowk/Intersection,Medium,Car,Serious,1
421,18,Doranda,23.3359705,85.3250001,2023-05-01,08:47:00,Monday,Clear,Highway,Low,Auto-Rickshaw,Fatal,1
432,18,Doranda,23.3359705,85.3250001,2022-10-04,16:15:00,Tuesday,Rainy,Chowk/Intersection,Medium,Bus,Serious,1
473,18,Doranda,23.3359705,85.3250001,2022-07-13,20:11:00,Wednesday,Clear,Residential Road,Medium,Two-Wheeler,Fatal,2
475,18,Doranda,23.3359705,85.3250001,2021-12-16,07:53:00,Thursday,Clear,Main Road,Medium,Truck,Serious,3
487,18,Doranda,23.3359705,85.3250001,2025-06-03,16:05:00,Tuesday,Rainy,Chowk/Intersection,High,Car,Minor,0
493,18,Doranda,23.3359705,85.3250001,2025-11-23,09:25:00,Sunday,Clear,Main Road,High,Truck,Serious,2
561,18,Doranda,23.3359705,85.3250001,2024-11-13,19:11:00,Wednesday,Clear,Chowk/Intersection,Medium,Two-Wheeler,Fatal,1
572,18,Doranda,23.3359705,85.3250001,2022-01-10,08:06:00,Monday,Clear,Highway,Medium,Two-Wheeler,Serious,2
579,18,Doranda,23.3359705,85.3250001,2021-02-09,21:12:00,Tuesday,Rainy,Chowk/Intersection,Medium,Two-Wheeler,Minor,0
616,18,Doranda,23.3359705,85.3250001,2023-02-04,20:16:00,Saturday,Clear,Main Road,Low,Two-Wheeler,Minor,0
699,18,Doranda,23.3359705,85.3250001,2021-03-21,16:56:00,Sunday,Foggy,Residential Road,High,Two-Wheeler,Minor,0
718,18,Doranda,23.3359705,85.3250001,2025-12-05,18:58:00,Friday,Rainy,Chowk/Intersection,Medium,Two-Wheeler,Minor,0
758,18,Doranda,23.3359705,85.3250001,2024-10-07,19:56:00,Monday,Clear,Chowk/Intersection,Medium,Two-Wheeler,Minor,1
767,18,Doranda,23.3359705,85.3250001,2025-05-25,10:45:00,Sunday,Foggy,Chowk/Intersection,High,Car,Minor,0
797,18,Doranda,23.3359705,85.3250001,2023-05-05,06:20:00,Friday,Foggy,Highway,High,Car,Minor,0
858,18,Doranda,23.3359705,85.3250001,2022-05-11,18:19:00,Wednesday,Clear,Highway,Low,Auto-Rickshaw,Fatal,4
892,18,Doranda,23.3359705,85.3250001,2022-12-01,08:34:00,Thursday,Foggy,Main Road,High,Car,Minor,1
988,18,Doranda,23.3359705,85.3250001,2024-06-13,08:00:00,Thursday,Rainy,Chowk/Intersection,High,Two-Wheeler,Serious,1
991,18,Doranda,23.3359705,85.3250001,2021-03-22,10:46:00,Monday,Clear,Main Road,High,Car,Minor,1
1085,18,Doranda,23.3359705,85.3250001,2022-01-25,12:51:00,Tuesday,Rainy,Chowk/Intersection,Medium,Two-Wheeler,Minor,0
1087,18,Doranda,23.3359705,85.3250001,2021-08-24,18:32:00,Tuesday,Rainy,Main Road,Medium,Two-Wheeler,Minor,0
1143,18,Doranda,23.3359705,85.3250001,2024-08-07,18:38:00,Wednesday,Rainy,Highway,High,Bus,Serious,1
1161,18,Doranda,23.3359705,85.3250001,2025-12-18,09:03:00,Thursday,Stormy,Chowk/Intersection,Medium,Two-Wheeler,Fatal,2
1192,18,Doranda,23.3359705,85.3250001,2021-12-23,07:36:00,Thursday,Clear,Chowk/Intersection,High,Auto-Rickshaw,Minor,0
1270,18,Doranda,23.3359705,85.3250001,2021-08-13,07:22:00,Friday,Clear,Highway,Low,Auto-Rickshaw,Minor,1
1308,18,Doranda,23.3359705,85.3250001,2025-07-04,17:12:00,Friday,Clear,Main Road,High,Truck,Minor,0
1333,18,Doranda,23.3359705,85.3250001,2024-09-27,10:53:00,Friday,Clear,Chowk/Intersection,Medium,Two-Wheeler,Minor,0
1369,18,Doranda,23.3359705,85.3250001,2022-01-02,09:58:00,Sunday,Clear,Main Road,High,Auto-Rickshaw,Serious,1
1403,18,Doranda,23.3359705,85.3250001,2023-09-01,18:13:00,Friday,Rainy,Main Road,Low,Car,Minor,0
1413,18,Doranda,23.3359705,85.3250001,2021-12-20,20:32:00,Monday,Rainy,Residential Road,Medium,Two-Wheeler,Serious,2
1416,18,Doranda,23.3359705,85.3250001,2025-09-19,20:42:00,Friday,Foggy,Residential Road,High,Auto-Rickshaw,Serious,1
1487,18,Doranda,23.3359705,85.3250001,2025-03-17,09:23:00,Monday,Clear,Highway,Low,Two-Wheeler,Fatal,2
1581,18,Doranda,23.3359705,85.3250001,2021-03-21,08:31:00,Sunday,Clear,Chowk/Intersection,Medium,Auto-Rickshaw,Serious,1
1615,18,Doranda,23.3359705,85.3250001,2025-10-23,09:01:00,Thursday,Clear,Main Road,High,Car,Minor,0
1671,18,Doranda,23.3359705,85.3250001,2023-10-09,11:11:00,Monday,Clear,Chowk/Intersection,Medium,Two-Wheeler,Minor,0
1804,18,Doranda,23.3359705,85.3250001,2025-03-19,17:27:00,Wednesday,Clear,Chowk/Intersection,Medium,Car,Minor,0
1895,18,Doranda,23.3359705,85.3250001,2025-04-30,20:58:00,Wednesday,Clear,Residential Road,Medium,Two-Wheeler,Serious,2
1946,18,Doranda,23.3359705,85.3250001,2024-02-01,18:44:00,Thursday,Rainy,Chowk/Intersection,Low,Car,Minor,0
1976,18,Doranda,23.3359705,85.3250001,2025-12-14,18:07:00,Sunday,Rainy,Chowk/Intersection,Medium,Car,Serious,3
2010,18,Doranda,23.3359705,85.3250001,2023-02-02,08:25:00,Thursday,Clear,Chowk/Intersection,High,Car,Minor,1
2017,18,Doranda,23.3359705,85.3250001,2024-04-25,08:08:00,Thursday,Clear,Chowk/Intersection,Low,Car,Serious,2
2075,18,Doranda,23.3359705,85.3250001,2024-10-05,17:36:00,Saturday,Rainy,Chowk/Intersection,High,Two-Wheeler,Serious,1
2082,18,Doranda,23.3359705,85.3250001,2021-01-13,18:52:00,Wednesday,Clear,Highway,Low,Car,Serious,1
2157,18,Doranda,23.3359705,85.3250001,2025-07-06,20:43:00,Sunday,Clear,Chowk/Intersection,High,Auto-Rickshaw,Minor,0
2195,18,Doranda,23.3359705,85.3250001,2025-07-15,08:27:00,Tuesday,Clear,Chowk/Intersection,Medium,Two-Wheeler,Minor,1
2208,18,Doranda,23.3359705,85.3250001,2025-07-05,17:29:00,Saturday,Foggy,Main Road,High,Two-Wheeler,Minor,1
2250,18,Doranda,23.3359705,85.3250001,2025-07-16,10:33:00,Wednesday,Clear,Residential Road,Low,Two-Wheeler,Minor,0
2251,18,Doranda,23.3359705,85.3250001,2023-02-23,09:20:00,Thursday,Clear,Chowk/Intersection,Medium,Two-Wheeler,Minor,0
2294,18,Doranda,23.3359705,85.3250001,2025-11-24,09:29:00,Monday,Clear,Main Road,High,Car,Serious,1
2330,18,Doranda,23.3359705,85.3250001,2024-12-02,18:17:00,Monday,Clear,Main Road,Low,Truck,Serious,1
2345,18,Doranda,23.3359705,85.3250001,2023-11-25,09:52:00,Saturday,Clear,Chowk/Intersection,High,Two-Wheeler,Minor,0
2355,18,Doranda,23.3359705,85.3250001,2022-11-18,18:44:00,Friday,Foggy,Residential Road,Low,Two-Wheeler,Minor,1
2375,18,Doranda,23.3359705,85.3250001,2024-12-04,20:08:00,Wednesday,Foggy,Highway,Medium,Bus,Fatal,1
2412,18,Doranda,23.3359705,85.3250001,2023-09-20,18:04:00,Wednesday,Clear,Highway,High,Car,Minor,1
2434,18,Doranda,23.3359705,85.3250001,2022-07-03,09:51:00,Sunday,Clear,Chowk/Intersection,High,Auto-Rickshaw,Serious,2
2506,18,Doranda,23.3359705,85.3250001,2025-10-24,17:23:00,Friday,Clear,Chowk/Intersection,High,Two-Wheeler,Minor,0
2527,18,Doranda,23.3359705,85.3250001,2023-04-06,20:20:00,Thursday,Clear,Main Road,Medium,Auto-Rickshaw,Minor,0
2573,18,Doranda,23.3359705,85.3250001,2021-07-03,17:03:00,Saturday,Clear,Highway,Medium,Car,Serious,1
2647,18,Doranda,23.3359705,85.3250001,2025-05-20,10:49:00,Tuesday,Clear,Main Road,High,Two-Wheeler,Minor,0
2668,18,Doranda,23.3359705,85.3250001,2021-04-02,09:15:00,Friday,Rainy,Highway,Medium,Two-Wheeler,Fatal,3
2717,18,Doranda,23.3359705,85.3250001,2022-12-02,08:51:00,Friday,Rainy,Chowk/Intersection,High,Two-Wheeler,Minor,1
2719,18,Doranda,23.3359705,85.3250001,2025-09-01,08:26:00,Monday,Foggy,Residential Road,Low,Auto-Rickshaw,Serious,2
2780,18,Doranda,23.3359705,85.3250001,2023-04-06,17:38:00,Thursday,Rainy,Main Road,Low,Two-Wheeler,Fatal,1
3039,18,Doranda,23.3359705,85.3250001,2023-11-28,21:41:00,Tuesday,Clear,Chowk/Intersection,High,Two-Wheeler,Minor,0
3074,18,Doranda,23.3359705,85.3250001,2024-12-31,19:07:00,Tuesday,Clear,Chowk/Intersection,High,Two-Wheeler,Minor,1
3095,18,Doranda,23.3359705,85.3250001,2025-01-21,07:23:00,Tuesday,Clear,Chowk/Intersection,High,Bus,Minor,0
3097,18,Doranda,23.3359705,85.3250001,2023-04-04,11:19:00,Tuesday,Rainy,Chowk/Intersection,Medium,Bus,Minor,0
3114,18,Doranda,23.3359705,85.3250001,2024-09-12,08:36:00,Thursday,Rainy,Highway,Low,Car,Minor,1
3115,18,Doranda,23.3359705,85.3250001,2024-07-12,10:55:00,Friday,Foggy,Main Road,Medium,Two-Wheeler,Minor,0
3155,18,Doranda,23.3359705,85.3250001,2024-07-07,09:22:00,Sunday,Clear,Chowk/Intersection,Low,Auto-Rickshaw,Minor,1
3218,18,Doranda,23.3359705,85.3250001,2023-05-24,17:53:00,Wednesday,Rainy,Main Road,Medium,Two-Wheeler,Fatal,1
3255,18,Doranda,23.3359705,85.3250001,2021-10-05,08:49:00,Tuesday,Clear,Residential Road,Low,Auto-Rickshaw,Minor,0
3376,18,Doranda,23.3359705,85.3250001,2025-08-15,08:40:00,Friday,Rainy,Main Road,High,Truck,Minor,0
3436,18,Doranda,23.3359705,85.3250001,2023-02-16,19:13:00,Thursday,Clear,Chowk/Intersection,Medium,Two-Wheeler,Minor,0
3455,18,Doranda,23.3359705,85.3250001,2021-05-21,08:34:00,Friday,Clear,Main Road,Medium,Two-Wheeler,Serious,2
3559,18,Doranda,23.3359705,85.3250001,2025-05-30,17:45:00,Friday,Clear,Chowk/Intersection,Medium,Car,Minor,1
3593,18,Doranda,23.3359705,85.3250001,2021-06-17,19:42:00,Thursday,Foggy,Highway,High,Auto-Rickshaw,Fatal,2
3618,18,Doranda,23.3359705,85.3250001,2023-01-16,18:31:00,Monday,Clear,Residential Road,High,Two-Wheeler,Serious,3
3677,18,Doranda,23.3359705,85.3250001,2024-05-04,08:22:00,Saturday,Rainy,Chowk/Intersection,Medium,Truck,Minor,0
3700,18,Doranda,23.3359705,85.3250001,2025-08-05,20:16:00,Tuesday,Rainy,Residential Road,Medium,Auto-Rickshaw,Serious,3
3745,18,Doranda,23.3359705,85.3250001,2021-02-15,08:12:00,Monday,Foggy,Chowk/Intersection,Low,Two-Wheeler,Minor,1
3766,18,Doranda,23.3359705,85.3250001,2024-01-27,19:36:00,Saturday,Clear,Highway,High,Bus,Fatal,1
3782,18,Doranda,23.3359705,85.3250001,2022-12-19,19:01:00,Monday,Clear,Residential Road,Medium,Auto-Rickshaw,Minor,0
3810,18,Doranda,23.3359705,85.3250001,2025-12-13,12:16:00,Saturday,Clear,Chowk/Intersection,Low,Truck,Serious,1
3844,18,Doranda,23.3359705,85.3250001,2022-08-01,07:49:00,Monday,Clear,Residential Road,High,Two-Wheeler,Minor,0
3849,18,Doranda,23.3359705,85.3250001,2024-05-24,08:02:00,Friday,Clear,Main Road,High,Two-Wheeler,Minor,0
3993,18,Doranda,23.3359705,85.3250001,2025-01-12,09:14:00,Sunday,Clear,Highway,High,Auto-Rickshaw,Minor,0
4043,18,Doranda,23.3359705,85.3250001,2022-07-02,16:29:00,Saturday,Clear,Main Road,High,Two-Wheeler,Minor,1
4048,18,Doranda,23.3359705,85.3250001,2022-04-14,07:09:00,Thursday,Clear,Residential Road,Low,Two-Wheeler,Minor,0
4076,18,Doranda,23.3359705,85.3250001,2025-05-20,08:21:00,Tuesday,Clear,Highway,High,Car,Serious,1
4090,18,Doranda,23.3359705,85.3250001,2022-06-14,16:59:00,Tuesday,Clear,Main Road,Medium,Two-Wheeler,Minor,0
4233,18,Doranda,23.3359705,85.3250001,2025-03-25,09:45:00,Tuesday,Clear,Main Road,Low,Bus,Minor,1
4298,18,Doranda,23.3359705,85.3250001,2025-12-25,09:47:00,Thursday,Clear,Highway,Low,Two-Wheeler,Minor,0
4361,18,Doranda,23.3359705,85.3250001,2021-10-21,17:21:00,Thursday,Rainy,Residential Road,High,Car,Serious,2
4374,18,Doranda,23.3359705,85.3250001,2021-11-01,09:38:00,Monday,Clear,Main Road,Low,Two-Wheeler,Fatal,2
4383,18,Doranda,23.3359705,85.3250001,2022-12-10,14:24:00,Saturday,Rainy,Chowk/Intersection,Low,Two-Wheeler,Fatal,1
4475,18,Doranda,23.3359705,85.3250001,2021-09-09,17:09:00,Thursday,Clear,Chowk/Intersection,Medium,Auto-Rickshaw,Minor,1
4482,18,Doranda,23.3359705,85.3250001,2022-09-24,20:37:00,Saturday,Clear,Highway,Medium,Two-Wheeler,Serious,1
4543,18,Doranda,23.3359705,85.3250001,2022-09-27,09:50:00,Tuesday,Foggy,Main Road,Medium,Truck,Serious,2
4562,18,Doranda,23.3359705,85.3250001,2022-10-02,17:02:00,Sunday,Stormy,Main Road,Medium,Car,Fatal,1
4582,18,Doranda,23.3359705,85.3250001,2021-08-09,09:50:00,Monday,Clear,Highway,High,Two-Wheeler,Fatal,1
4637,18,Doranda,23.3359705,85.3250001,2023-10-16,08:01:00,Monday,Clear,Main Road,Medium,Bus,Serious,3
4684,18,Doranda,23.3359705,85.3250001,2025-03-31,09:59:00,Monday,Foggy,Residential Road,Medium,Two-Wheeler,Minor,1
4809,18,Doranda,23.3359705,85.3250001,2022-12-23,08:09:00,Friday,Clear,Chowk/Intersection,Low,Two-Wheeler,Minor,0
4841,18,Doranda,23.3359705,85.3250001,2021-08-21,07:28:00,Saturday,Clear,Residential Road,Low,Car,Minor,1
4881,18,Doranda,23.3359705,85.3250001,2025-06-17,09:31:00,Tuesday,Foggy,Main Road,Medium,Two-Wheeler,Fatal,2
4894,18,Doranda,23.3359705,85.3250001,2025-09-28,20:18:00,Sunday,Clear,Main Road,High,Two-Wheeler,Serious,2
4925,18,Doranda,23.3359705,85.3250001,2025-10-04,15:35:00,Saturday,Clear,Main Road,High,Car,Minor,0
4961,18,Doranda,23.3359705,85.3250001,2022-04-25,07:44:00,Monday,Foggy,Chowk/Intersection,Medium,Car,Minor,1
4977,18,Doranda,23.3359705,85.3250001,2021-12-29,18:23:00,Wednesday,Rainy,Chowk/Intersection,Medium,Two-Wheeler,Minor,0
5017,18,Doranda,23.3359705,85.3250001,2025-05-19,09:33:00,Monday,Clear,Chowk/Intersection,Low,Truck,Fatal,1
5047,18,Doranda,23.3359705,85.3250001,2021-06-11,18:23:00,Friday,Clear,Chowk/Intersection,Low,Bus,Serious,2
5073,18,Doranda,23.3359705,85.3250001,2024-12-04,11:02:00,Wednesday,Rainy,Chowk/Intersection,Low,Car,Minor,0
5143,18,Doranda,23.3359705,85.3250001,2024-08-24,07:27:00,Saturday,Clear,Main Road,Low,Two-Wheeler,Fatal,1
5193,18,Doranda,23.3359705,85.3250001,2025-01-22,07:22:00,Wednesday,Clear,Residential Road,High,Car,Minor,1
5202,18,Doranda,23.3359705,85.3250001,2021-06-02,09:38:00,Wednesday,Clear,Main Road,Medium,Two-Wheeler,Minor,1
5242,18,Doranda,23.3359705,85.3250001,2024-07-20,09:12:00,Saturday,Clear,Main Road,Medium,Truck,Serious,3
5280,18,Doranda,23.3359705,85.3250001,2021-07-21,18:14:00,Wednesday,Foggy,Main Road,Medium,Car,Serious,2
5284,18,Doranda,23.3359705,85.3250001,2022-09-24,17:27:00,Saturday,Clear,Residential Road,High,Two-Wheeler,Minor,0
5288,18,Doranda,23.3359705,85.3250001,2024-12-28,19:44:00,Saturday,Clear,Chowk/Intersection,Medium,Two-Wheeler,Minor,0
5332,18,Doranda,23.3359705,85.3250001,2023-08-01,07:38:00,Tuesday,Foggy,Highway,Low,Two-Wheeler,Fatal,1
5406,18,Doranda,23.3359705,85.3250001,2022-08-24,17:48:00,Wednesday,Foggy,Chowk/Intersection,Medium,Auto-Rickshaw,Serious,1
5455,18,Doranda,23.3359705,85.3250001,2023-04-15,08:26:00,Saturday,Clear,Residential Road,High,Car,Minor,0
5496,18,Doranda,23.3359705,85.3250001,2024-08-11,08:08:00,Sunday,Clear,Highway,High,Two-Wheeler,Serious,2
5576,18,Doranda,23.3359705,85.3250001,2024-01-19,12:43:00,Friday,Rainy,Residential Road,Low,Car,Minor,0
5591,18,Doranda,23.3359705,85.3250001,2022-08-02,16:54:00,Tuesday,Clear,Main Road,High,Car,Minor,1
5594,18,Doranda,23.3359705,85.3250001,2025-04-25,09:21:00,Friday,Clear,Chowk/Intersection,High,Auto-Rickshaw,Minor,1
5608,18,Doranda,23.3359705,85.3250001,2024-03-11,08:40:00,Monday,Stormy,Main Road,Medium,Two-Wheeler,Minor,0
5647,18,Doranda,23.3359705,85.3250001,2022-11-24,09:53:00,Thursday,Rainy,Main Road,Low,Car,Serious,1
5755,18,Doranda,23.3359705,85.3250001,2025-01-02,18:21:00,Thursday,Clear,Chowk/Intersection,Medium,Two-Wheeler,Minor,1
5938,18,Doranda,23.3359705,85.3250001,2024-11-23,16:47:00,Saturday,Clear,Highway,High,Two-Wheeler,Minor,0
5953,18,Doranda,23.3359705,85.3250001,2025-03-30,21:38:00,Sunday,Foggy,Residential Road,Low,Bus,Minor,0
5975,18,Doranda,23.3359705,85.3250001,2024-08-04,19:23:00,Sunday,Clear,Chowk/Intersection,Low,Car,Serious,1
6001,18,Doranda,23.3359705,85.3250001,2023-09-24,08:38:00,Sunday,Clear,Main Road,Low,Car,Serious,1
6143,18,Doranda,23.3359705,85.3250001,2023-10-18,17:30:00,Wednesday,Clear,Chowk/Intersection,High,Two-Wheeler,Serious,2
6201,18,Doranda,23.3359705,85.3250001,2024-06-13,07:36:00,Thursday,Rainy,Residential Road,High,Two-Wheeler,Minor,1
6273,18,Doranda,23.3359705,85.3250001,2025-07-03,17:51:00,Thursday,Clear,Chowk/Intersection,High,Truck,Minor,0
6297,18,Doranda,23.3359705,85.3250001,2023-12-16,09:13:00,Saturday,Clear,Main Road,High,Auto-Rickshaw,Serious,2
6317,18,Doranda,23.3359705,85.3250001,2022-09-19,07:32:00,Monday,Clear,Chowk/Intersection,Low,Car,Minor,0
6326,18,Doranda,23.3359705,85.3250001,2025-09-24,11:05:00,Wednesday,Clear,Chowk/Intersection,Low,Bus,Fatal,1
6343,18,Doranda,23.3359705,85.3250001,2024-05-22,09:03:00,Wednesday,Clear,Main Road,Low,Auto-Rickshaw,Fatal,1
6385,18,Doranda,23.3359705,85.3250001,2025-11-12,18:52:00,Wednesday,Foggy,Chowk/Intersection,High,Car,Minor,0
6396,18,Doranda,23.3359705,85.3250001,2023-07-09,20:27:00,Sunday,Clear,Chowk/Intersection,Medium,Truck,Serious,3
6441,18,Doranda,23.3359705,85.3250001,2023-01-05,09:23:00,Thursday,Rainy,Main Road,High,Two-Wheeler,Minor,0
6480,18,Doranda,23.3359705,85.3250001,2023-04-23,09:38:00,Sunday,Clear,Highway,High,Car,Serious,1
6496,18,Doranda,23.3359705,85.3250001,2024-11-13,19:34:00,Wednesday,Clear,Main Road,Medium,Car,Serious,1
6503,18,Doranda,23.3359705,85.3250001,2024-11-01,20:12:00,Friday,Foggy,Main Road,High,Auto-Rickshaw,Fatal,2
6520,18,Doranda,23.3359705,85.3250001,2022-05-25,19:40:00,Wednesday,Clear,Highway,High,Truck,Serious,1
6593,18,Doranda,23.3359705,85.3250001,2021-03-21,17:06:00,Sunday,Clear,Chowk/Intersection,Medium,Car,Serious,3
6616,18,Doranda,23.3359705,85.3250001,2024-04-11,19:19:00,Thursday,Clear,Chowk/Intersection,Low,Two-Wheeler,Minor,0
6665,18,Doranda,23.3359705,85.3250001,2024-06-21,09:17:00,Friday,Clear,Chowk/Intersection,Low,Car,Minor,0
6677,18,Doranda,23.3359705,85.3250001,2025-10-22,10:16:00,Wednesday,Clear,Highway,Medium,Bus,Fatal,1
6681,18,Doranda,23.3359705,85.3250001,2022-09-18,16:06:00,Sunday,Rainy,Chowk/Intersection,High,Car,Serious,1
6682,18,Doranda,23.3359705,85.3250001,2022-08-30,09:03:00,Tuesday,Rainy,Main Road,High,Car,Serious,2
6693,18,Doranda,23.3359705,85.3250001,2023-10-02,07:22:00,Monday,Clear,Highway,Low,Two-Wheeler,Serious,1
6706,18,Doranda,23.3359705,85.3250001,2022-04-05,07:09:00,Tuesday,Foggy,Main Road,Low,Truck,Minor,1
6761,18,Doranda,23.3359705,85.3250001,2021-12-12,13:48:00,Sunday,Clear,Main Road,High,Car,Minor,1
6798,18,Doranda,23.3359705,85.3250001,2022-03-03,11:00:00,Thursday,Clear,Main Road,Medium,Car,Serious,1
6802,18,Doranda,23.3359705,85.3250001,2025-10-01,18:28:00,Wednesday,Rainy,Chowk/Intersection,Low,Car,Serious,2
6837,18,Doranda,23.3359705,85.3250001,2021-02-22,18:37:00,Monday,Clear,Chowk/Intersection,High,Two-Wheeler,Fatal,1
6850,18,Doranda,23.3359705,85.3250001,2022-01-20,08:52:00,Thursday,Clear,Main Road,Medium,Car,Minor,1
6866,18,Doranda,23.3359705,85.3250001,2024-06-11,06:34:00,Tuesday,Clear,Main Road,Medium,Two-Wheeler,Minor,0
6891,18,Doranda,23.3359705,85.3250001,2024-03-01,21:20:00,Friday,Clear,Chowk/Intersection,High,Car,Minor,0
6904,18,Doranda,23.3359705,85.3250001,2023-04-15,17:37:00,Saturday,Rainy,Main Road,High,Truck,Serious,1
6907,18,Doranda,23.3359705,85.3250001,2023-11-02,17:42:00,Thursday,Rainy,Main Road,High,Auto-Rickshaw,Minor,0
7020,18,Doranda,23.3359705,85.3250001,2024-11-08,19:46:00,Friday,Rainy,Chowk/Intersection,Medium,Two-Wheeler,Minor,0
7061,18,Doranda,23.3359705,85.3250001,2022-09-07,10:51:00,Wednesday,Stormy,Residential Road,High,Truck,Fatal,1
7117,18,Doranda,23.3359705,85.3250001,2023-10-02,07:22:00,Monday,Clear,Chowk/Intersection,Medium,Two-Wheeler,Fatal,1
7118,18,Doranda,23.3359705,85.3250001,2021-01-28,21:57:00,Thursday,Rainy,Residential Road,Medium,Car,Minor,0
7137,18,Doranda,23.3359705,85.3250001,2025-01-25,17:20:00,Saturday,Clear,Highway,Medium,Two-Wheeler,Fatal,1
7172,18,Doranda,23.3359705,85.3250001,2025-10-01,11:19:00,Wednesday,Stormy,Chowk/Intersection,Low,Auto-Rickshaw,Serious,3
7199,18,Doranda,23.3359705,85.3250001,2025-07-18,17:11:00,Friday,Clear,Chowk/Intersection,High,Two-Wheeler,Minor,0
7220,18,Doranda,23.3359705,85.3250001,2024-09-23,08:39:00,Monday,Rainy,Highway,Medium,Two-Wheeler,Serious,1
7291,18,Doranda,23.3359705,85.3250001,2023-06-13,20:08:00,Tuesday,Clear,Residential Road,High,Two-Wheeler,Serious,2
7301,18,Doranda,23.3359705,85.3250001,2025-09-10,21:01:00,Wednesday,Rainy,Residential Road,High,Two-Wheeler,Serious,2
7310,18,Doranda,23.3359705,85.3250001,2022-01-28,08:32:00,Friday,Clear,Residential Road,High,Truck,Minor,0
7375,18,Doranda,23.3359705,85.3250001,2021-05-24,06:04:00,Monday,Clear,Chowk/Intersection,Low,Two-Wheeler,Minor,0
7382,18,Doranda,23.3359705,85.3250001,2021-08-30,09:30:00,Monday,Clear,Residential Road,Medium,Bus,Fatal,2
7399,18,Doranda,23.3359705,85.3250001,2025-03-26,10:59:00,Wednesday,Clear,Chowk/Intersection,Medium,Bus,Minor,0
7413,18,Doranda,23.3359705,85.3250001,2022-10-18,09:30:00,Tuesday,Rainy,Main Road,High,Truck,Minor,0
7526,18,Doranda,23.3359705,85.3250001,2022-12-10,18:11:00,Saturday,Clear,Highway,Low,Two-Wheeler,Minor,0
7595,18,Doranda,23.3359705,85.3250001,2023-02-13,12:24:00,Monday,Clear,Chowk/Intersection,High,Two-Wheeler,Minor,0
7647,18,Doranda,23.3359705,85.3250001,2025-02-02,09:26:00,Sunday,Rainy,Main Road,Low,Two-Wheeler,Minor,0
7757,18,Doranda,23.3359705,85.3250001,2021-01-29,06:58:00,Friday,Rainy,Chowk/Intersection,Medium,Two-Wheeler,Minor,0
7768,18,Doranda,23.3359705,85.3250001,2021-02-13,09:36:00,Saturday,Clear,Highway,Medium,Two-Wheeler,Serious,3
7927,18,Doranda,23.3359705,85.3250001,2021-02-12,16:23:00,Friday,Clear,Chowk/Intersection,Medium,Two-Wheeler,Fatal,3
7961,18,Doranda,23.3359705,85.3250001,2021-02-08,18:58:00,Monday,Clear,Main Road,Low,Two-Wheeler,Serious,1
190,19,Kadru,23.3499133,85.3136565,2021-10-24,10:52:00,Sunday,Rainy,Residential Road,High,Two-Wheeler,Fatal,2
195,19,Kadru,23.3499133,85.3136565,2024-03-27,18:23:00,Wednesday,Clear,Highway,High,Car,Serious,1
401,19,Kadru,23.3499133,85.3136565,2022-06-28,08:31:00,Tuesday,Rainy,Highway,Medium,Two-Wheeler,Minor,1
650,19,Kadru,23.3499133,85.3136565,2023-09-25,18:14:00,Monday,Clear,Main Road,High,Truck,Fatal,1
670,19,Kadru,23.3499133,85.3136565,2025-12-01,20:54:00,Monday,Rainy,Chowk/Intersection,Medium,Two-Wheeler,Minor,0
671,19,Kadru,23.3499133,85.3136565,2023-02-28,08:47:00,Tuesday,Foggy,Highway,Medium,Car,Serious,2
686,19,Kadru,23.3499133,85.3136565,2024-10-13,06:14:00,Sunday,Foggy,Main Road,High,Two-Wheeler,Fatal,2
832,19,Kadru,23.3499133,85.3136565,2022-08-08,20:42:00,Monday,Clear,Residential Road,Medium,Bus,Minor,0
862,19,Kadru,23.3499133,85.3136565,2024-06-13,19:43:00,Thursday,Clear,Main Road,Medium,Two-Wheeler,Minor,0
888,19,Kadru,23.3499133,85.3136565,2023-03-12,10:53:00,Sunday,Rainy,Residential Road,Low,Car,Fatal,1
927,19,Kadru,23.3499133,85.3136565,2023-12-03,10:55:00,Sunday,Clear,Chowk/Intersection,High,Auto-Rickshaw,Minor,0
998,19,Kadru,23.3499133,85.3136565,2022-09-20,18:42:00,Tuesday,Stormy,Chowk/Intersection,Low,Car,Minor,0
1081,19,Kadru,23.3499133,85.3136565,2024-12-02,19:33:00,Monday,Clear,Chowk/Intersection,Medium,Car,Minor,0
1157,19,Kadru,23.3499133,85.3136565,2025-08-29,17:09:00,Friday,Rainy,Highway,Medium,Two-Wheeler,Serious,1
1229,19,Kadru,23.3499133,85.3136565,2021-04-30,19:55:00,Friday,Clear,Highway,High,Two-Wheeler,Minor,0
1238,19,Kadru,23.3499133,85.3136565,2022-09-14,08:33:00,Wednesday,Clear,Main Road,Medium,Truck,Minor,0
1256,19,Kadru,23.3499133,85.3136565,2024-03-28,20:34:00,Thursday,Clear,Chowk/Intersection,Medium,Two-Wheeler,Minor,1
1271,19,Kadru,23.3499133,85.3136565,2025-11-12,08:49:00,Wednesday,Clear,Chowk/Intersection,High,Auto-Rickshaw,Minor,0
1337,19,Kadru,23.3499133,85.3136565,2024-07-25,11:02:00,Thursday,Clear,Main Road,Low,Bus,Minor,0
1340,19,Kadru,23.3499133,85.3136565,2025-01-20,08:06:00,Monday,Clear,Highway,High,Auto-Rickshaw,Minor,1
1372,19,Kadru,23.3499133,85.3136565,2025-03-29,09:34:00,Saturday,Clear,Residential Road,High,Two-Wheeler,Minor,0
1391,19,Kadru,23.3499133,85.3136565,2021-08-17,06:12:00,Tuesday,Rainy,Chowk/Intersection,Medium,Auto-Rickshaw,Minor,0
1529,19,Kadru,23.3499133,85.3136565,2022-07-20,09:24:00,Wednesday,Clear,Main Road,Low,Bus,Minor,0
1538,19,Kadru,23.3499133,85.3136565,2024-11-25,09:43:00,Monday,Rainy,Chowk/Intersection,High,Car,Fatal,1
1573,19,Kadru,23.3499133,85.3136565,2023-03-12,10:46:00,Sunday,Clear,Chowk/Intersection,Medium,Car,Minor,1
1627,19,Kadru,23.3499133,85.3136565,2023-05-11,08:46:00,Thursday,Foggy,Main Road,High,Car,Serious,1
1789,19,Kadru,23.3499133,85.3136565,2021-03-02,09:32:00,Tuesday,Clear,Chowk/Intersection,Medium,Auto-Rickshaw,Minor,0
1905,19,Kadru,23.3499133,85.3136565,2024-08-01,07:00:00,Thursday,Stormy,Chowk/Intersection,Low,Car,Serious,1
2228,19,Kadru,23.3499133,85.3136565,2022-03-22,19:44:00,Tuesday,Rainy,Highway,High,Auto-Rickshaw,Minor,1
2337,19,Kadru,23.3499133,85.3136565,2024-06-08,19:22:00,Saturday,Clear,Main Road,Low,Car,Serious,2
2424,19,Kadru,23.3499133,85.3136565,2022-01-13,06:46:00,Thursday,Clear,Chowk/Intersection,Medium,Auto-Rickshaw,Minor,0
2463,19,Kadru,23.3499133,85.3136565,2022-07-27,10:53:00,Wednesday,Clear,Chowk/Intersection,Low,Bus,Serious,1
2466,19,Kadru,23.3499133,85.3136565,2021-09-02,05:15:00,Thursday,Foggy,Main Road,Medium,Two-Wheeler,Minor,0
2543,19,Kadru,23.3499133,85.3136565,2021-01-16,18:36:00,Saturday,Clear,Residential Road,High,Two-Wheeler,Minor,0
2590,19,Kadru,23.3499133,85.3136565,2023-05-21,09:28:00,Sunday,Rainy,Main Road,Low,Car,Minor,1
2840,19,Kadru,23.3499133,85.3136565,2023-10-14,17:59:00,Saturday,Rainy,Highway,Low,Car,Minor,0
2985,19,Kadru,23.3499133,85.3136565,2025-03-03,09:21:00,Monday,Clear,Main Road,High,Two-Wheeler,Minor,0
3058,19,Kadru,23.3499133,85.3136565,2025-01-22,18:03:00,Wednesday,Clear,Highway,Medium,Bus,Fatal,2
3152,19,Kadru,23.3499133,85.3136565,2023-04-14,19:59:00,Friday,Foggy,Chowk/Intersection,Low,Truck,Minor,0
3509,19,Kadru,23.3499133,85.3136565,2023-05-25,10:23:00,Thursday,Clear,Highway,Medium,Two-Wheeler,Serious,1
3511,19,Kadru,23.3499133,85.3136565,2025-07-10,07:19:00,Thursday,Clear,Chowk/Intersection,Low,Two-Wheeler,Minor,0
3564,19,Kadru,23.3499133,85.3136565,2023-11-14,18:41:00,Tuesday,Rainy,Main Road,Medium,Auto-Rickshaw,Minor,1
3715,19,Kadru,23.3499133,85.3136565,2025-05-22,10:48:00,Thursday,Rainy,Main Road,Low,Bus,Serious,1
3731,19,Kadru,23.3499133,85.3136565,2022-06-05,20:49:00,Sunday,Clear,Main Road,High,Two-Wheeler,Serious,2
3837,19,Kadru,23.3499133,85.3136565,2025-08-02,09:28:00,Saturday,Clear,Main Road,High,Auto-Rickshaw,Serious,2
3895,19,Kadru,23.3499133,85.3136565,2021-05-04,18:04:00,Tuesday,Clear,Chowk/Intersection,Medium,Auto-Rickshaw,Minor,1
3972,19,Kadru,23.3499133,85.3136565,2025-10-16,08:42:00,Thursday,Clear,Chowk/Intersection,Low,Two-Wheeler,Minor,1
4061,19,Kadru,23.3499133,85.3136565,2022-12-05,08:31:00,Monday,Foggy,Chowk/Intersection,Medium,Two-Wheeler,Minor,0
4255,19,Kadru,23.3499133,85.3136565,2024-09-14,19:19:00,Saturday,Clear,Main Road,Low,Two-Wheeler,Fatal,4
4293,19,Kadru,23.3499133,85.3136565,2024-05-09,17:40:00,Thursday,Clear,Chowk/Intersection,Medium,Auto-Rickshaw,Minor,0
4333,19,Kadru,23.3499133,85.3136565,2024-06-09,08:05:00,Sunday,Rainy,Highway,Low,Two-Wheeler,Serious,3
4347,19,Kadru,23.3499133,85.3136565,2025-03-09,18:19:00,Sunday,Clear,Highway,Low,Truck,Serious,1
4424,19,Kadru,23.3499133,85.3136565,2022-10-13,08:52:00,Thursday,Clear,Main Road,Low,Two-Wheeler,Serious,1
4575,19,Kadru,23.3499133,85.3136565,2023-06-19,08:47:00,Monday,Clear,Residential Road,High,Auto-Rickshaw,Serious,2
4591,19,Kadru,23.3499133,85.3136565,2023-04-18,08:07:00,Tuesday,Clear,Chowk/Intersection,High,Car,Serious,2
4655,19,Kadru,23.3499133,85.3136565,2025-08-26,08:37:00,Tuesday,Clear,Chowk/Intersection,Low,Car,Minor,1
4693,19,Kadru,23.3499133,85.3136565,2021-08-30,16:03:00,Monday,Clear,Main Road,Medium,Two-Wheeler,Serious,2
4710,19,Kadru,23.3499133,85.3136565,2022-04-28,11:09:00,Thursday,Clear,Main Road,Medium,Two-Wheeler,Minor,0
4811,19,Kadru,23.3499133,85.3136565,2025-11-03,18:22:00,Monday,Clear,Chowk/Intersection,High,Two-Wheeler,Serious,1
4865,19,Kadru,23.3499133,85.3136565,2021-01-24,07:53:00,Sunday,Clear,Highway,High,Auto-Rickshaw,Serious,1
4895,19,Kadru,23.3499133,85.3136565,2023-06-07,17:17:00,Wednesday,Clear,Main Road,Medium,Auto-Rickshaw,Minor,0
4908,19,Kadru,23.3499133,85.3136565,2025-01-23,18:22:00,Thursday,Clear,Chowk/Intersection,High,Two-Wheeler,Minor,0
4928,19,Kadru,23.3499133,85.3136565,2024-04-08,08:15:00,Monday,Clear,Chowk/Intersection,High,Two-Wheeler,Minor,0
5084,19,Kadru,23.3499133,85.3136565,2024-11-10,09:46:00,Sunday,Rainy,Chowk/Intersection,Medium,Two-Wheeler,Minor,0
5120,19,Kadru,23.3499133,85.3136565,2025-09-12,10:51:00,Friday,Clear,Highway,High,Two-Wheeler,Minor,0
5137,19,Kadru,23.3499133,85.3136565,2023-05-24,08:32:00,Wednesday,Clear,Chowk/Intersection,High,Two-Wheeler,Minor,1
5292,19,Kadru,23.3499133,85.3136565,2025-09-23,11:32:00,Tuesday,Clear,Residential Road,Medium,Car,Minor,1
5361,19,Kadru,23.3499133,85.3136565,2024-02-28,07:50:00,Wednesday,Rainy,Main Road,Medium,Truck,Serious,2
5377,19,Kadru,23.3499133,85.3136565,2021-07-01,08:50:00,Thursday,Stormy,Chowk/Intersection,High,Car,Serious,1
5398,19,Kadru,23.3499133,85.3136565,2022-10-23,19:09:00,Sunday,Clear,Chowk/Intersection,High,Bus,Serious,1
5428,19,Kadru,23.3499133,85.3136565,2022-06-26,17:32:00,Sunday,Clear,Highway,High,Two-Wheeler,Minor,0
5467,19,Kadru,23.3499133,85.3136565,2021-11-28,19:00:00,Sunday,Rainy,Chowk/Intersection,High,Auto-Rickshaw,Minor,0
5483,19,Kadru,23.3499133,85.3136565,2023-05-06,09:12:00,Saturday,Clear,Chowk/Intersection,Low,Car,Minor,1
5540,19,Kadru,23.3499133,85.3136565,2022-01-04,08:45:00,Tuesday,Clear,Residential Road,High,Car,Serious,1
5824,19,Kadru,23.3499133,85.3136565,2022-07-25,19:56:00,Monday,Clear,Chowk/Intersection,High,Two-Wheeler,Minor,0
5839,19,Kadru,23.3499133,85.3136565,2021-04-20,17:02:00,Tuesday,Clear,Main Road,Medium,Car,Minor,0
5893,19,Kadru,23.3499133,85.3136565,2022-01-06,19:30:00,Thursday,Stormy,Chowk/Intersection,High,Two-Wheeler,Serious,2
5902,19,Kadru,23.3499133,85.3136565,2022-06-18,08:14:00,Saturday,Stormy,Chowk/Intersection,High,Two-Wheeler,Minor,1
5912,19,Kadru,23.3499133,85.3136565,2021-05-08,08:15:00,Saturday,Clear,Main Road,High,Bus,Serious,2
5932,19,Kadru,23.3499133,85.3136565,2022-08-09,08:55:00,Tuesday,Clear,Highway,Low,Bus,Serious,2
6108,19,Kadru,23.3499133,85.3136565,2023-09-19,07:57:00,Tuesday,Rainy,Chowk/Intersection,High,Two-Wheeler,Minor,0
6130,19,Kadru,23.3499133,85.3136565,2024-08-24,10:12:00,Saturday,Rainy,Residential Road,High,Two-Wheeler,Minor,0
6389,19,Kadru,23.3499133,85.3136565,2025-12-08,11:09:00,Monday,Rainy,Residential Road,Low,Two-Wheeler,Minor,0
6882,19,Kadru,23.3499133,85.3136565,2024-08-05,21:40:00,Monday,Rainy,Highway,Medium,Auto-Rickshaw,Minor,0
6890,19,Kadru,23.3499133,85.3136565,2021-02-14,04:28:00,Sunday,Clear,Chowk/Intersection,High,Car,Minor,1
6944,19,Kadru,23.3499133,85.3136565,2025-12-27,09:03:00,Saturday,Clear,Highway,Medium,Two-Wheeler,Fatal,1
7012,19,Kadru,23.3499133,85.3136565,2022-04-22,08:35:00,Friday,Clear,Residential Road,Low,Car,Serious,1
7021,19,Kadru,23.3499133,85.3136565,2021-01-17,08:46:00,Sunday,Clear,Highway,High,Car,Minor,1
7072,19,Kadru,23.3499133,85.3136565,2024-05-15,17:40:00,Wednesday,Clear,Highway,High,Two-Wheeler,Fatal,2
7073,19,Kadru,23.3499133,85.3136565,2023-07-23,10:02:00,Sunday,Rainy,Chowk/Intersection,Low,Two-Wheeler,Minor,0
7110,19,Kadru,23.3499133,85.3136565,2024-07-24,07:16:00,Wednesday,Clear,Main Road,Low,Two-Wheeler,Minor,0
7242,19,Kadru,23.3499133,85.3136565,2024-03-04,19:41:00,Monday,Clear,Residential Road,Low,Auto-Rickshaw,Serious,1
7302,19,Kadru,23.3499133,85.3136565,2023-11-26,13:43:00,Sunday,Rainy,Chowk/Intersection,Low,Car,Fatal,3
7343,19,Kadru,23.3499133,85.3136565,2025-11-27,16:33:00,Thursday,Clear,Chowk/Intersection,High,Two-Wheeler,Minor,0
7377,19,Kadru,23.3499133,85.3136565,2021-12-21,16:24:00,Tuesday,Rainy,Chowk/Intersection,High,Auto-Rickshaw,Minor,0
7521,19,Kadru,23.3499133,85.3136565,2023-09-21,07:11:00,Thursday,Clear,Main Road,High,Auto-Rickshaw,Minor,1
7585,19,Kadru,23.3499133,85.3136565,2023-02-08,15:17:00,Wednesday,Stormy,Main Road,High,Bus,Serious,1
7618,19,Kadru,23.3499133,85.3136565,2025-02-25,09:15:00,Tuesday,Clear,Highway,High,Two-Wheeler,Minor,1
7702,19,Kadru,23.3499133,85.3136565,2021-08-15,16:03:00,Sunday,Foggy,Highway,Medium,Two-Wheeler,Serious,2
7857,19,Kadru,23.3499133,85.3136565,2021-05-31,17:44:00,Monday,Clear,Residential Road,Medium,Two-Wheeler,Minor,0
7878,19,Kadru,23.3499133,85.3136565,2023-01-20,20:43:00,Friday,Rainy,Highway,High,Auto-Rickshaw,Serious,1
7886,19,Kadru,23.3499133,85.3136565,2025-10-14,09:54:00,Tuesday,Clear,Chowk/Intersection,Low,Car,Minor,1
7995,19,Kadru,23.3499133,85.3136565,2023-08-28,09:10:00,Monday,Clear,Highway,High,Truck,Serious,1
78,20,Bariatu Road,23.3934777,85.358561,2023-02-16,09:07:00,Thursday,Rainy,Chowk/Intersection,High,Bus,Minor,0
109,20,Bariatu Road,23.3934777,85.358561,2025-06-08,07:38:00,Sunday,Stormy,Chowk/Intersection,Medium,Truck,Serious,2
213,20,Bariatu Road,23.3934777,85.358561,2025-03-01,19:29:00,Saturday,Rainy,Main Road,Low,Car,Serious,2
254,20,Bariatu Road,23.3934777,85.358561,2023-07-16,19:32:00,Sunday,Clear,Chowk/Intersection,Low,Two-Wheeler,Serious,1
339,20,Bariatu Road,23.3934777,85.358561,2022-12-18,16:56:00,Sunday,Clear,Chowk/Intersection,Medium,Car,Minor,0
439,20,Bariatu Road,23.3934777,85.358561,2022-11-08,14:46:00,Tuesday,Foggy,Residential Road,Low,Auto-Rickshaw,Minor,0
692,20,Bariatu Road,23.3934777,85.358561,2022-12-29,07:27:00,Thursday,Clear,Residential Road,Low,Two-Wheeler,Minor,0
749,20,Bariatu Road,23.3934777,85.358561,2025-04-13,19:47:00,Sunday,Clear,Main Road,Low,Two-Wheeler,Serious,3
811,20,Bariatu Road,23.3934777,85.358561,2021-02-04,09:55:00,Thursday,Clear,Chowk/Intersection,Low,Auto-Rickshaw,Minor,0
834,20,Bariatu Road,23.3934777,85.358561,2023-02-21,19:10:00,Tuesday,Clear,Chowk/Intersection,Medium,Truck,Fatal,4
959,20,Bariatu Road,23.3934777,85.358561,2022-07-26,18:49:00,Tuesday,Clear,Residential Road,Low,Car,Fatal,3
984,20,Bariatu Road,23.3934777,85.358561,2025-03-07,21:27:00,Friday,Stormy,Highway,High,Bus,Fatal,1
1010,20,Bariatu Road,23.3934777,85.358561,2025-10-14,10:48:00,Tuesday,Rainy,Main Road,High,Two-Wheeler,Serious,1
1054,20,Bariatu Road,23.3934777,85.358561,2023-01-01,07:30:00,Sunday,Foggy,Main Road,Medium,Bus,Fatal,1
1072,20,Bariatu Road,23.3934777,85.358561,2024-04-14,22:56:00,Sunday,Rainy,Main Road,Medium,Car,Minor,0
1084,20,Bariatu Road,23.3934777,85.358561,2021-03-04,08:10:00,Thursday,Rainy,Highway,Medium,Two-Wheeler,Serious,2
1244,20,Bariatu Road,23.3934777,85.358561,2022-09-17,20:03:00,Saturday,Clear,Main Road,Low,Two-Wheeler,Minor,1
1405,20,Bariatu Road,23.3934777,85.358561,2024-01-05,10:32:00,Friday,Clear,Main Road,Medium,Two-Wheeler,Serious,2
1449,20,Bariatu Road,23.3934777,85.358561,2023-05-10,06:59:00,Wednesday,Foggy,Main Road,High,Two-Wheeler,Serious,3
1536,20,Bariatu Road,23.3934777,85.358561,2021-12-12,09:27:00,Sunday,Clear,Residential Road,Medium,Two-Wheeler,Minor,0
1700,20,Bariatu Road,23.3934777,85.358561,2023-11-13,15:36:00,Monday,Rainy,Highway,Low,Car,Minor,0
1851,20,Bariatu Road,23.3934777,85.358561,2025-02-28,18:51:00,Friday,Foggy,Highway,Medium,Two-Wheeler,Minor,1
1922,20,Bariatu Road,23.3934777,85.358561,2021-07-22,19:29:00,Thursday,Clear,Highway,Low,Auto-Rickshaw,Minor,1
1924,20,Bariatu Road,23.3934777,85.358561,2025-01-04,23:48:00,Saturday,Rainy,Residential Road,Medium,Car,Minor,0
2351,20,Bariatu Road,23.3934777,85.358561,2024-07-16,16:27:00,Tuesday,Clear,Chowk/Intersection,Medium,Two-Wheeler,Fatal,2
2390,20,Bariatu Road,23.3934777,85.358561,2021-10-12,18:37:00,Tuesday,Clear,Residential Road,High,Two-Wheeler,Minor,0
2444,20,Bariatu Road,23.3934777,85.358561,2024-02-20,19:01:00,Tuesday,Clear,Highway,Medium,Auto-Rickshaw,Fatal,1
2507,20,Bariatu Road,23.3934777,85.358561,2021-02-19,09:41:00,Friday,Clear,Main Road,Medium,Car,Minor,0
2521,20,Bariatu Road,23.3934777,85.358561,2022-08-21,07:30:00,Sunday,Foggy,Chowk/Intersection,High,Bus,Serious,2
2540,20,Bariatu Road,23.3934777,85.358561,2025-03-25,10:37:00,Tuesday,Clear,Main Road,Medium,Two-Wheeler,Serious,1
2669,20,Bariatu Road,23.3934777,85.358561,2025-11-20,17:06:00,Thursday,Clear,Chowk/Intersection,Low,Car,Minor,0
2695,20,Bariatu Road,23.3934777,85.358561,2024-05-01,09:41:00,Wednesday,Foggy,Chowk/Intersection,Medium,Car,Minor,1
2820,20,Bariatu Road,23.3934777,85.358561,2025-07-13,18:56:00,Sunday,Clear,Residential Road,Medium,Auto-Rickshaw,Minor,0
2846,20,Bariatu Road,23.3934777,85.358561,2025-07-03,19:45:00,Thursday,Foggy,Residential Road,High,Two-Wheeler,Serious,2
3109,20,Bariatu Road,23.3934777,85.358561,2022-07-24,08:36:00,Sunday,Clear,Main Road,Medium,Two-Wheeler,Serious,2
3176,20,Bariatu Road,23.3934777,85.358561,2024-10-12,18:04:00,Saturday,Rainy,Chowk/Intersection,Medium,Car,Minor,0
3306,20,Bariatu Road,23.3934777,85.358561,2021-03-10,09:46:00,Wednesday,Clear,Highway,Low,Two-Wheeler,Serious,1
3507,20,Bariatu Road,23.3934777,85.358561,2024-01-13,11:26:00,Saturday,Clear,Residential Road,Medium,Two-Wheeler,Minor,0
3530,20,Bariatu Road,23.3934777,85.358561,2022-09-12,17:44:00,Monday,Clear,Chowk/Intersection,High,Car,Minor,1
3555,20,Bariatu Road,23.3934777,85.358561,2022-02-10,06:58:00,Thursday,Foggy,Main Road,High,Car,Serious,3
3591,20,Bariatu Road,23.3934777,85.358561,2021-05-02,19:37:00,Sunday,Clear,Residential Road,Low,Two-Wheeler,Minor,0
3755,20,Bariatu Road,23.3934777,85.358561,2021-09-11,18:46:00,Saturday,Rainy,Highway,Medium,Two-Wheeler,Minor,1
3912,20,Bariatu Road,23.3934777,85.358561,2022-07-07,07:13:00,Thursday,Clear,Highway,Medium,Auto-Rickshaw,Minor,0
3985,20,Bariatu Road,23.3934777,85.358561,2021-08-21,17:57:00,Saturday,Clear,Highway,High,Car,Minor,1
4140,20,Bariatu Road,23.3934777,85.358561,2024-07-22,09:45:00,Monday,Clear,Residential Road,Medium,Bus,Minor,0
4141,20,Bariatu Road,23.3934777,85.358561,2024-01-05,07:27:00,Friday,Clear,Main Road,Low,Truck,Minor,0
4207,20,Bariatu Road,23.3934777,85.358561,2022-09-03,17:47:00,Saturday,Clear,Main Road,High,Bus,Serious,1
4427,20,Bariatu Road,23.3934777,85.358561,2023-05-29,16:03:00,Monday,Clear,Highway,High,Two-Wheeler,Fatal,1
4566,20,Bariatu Road,23.3934777,85.358561,2024-05-06,10:12:00,Monday,Clear,Highway,High,Two-Wheeler,Fatal,1
4749,20,Bariatu Road,23.3934777,85.358561,2022-11-18,20:50:00,Friday,Clear,Residential Road,Medium,Two-Wheeler,Serious,2
4851,20,Bariatu Road,23.3934777,85.358561,2021-04-17,08:52:00,Saturday,Rainy,Main Road,Low,Truck,Minor,1
4887,20,Bariatu Road,23.3934777,85.358561,2025-08-07,18:54:00,Thursday,Clear,Chowk/Intersection,High,Two-Wheeler,Serious,2
4900,20,Bariatu Road,23.3934777,85.358561,2023-02-09,06:35:00,Thursday,Clear,Highway,High,Two-Wheeler,Fatal,1
4935,20,Bariatu Road,23.3934777,85.358561,2022-12-25,15:28:00,Sunday,Clear,Residential Road,Medium,Two-Wheeler,Minor,0
4969,20,Bariatu Road,23.3934777,85.358561,2024-07-09,09:55:00,Tuesday,Rainy,Chowk/Intersection,Medium,Two-Wheeler,Minor,0
5076,20,Bariatu Road,23.3934777,85.358561,2022-08-27,08:58:00,Saturday,Clear,Residential Road,Medium,Car,Serious,1
5100,20,Bariatu Road,23.3934777,85.358561,2022-02-23,20:57:00,Wednesday,Clear,Main Road,High,Auto-Rickshaw,Fatal,3
5162,20,Bariatu Road,23.3934777,85.358561,2023-04-17,08:02:00,Monday,Rainy,Main Road,High,Two-Wheeler,Fatal,2
5176,20,Bariatu Road,23.3934777,85.358561,2022-08-08,19:40:00,Monday,Clear,Highway,Medium,Two-Wheeler,Fatal,3
5285,20,Bariatu Road,23.3934777,85.358561,2023-09-04,18:43:00,Monday,Clear,Chowk/Intersection,Low,Two-Wheeler,Minor,1
5516,20,Bariatu Road,23.3934777,85.358561,2021-05-24,10:14:00,Monday,Rainy,Highway,Medium,Auto-Rickshaw,Minor,1
5549,20,Bariatu Road,23.3934777,85.358561,2025-04-14,19:16:00,Monday,Rainy,Chowk/Intersection,Low,Two-Wheeler,Minor,0
5567,20,Bariatu Road,23.3934777,85.358561,2021-04-04,07:50:00,Sunday,Foggy,Residential Road,High,Truck,Minor,0
5677,20,Bariatu Road,23.3934777,85.358561,2025-12-19,08:11:00,Friday,Rainy,Residential Road,Medium,Car,Minor,1
5689,20,Bariatu Road,23.3934777,85.358561,2024-10-13,07:45:00,Sunday,Clear,Highway,Medium,Car,Serious,2
5726,20,Bariatu Road,23.3934777,85.358561,2025-12-21,18:13:00,Sunday,Clear,Chowk/Intersection,Medium,Auto-Rickshaw,Minor,1
5742,20,Bariatu Road,23.3934777,85.358561,2023-01-29,07:29:00,Sunday,Clear,Highway,Medium,Auto-Rickshaw,Fatal,4
5807,20,Bariatu Road,23.3934777,85.358561,2022-12-21,10:46:00,Wednesday,Clear,Chowk/Intersection,Low,Two-Wheeler,Minor,0
5850,20,Bariatu Road,23.3934777,85.358561,2024-02-19,08:58:00,Monday,Clear,Chowk/Intersection,Low,Car,Minor,0
5878,20,Bariatu Road,23.3934777,85.358561,2024-07-06,09:44:00,Saturday,Clear,Chowk/Intersection,Medium,Car,Minor,0
6040,20,Bariatu Road,23.3934777,85.358561,2023-04-14,11:10:00,Friday,Rainy,Highway,Medium,Two-Wheeler,Minor,0
6206,20,Bariatu Road,23.3934777,85.358561,2024-07-23,18:57:00,Tuesday,Rainy,Highway,Medium,Two-Wheeler,Minor,1
6253,20,Bariatu Road,23.3934777,85.358561,2025-10-23,18:05:00,Thursday,Clear,Residential Road,Medium,Two-Wheeler,Serious,1
6302,20,Bariatu Road,23.3934777,85.358561,2021-04-11,17:03:00,Sunday,Clear,Residential Road,Low,Bus,Minor,0
6453,20,Bariatu Road,23.3934777,85.358561,2023-02-09,19:06:00,Thursday,Clear,Highway,High,Car,Serious,2
6505,20,Bariatu Road,23.3934777,85.358561,2021-03-14,17:15:00,Sunday,Rainy,Chowk/Intersection,Low,Auto-Rickshaw,Serious,1
6529,20,Bariatu Road,23.3934777,85.358561,2022-07-27,08:43:00,Wednesday,Clear,Main Road,High,Two-Wheeler,Serious,1
6632,20,Bariatu Road,23.3934777,85.358561,2023-12-25,08:42:00,Monday,Foggy,Residential Road,Low,Two-Wheeler,Minor,0
6723,20,Bariatu Road,23.3934777,85.358561,2023-12-01,19:57:00,Friday,Foggy,Chowk/Intersection,Medium,Two-Wheeler,Serious,1
6867,20,Bariatu Road,23.3934777,85.358561,2021-10-11,05:53:00,Monday,Clear,Chowk/Intersection,High,Two-Wheeler,Fatal,3
6909,20,Bariatu Road,23.3934777,85.358561,2024-01-01,17:25:00,Monday,Rainy,Chowk/Intersection,Medium,Two-Wheeler,Minor,0
6984,20,Bariatu Road,23.3934777,85.358561,2023-08-23,10:23:00,Wednesday,Stormy,Main Road,High,Two-Wheeler,Serious,1
7071,20,Bariatu Road,23.3934777,85.358561,2021-06-05,16:17:00,Saturday,Foggy,Chowk/Intersection,High,Car,Fatal,1
7174,20,Bariatu Road,23.3934777,85.358561,2024-02-16,10:08:00,Friday,Rainy,Chowk/Intersection,High,Two-Wheeler,Fatal,2
7207,20,Bariatu Road,23.3934777,85.358561,2024-06-08,18:01:00,Saturday,Rainy,Residential Road,Medium,Two-Wheeler,Serious,1
7211,20,Bariatu Road,23.3934777,85.358561,2025-08-19,20:11:00,Tuesday,Clear,Highway,Medium,Two-Wheeler,Fatal,2
7285,20,Bariatu Road,23.3934777,85.358561,2024-03-10,08:37:00,Sunday,Clear,Residential Road,Low,Auto-Rickshaw,Minor,1
7364,20,Bariatu Road,23.3934777,85.358561,2025-12-02,11:53:00,Tuesday,Stormy,Main Road,High,Two-Wheeler,Serious,1
7415,20,Bariatu Road,23.3934777,85.358561,2021-08-03,16:48:00,Tuesday,Clear,Residential Road,Medium,Two-Wheeler,Minor,1
7664,20,Bariatu Road,23.3934777,85.358561,2025-11-04,19:12:00,Tuesday,Stormy,Chowk/Intersection,Low,Truck,Serious,2
7669,20,Bariatu Road,23.3934777,85.358561,2024-08-14,08:45:00,Wednesday,Clear,Main Road,Low,Two-Wheeler,Serious,3
7679,20,Bariatu Road,23.3934777,85.358561,2024-07-15,19:09:00,Monday,Clear,Main Road,Low,Car,Minor,1
7783,20,Bariatu Road,23.3934777,85.358561,2024-12-08,09:45:00,Sunday,Clear,Main Road,High,Two-Wheeler,Serious,1
7902,20,Bariatu Road,23.3934777,85.358561,2021-08-21,10:31:00,Saturday,Stormy,Chowk/Intersection,High,Two-Wheeler,Minor,0
7946,20,Bariatu Road,23.3934777,85.358561,2022-12-09,19:11:00,Friday,Clear,Highway,High,Car,Minor,0
12,21,Morabadi,23.390876,85.3278238,2025-02-22,20:05:00,Saturday,Foggy,Chowk/Intersection,High,Car,Minor,0
88,21,Morabadi,23.390876,85.3278238,2023-09-09,16:17:00,Saturday,Clear,Chowk/Intersection,Medium,Car,Minor,0
113,21,Morabadi,23.390876,85.3278238,2025-06-08,17:32:00,Sunday,Clear,Highway,Medium,Two-Wheeler,Minor,1
136,21,Morabadi,23.390876,85.3278238,2023-05-28,17:38:00,Sunday,Clear,Chowk/Intersection,High,Car,Serious,2
141,21,Morabadi,23.390876,85.3278238,2021-09-19,08:24:00,Sunday,Clear,Main Road,Medium,Truck,Minor,0
173,21,Morabadi,23.390876,85.3278238,2021-05-26,09:49:00,Wednesday,Stormy,Main Road,High,Auto-Rickshaw,Minor,0
180,21,Morabadi,23.390876,85.3278238,2021-08-12,11:46:00,Thursday,Stormy,Chowk/Intersection,Medium,Two-Wheeler,Minor,1
205,21,Morabadi,23.390876,85.3278238,2022-09-22,19:50:00,Thursday,Rainy,Residential Road,Low,Bus,Serious,2
227,21,Morabadi,23.390876,85.3278238,2022-02-26,19:31:00,Saturday,Clear,Main Road,Medium,Two-Wheeler,Serious,1
285,21,Morabadi,23.390876,85.3278238,2023-05-16,09:57:00,Tuesday,Clear,Chowk/Intersection,Medium,Two-Wheeler,Minor,0
364,21,Morabadi,23.390876,85.3278238,2021-08-20,19:15:00,Friday,Clear,Chowk/Intersection,High,Car,Minor,0
400,21,Morabadi,23.390876,85.3278238,2024-07-23,19:15:00,Tuesday,Clear,Chowk/Intersection,High,Car,Minor,0
403,21,Morabadi,23.390876,85.3278238,2024-02-17,20:45:00,Saturday,Clear,Chowk/Intersection,Medium,Two-Wheeler,Minor,0
418,21,Morabadi,23.390876,85.3278238,2023-03-26,19:02:00,Sunday,Clear,Chowk/Intersection,Low,Auto-Rickshaw,Minor,0
425,21,Morabadi,23.390876,85.3278238,2023-12-29,20:24:00,Friday,Clear,Chowk/Intersection,Medium,Two-Wheeler,Minor,0
448,21,Morabadi,23.390876,85.3278238,2022-03-20,11:51:00,Sunday,Clear,Main Road,Medium,Two-Wheeler,Serious,1
453,21,Morabadi,23.390876,85.3278238,2024-11-24,18:43:00,Sunday,Foggy,Chowk/Intersection,High,Two-Wheeler,Minor,0
499,21,Morabadi,23.390876,85.3278238,2024-09-05,18:51:00,Thursday,Clear,Highway,Low,Car,Fatal,1
508,21,Morabadi,23.390876,85.3278238,2025-02-07,10:47:00,Friday,Clear,Main Road,Medium,Two-Wheeler,Minor,0
563,21,Morabadi,23.390876,85.3278238,2022-04-12,09:48:00,Tuesday,Clear,Main Road,Medium,Auto-Rickshaw,Minor,0
578,21,Morabadi,23.390876,85.3278238,2023-04-08,09:26:00,Saturday,Rainy,Main Road,High,Auto-Rickshaw,Serious,1
587,21,Morabadi,23.390876,85.3278238,2022-08-20,17:08:00,Saturday,Clear,Highway,High,Auto-Rickshaw,Serious,2
603,21,Morabadi,23.390876,85.3278238,2022-04-23,18:13:00,Saturday,Clear,Highway,High,Truck,Serious,1
607,21,Morabadi,23.390876,85.3278238,2023-09-29,18:22:00,Friday,Clear,Highway,Low,Truck,Fatal,1
614,21,Morabadi,23.390876,85.3278238,2023-05-09,08:59:00,Tuesday,Clear,Main Road,High,Car,Minor,0
629,21,Morabadi,23.390876,85.3278238,2024-03-28,09:13:00,Thursday,Clear,Main Road,Medium,Auto-Rickshaw,Minor,1
646,21,Morabadi,23.390876,85.3278238,2021-01-23,18:33:00,Saturday,Clear,Chowk/Intersection,Medium,Car,Serious,2
649,21,Morabadi,23.390876,85.3278238,2022-06-08,10:29:00,Wednesday,Clear,Main Road,High,Bus,Serious,1
654,21,Morabadi,23.390876,85.3278238,2024-12-31,18:15:00,Tuesday,Clear,Main Road,Medium,Two-Wheeler,Minor,1
714,21,Morabadi,23.390876,85.3278238,2024-06-09,08:59:00,Sunday,Foggy,Main Road,Low,Two-Wheeler,Serious,2
715,21,Morabadi,23.390876,85.3278238,2022-05-08,16:58:00,Sunday,Stormy,Highway,High,Auto-Rickshaw,Fatal,1
731,21,Morabadi,23.390876,85.3278238,2021-11-26,07:20:00,Friday,Rainy,Chowk/Intersection,Medium,Car,Minor,0
737,21,Morabadi,23.390876,85.3278238,2023-07-20,20:23:00,Thursday,Clear,Chowk/Intersection,High,Truck,Minor,1
779,21,Morabadi,23.390876,85.3278238,2023-03-20,18:37:00,Monday,Clear,Chowk/Intersection,Medium,Two-Wheeler,Serious,1
782,21,Morabadi,23.390876,85.3278238,2025-03-28,18:05:00,Friday,Foggy,Highway,Medium,Truck,Fatal,1
784,21,Morabadi,23.390876,85.3278238,2021-05-15,18:46:00,Saturday,Clear,Highway,High,Car,Minor,1
792,21,Morabadi,23.390876,85.3278238,2023-06-06,09:54:00,Tuesday,Stormy,Chowk/Intersection,Low,Truck,Minor,0
799,21,Morabadi,23.390876,85.3278238,2022-10-22,16:36:00,Saturday,Clear,Residential Road,Medium,Two-Wheeler,Serious,1
805,21,Morabadi,23.390876,85.3278238,2025-12-14,18:52:00,Sunday,Clear,Highway,High,Car,Fatal,1
826,21,Morabadi,23.390876,85.3278238,2023-07-02,19:41:00,Sunday,Rainy,Highway,Low,Two-Wheeler,Serious,1
828,21,Morabadi,23.390876,85.3278238,2022-09-04,21:43:00,Sunday,Clear,Chowk/Intersection,Medium,Car,Minor,0
839,21,Morabadi,23.390876,85.3278238,2022-07-14,10:44:00,Thursday,Clear,Main Road,High,Two-Wheeler,Serious,1
880,21,Morabadi,23.390876,85.3278238,2022-01-15,16:07:00,Saturday,Clear,Main Road,Low,Two-Wheeler,Serious,1
897,21,Morabadi,23.390876,85.3278238,2022-09-20,10:21:00,Tuesday,Clear,Main Road,Medium,Two-Wheeler,Serious,2
911,21,Morabadi,23.390876,85.3278238,2025-07-09,18:24:00,Wednesday,Clear,Chowk/Intersection,High,Two-Wheeler,Serious,2
942,21,Morabadi,23.390876,85.3278238,2022-04-11,19:16:00,Monday,Clear,Main Road,Medium,Bus,Minor,1
980,21,Morabadi,23.390876,85.3278238,2025-01-11,08:26:00,Saturday,Clear,Chowk/Intersection,High,Car,Minor,0
993,21,Morabadi,23.390876,85.3278238,2023-05-05,17:58:00,Friday,Clear,Residential Road,High,Auto-Rickshaw,Minor,0
1044,21,Morabadi,23.390876,85.3278238,2021-01-29,07:48:00,Friday,Clear,Main Road,Medium,Car,Serious,1
1046,21,Morabadi,23.390876,85.3278238,2022-03-28,10:08:00,Monday,Clear,Chowk/Intersection,Medium,Two-Wheeler,Fatal,1
1048,21,Morabadi,23.390876,85.3278238,2021-07-22,08:42:00,Thursday,Clear,Main Road,Medium,Two-Wheeler,Minor,1
1057,21,Morabadi,23.390876,85.3278238,2023-04-25,17:47:00,Tuesday,Rainy,Chowk/Intersection,High,Two-Wheeler,Fatal,3
1060,21,Morabadi,23.390876,85.3278238,2022-04-30,17:05:00,Saturday,Rainy,Highway,Medium,Car,Minor,0
1156,21,Morabadi,23.390876,85.3278238,2024-07-14,04:53:00,Sunday,Clear,Chowk/Intersection,High,Two-Wheeler,Minor,1
1164,21,Morabadi,23.390876,85.3278238,2025-10-23,18:03:00,Thursday,Rainy,Main Road,High,Car,Serious,1
1180,21,Morabadi,23.390876,85.3278238,2023-08-07,18:31:00,Monday,Clear,Highway,Low,Two-Wheeler,Fatal,1
1210,21,Morabadi,23.390876,85.3278238,2023-12-27,18:54:00,Wednesday,Clear,Chowk/Intersection,High,Bus,Minor,0
1212,21,Morabadi,23.390876,85.3278238,2021-06-13,15:58:00,Sunday,Clear,Chowk/Intersection,Medium,Truck,Minor,0
1226,21,Morabadi,23.390876,85.3278238,2024-04-26,19:35:00,Friday,Rainy,Chowk/Intersection,Low,Car,Serious,1
1242,21,Morabadi,23.390876,85.3278238,2023-12-13,10:52:00,Wednesday,Clear,Chowk/Intersection,High,Auto-Rickshaw,Minor,0
1251,21,Morabadi,23.390876,85.3278238,2021-05-10,09:13:00,Monday,Rainy,Chowk/Intersection,High,Bus,Minor,0
1252,21,Morabadi,23.390876,85.3278238,2024-09-04,21:11:00,Wednesday,Foggy,Residential Road,Medium,Two-Wheeler,Minor,1
1260,21,Morabadi,23.390876,85.3278238,2025-10-29,20:00:00,Wednesday,Clear,Chowk/Intersection,Low,Two-Wheeler,Minor,0
1267,21,Morabadi,23.390876,85.3278238,2023-02-02,19:22:00,Thursday,Clear,Chowk/Intersection,Medium,Two-Wheeler,Minor,1
1314,21,Morabadi,23.390876,85.3278238,2025-01-04,20:44:00,Saturday,Clear,Residential Road,Medium,Two-Wheeler,Minor,1
1344,21,Morabadi,23.390876,85.3278238,2022-11-24,09:09:00,Thursday,Foggy,Chowk/Intersection,Medium,Two-Wheeler,Minor,1
1349,21,Morabadi,23.390876,85.3278238,2025-08-27,10:57:00,Wednesday,Rainy,Highway,Medium,Auto-Rickshaw,Minor,0
1376,21,Morabadi,23.390876,85.3278238,2024-05-30,07:59:00,Thursday,Rainy,Chowk/Intersection,High,Two-Wheeler,Minor,1
1422,21,Morabadi,23.390876,85.3278238,2025-09-07,18:58:00,Sunday,Clear,Chowk/Intersection,High,Truck,Minor,0
1426,21,Morabadi,23.390876,85.3278238,2022-04-06,18:00:00,Wednesday,Clear,Highway,Low,Car,Minor,0
1443,21,Morabadi,23.390876,85.3278238,2025-05-16,18:00:00,Friday,Clear,Highway,High,Two-Wheeler,Fatal,1
1472,21,Morabadi,23.390876,85.3278238,2025-05-15,19:24:00,Thursday,Stormy,Chowk/Intersection,Low,Two-Wheeler,Fatal,3
1473,21,Morabadi,23.390876,85.3278238,2022-08-28,20:28:00,Sunday,Clear,Highway,High,Two-Wheeler,Minor,0
1524,21,Morabadi,23.390876,85.3278238,2025-08-17,11:45:00,Sunday,Clear,Highway,High,Car,Fatal,1
1533,21,Morabadi,23.390876,85.3278238,2021-05-04,11:18:00,Tuesday,Rainy,Highway,Medium,Two-Wheeler,Minor,0
1552,21,Morabadi,23.390876,85.3278238,2022-12-01,10:25:00,Thursday,Clear,Main Road,High,Car,Minor,0
1599,21,Morabadi,23.390876,85.3278238,2023-02-09,17:13:00,Thursday,Clear,Main Road,Medium,Auto-Rickshaw,Fatal,1
1617,21,Morabadi,23.390876,85.3278238,2023-06-23,09:56:00,Friday,Rainy,Main Road,Low,Car,Minor,0
1621,21,Morabadi,23.390876,85.3278238,2025-04-13,10:25:00,Sunday,Clear,Chowk/Intersection,High,Two-Wheeler,Serious,1
1628,21,Morabadi,23.390876,85.3278238,2023-12-28,20:56:00,Thursday,Foggy,Main Road,Medium,Two-Wheeler,Minor,0
1640,21,Morabadi,23.390876,85.3278238,2021-10-05,07:15:00,Tuesday,Clear,Chowk/Intersection,Low,Two-Wheeler,Minor,1
1654,21,Morabadi,23.390876,85.3278238,2021-06-10,18:11:00,Thursday,Rainy,Residential Road,Medium,Two-Wheeler,Minor,0
1656,21,Morabadi,23.390876,85.3278238,2021-09-18,16:29:00,Saturday,Stormy,Chowk/Intersection,Medium,Auto-Rickshaw,Minor,0
1660,21,Morabadi,23.390876,85.3278238,2024-07-26,19:20:00,Friday,Clear,Highway,Medium,Auto-Rickshaw,Minor,0
1665,21,Morabadi,23.390876,85.3278238,2022-05-22,07:40:00,Sunday,Clear,Chowk/Intersection,High,Auto-Rickshaw,Serious,1
1668,21,Morabadi,23.390876,85.3278238,2025-12-30,16:04:00,Tuesday,Clear,Main Road,High,Two-Wheeler,Minor,1
1681,21,Morabadi,23.390876,85.3278238,2021-12-16,07:22:00,Thursday,Clear,Main Road,Low,Two-Wheeler,Serious,2
1694,21,Morabadi,23.390876,85.3278238,2021-03-29,20:11:00,Monday,Clear,Main Road,High,Two-Wheeler,Serious,3
1695,21,Morabadi,23.390876,85.3278238,2023-12-11,08:53:00,Monday,Clear,Chowk/Intersection,High,Two-Wheeler,Minor,0
1699,21,Morabadi,23.390876,85.3278238,2021-12-01,18:34:00,Wednesday,Stormy,Chowk/Intersection,Medium,Car,Minor,1
1723,21,Morabadi,23.390876,85.3278238,2023-12-30,08:10:00,Saturday,Clear,Main Road,High,Two-Wheeler,Serious,1
1791,21,Morabadi,23.390876,85.3278238,2021-01-24,18:01:00,Sunday,Clear,Highway,High,Truck,Fatal,1
1814,21,Morabadi,23.390876,85.3278238,2025-10-22,19:06:00,Wednesday,Clear,Chowk/Intersection,Medium,Two-Wheeler,Minor,1
1832,21,Morabadi,23.390876,85.3278238,2025-01-03,20:06:00,Friday,Foggy,Residential Road,Low,Two-Wheeler,Serious,1
1844,21,Morabadi,23.390876,85.3278238,2025-03-03,17:56:00,Monday,Clear,Chowk/Intersection,Low,Two-Wheeler,Minor,0
1847,21,Morabadi,23.390876,85.3278238,2025-09-05,06:16:00,Friday,Clear,Chowk/Intersection,High,Two-Wheeler,Minor,0
1882,21,Morabadi,23.390876,85.3278238,2021-10-10,11:41:00,Sunday,Rainy,Highway,High,Car,Minor,1
1897,21,Morabadi,23.390876,85.3278238,2024-07-22,08:52:00,Monday,Clear,Residential Road,Low,Two-Wheeler,Minor,0
1911,21,Morabadi,23.390876,85.3278238,2023-10-07,17:34:00,Saturday,Clear,Main Road,Medium,Two-Wheeler,Serious,1
1920,21,Morabadi,23.390876,85.3278238,2024-05-22,22:03:00,Wednesday,Rainy,Chowk/Intersection,Low,Two-Wheeler,Minor,0
1923,21,Morabadi,23.390876,85.3278238,2025-12-17,19:24:00,Wednesday,Clear,Residential Road,High,Two-Wheeler,Minor,1
1926,21,Morabadi,23.390876,85.3278238,2024-07-11,08:13:00,Thursday,Clear,Residential Road,Medium,Two-Wheeler,Serious,2
1992,21,Morabadi,23.390876,85.3278238,2024-07-07,18:01:00,Sunday,Clear,Main Road,High,Two-Wheeler,Minor,0
2011,21,Morabadi,23.390876,85.3278238,2021-11-06,18:32:00,Saturday,Clear,Main Road,Medium,Bus,Minor,0
2021,21,Morabadi,23.390876,85.3278238,2024-03-22,07:13:00,Friday,Rainy,Residential Road,Medium,Truck,Minor,0
2047,21,Morabadi,23.390876,85.3278238,2025-06-07,06:18:00,Saturday,Stormy,Chowk/Intersection,High,Bus,Fatal,1
2056,21,Morabadi,23.390876,85.3278238,2022-10-03,07:17:00,Monday,Clear,Chowk/Intersection,Medium,Two-Wheeler,Fatal,1
2067,21,Morabadi,23.390876,85.3278238,2022-04-12,18:28:00,Tuesday,Clear,Chowk/Intersection,Medium,Two-Wheeler,Minor,1
2068,21,Morabadi,23.390876,85.3278238,2023-03-23,06:28:00,Thursday,Clear,Highway,Medium,Auto-Rickshaw,Serious,1
2071,21,Morabadi,23.390876,85.3278238,2023-07-15,16:32:00,Saturday,Clear,Main Road,High,Car,Minor,1
2087,21,Morabadi,23.390876,85.3278238,2022-06-14,17:33:00,Tuesday,Stormy,Chowk/Intersection,Low,Bus,Serious,1
2094,21,Morabadi,23.390876,85.3278238,2023-09-02,07:38:00,Saturday,Clear,Residential Road,Medium,Two-Wheeler,Fatal,1
2099,21,Morabadi,23.390876,85.3278238,2024-03-03,10:41:00,Sunday,Clear,Main Road,Low,Car,Fatal,1
2114,21,Morabadi,23.390876,85.3278238,2023-11-27,11:45:00,Monday,Clear,Main Road,Low,Two-Wheeler,Serious,1
2119,21,Morabadi,23.390876,85.3278238,2023-03-27,08:29:00,Monday,Clear,Residential Road,Medium,Two-Wheeler,Minor,0
2120,21,Morabadi,23.390876,85.3278238,2022-12-08,12:37:00,Thursday,Foggy,Residential Road,High,Two-Wheeler,Minor,0
2156,21,Morabadi,23.390876,85.3278238,2021-02-07,19:15:00,Sunday,Rainy,Main Road,Medium,Two-Wheeler,Minor,0
2167,21,Morabadi,23.390876,85.3278238,2021-07-25,09:34:00,Sunday,Clear,Chowk/Intersection,Low,Two-Wheeler,Fatal,1
2192,21,Morabadi,23.390876,85.3278238,2022-08-30,09:40:00,Tuesday,Clear,Chowk/Intersection,High,Two-Wheeler,Minor,1
2205,21,Morabadi,23.390876,85.3278238,2023-06-05,09:13:00,Monday,Rainy,Chowk/Intersection,High,Car,Minor,0
2248,21,Morabadi,23.390876,85.3278238,2022-11-03,20:22:00,Thursday,Clear,Residential Road,High,Two-Wheeler,Minor,0
2252,21,Morabadi,23.390876,85.3278238,2021-05-21,18:37:00,Friday,Foggy,Main Road,Low,Auto-Rickshaw,Minor,1
2279,21,Morabadi,23.390876,85.3278238,2021-11-09,06:29:00,Tuesday,Clear,Highway,Medium,Car,Fatal,1
2292,21,Morabadi,23.390876,85.3278238,2025-10-02,18:48:00,Thursday,Rainy,Chowk/Intersection,High,Two-Wheeler,Minor,1
2300,21,Morabadi,23.390876,85.3278238,2022-10-24,06:40:00,Monday,Rainy,Chowk/Intersection,Medium,Car,Serious,1
2308,21,Morabadi,23.390876,85.3278238,2024-07-09,09:27:00,Tuesday,Clear,Main Road,High,Car,Minor,1
2310,21,Morabadi,23.390876,85.3278238,2022-09-03,18:04:00,Saturday,Foggy,Main Road,Medium,Car,Serious,1
2333,21,Morabadi,23.390876,85.3278238,2025-07-26,06:17:00,Saturday,Clear,Chowk/Intersection,Low,Auto-Rickshaw,Minor,0
2341,21,Morabadi,23.390876,85.3278238,2025-05-16,11:43:00,Friday,Clear,Chowk/Intersection,Medium,Two-Wheeler,Serious,1
2353,21,Morabadi,23.390876,85.3278238,2022-05-16,20:46:00,Monday,Foggy,Chowk/Intersection,Low,Auto-Rickshaw,Minor,1
2354,21,Morabadi,23.390876,85.3278238,2021-01-26,09:03:00,Tuesday,Clear,Chowk/Intersection,High,Two-Wheeler,Minor,0
2411,21,Morabadi,23.390876,85.3278238,2021-07-08,09:53:00,Thursday,Foggy,Main Road,Medium,Two-Wheeler,Serious,1
2421,21,Morabadi,23.390876,85.3278238,2023-05-23,08:18:00,Tuesday,Stormy,Main Road,Medium,Truck,Serious,2
2431,21,Morabadi,23.390876,85.3278238,2025-11-18,19:10:00,Tuesday,Clear,Chowk/Intersection,Low,Two-Wheeler,Fatal,2
2432,21,Morabadi,23.390876,85.3278238,2021-11-14,08:34:00,Sunday,Clear,Chowk/Intersection,Low,Two-Wheeler,Minor,1
2436,21,Morabadi,23.390876,85.3278238,2025-05-16,17:59:00,Friday,Rainy,Chowk/Intersection,Medium,Two-Wheeler,Minor,1
2503,21,Morabadi,23.390876,85.3278238,2021-08-14,08:55:00,Saturday,Clear,Highway,Low,Two-Wheeler,Serious,1
2534,21,Morabadi,23.390876,85.3278238,2022-01-24,07:41:00,Monday,Clear,Main Road,Medium,Two-Wheeler,Minor,0
2565,21,Morabadi,23.390876,85.3278238,2025-12-01,05:31:00,Monday,Rainy,Highway,Medium,Two-Wheeler,Minor,1
2616,21,Morabadi,23.390876,85.3278238,2023-05-29,19:54:00,Monday,Clear,Main Road,Medium,Two-Wheeler,Minor,1
2622,21,Morabadi,23.390876,85.3278238,2021-03-07,21:34:00,Sunday,Clear,Chowk/Intersection,High,Two-Wheeler,Minor,0
2624,21,Morabadi,23.390876,85.3278238,2024-11-28,08:14:00,Thursday,Clear,Residential Road,Low,Truck,Serious,1
2644,21,Morabadi,23.390876,85.3278238,2021-06-01,08:31:00,Tuesday,Clear,Residential Road,Low,Two-Wheeler,Minor,1
2646,21,Morabadi,23.390876,85.3278238,2023-05-08,09:43:00,Monday,Foggy,Highway,High,Two-Wheeler,Minor,0
2654,21,Morabadi,23.390876,85.3278238,2024-08-30,17:42:00,Friday,Clear,Residential Road,Low,Car,Serious,2
2697,21,Morabadi,23.390876,85.3278238,2021-07-12,08:28:00,Monday,Clear,Chowk/Intersection,Medium,Two-Wheeler,Serious,1
2705,21,Morabadi,23.390876,85.3278238,2025-10-31,08:26:00,Friday,Clear,Chowk/Intersection,Medium,Truck,Minor,0
2709,21,Morabadi,23.390876,85.3278238,2021-04-20,08:10:00,Tuesday,Clear,Highway,Low,Auto-Rickshaw,Minor,1
2724,21,Morabadi,23.390876,85.3278238,2024-08-25,17:44:00,Sunday,Clear,Highway,High,Car,Minor,1
2731,21,Morabadi,23.390876,85.3278238,2025-06-10,19:14:00,Tuesday,Clear,Highway,High,Two-Wheeler,Serious,3
2741,21,Morabadi,23.390876,85.3278238,2023-02-25,09:17:00,Saturday,Clear,Chowk/Intersection,High,Two-Wheeler,Serious,2
2743,21,Morabadi,23.390876,85.3278238,2024-05-13,08:10:00,Monday,Clear,Main Road,Medium,Two-Wheeler,Minor,0
2763,21,Morabadi,23.390876,85.3278238,2025-01-30,08:41:00,Thursday,Clear,Chowk/Intersection,Medium,Truck,Minor,0
2796,21,Morabadi,23.390876,85.3278238,2024-10-31,19:42:00,Thursday,Foggy,Highway,Low,Car,Fatal,2
2814,21,Morabadi,23.390876,85.3278238,2022-09-28,18:55:00,Wednesday,Clear,Main Road,Low,Truck,Serious,1
2823,21,Morabadi,23.390876,85.3278238,2023-12-28,08:16:00,Thursday,Clear,Residential Road,Low,Car,Serious,1
2877,21,Morabadi,23.390876,85.3278238,2023-12-21,19:15:00,Thursday,Clear,Residential Road,High,Car,Minor,1
2879,21,Morabadi,23.390876,85.3278238,2025-09-11,07:48:00,Thursday,Clear,Highway,High,Two-Wheeler,Minor,0
2918,21,Morabadi,23.390876,85.3278238,2024-03-17,07:02:00,Sunday,Clear,Main Road,High,Two-Wheeler,Minor,1
2920,21,Morabadi,23.390876,85.3278238,2021-06-09,08:39:00,Wednesday,Rainy,Highway,Low,Two-Wheeler,Minor,0
2996,21,Morabadi,23.390876,85.3278238,2021-04-17,20:13:00,Saturday,Foggy,Main Road,Medium,Two-Wheeler,Minor,1
3000,21,Morabadi,23.390876,85.3278238,2023-11-02,07:30:00,Thursday,Clear,Highway,High,Bus,Serious,1
3019,21,Morabadi,23.390876,85.3278238,2021-12-16,19:14:00,Thursday,Clear,Residential Road,Medium,Bus,Minor,0
3051,21,Morabadi,23.390876,85.3278238,2022-10-24,16:43:00,Monday,Rainy,Main Road,High,Auto-Rickshaw,Minor,1
3060,21,Morabadi,23.390876,85.3278238,2022-07-22,09:13:00,Friday,Rainy,Highway,High,Auto-Rickshaw,Serious,1
3077,21,Morabadi,23.390876,85.3278238,2021-10-02,18:04:00,Saturday,Foggy,Highway,High,Bus,Minor,1
3079,21,Morabadi,23.390876,85.3278238,2021-05-30,08:18:00,Sunday,Clear,Chowk/Intersection,Medium,Two-Wheeler,Minor,0
3083,21,Morabadi,23.390876,85.3278238,2021-04-13,17:38:00,Tuesday,Rainy,Chowk/Intersection,Medium,Car,Minor,1
3128,21,Morabadi,23.390876,85.3278238,2021-04-03,10:05:00,Saturday,Clear,Chowk/Intersection,Low,Two-Wheeler,Serious,1
3146,21,Morabadi,23.390876,85.3278238,2023-07-23,16:00:00,Sunday,Clear,Highway,High,Auto-Rickshaw,Fatal,1
3167,21,Morabadi,23.390876,85.3278238,2025-01-09,04:42:00,Thursday,Rainy,Chowk/Intersection,High,Auto-Rickshaw,Fatal,1
3181,21,Morabadi,23.390876,85.3278238,2022-04-03,17:09:00,Sunday,Clear,Chowk/Intersection,Low,Car,Minor,0
3222,21,Morabadi,23.390876,85.3278238,2021-10-20,20:26:00,Wednesday,Clear,Highway,Low,Two-Wheeler,Minor,1
3227,21,Morabadi,23.390876,85.3278238,2024-08-19,09:19:00,Monday,Foggy,Chowk/Intersection,High,Truck,Minor,1
3267,21,Morabadi,23.390876,85.3278238,2025-04-16,19:08:00,Wednesday,Rainy,Residential Road,Medium,Two-Wheeler,Serious,1
3289,21,Morabadi,23.390876,85.3278238,2025-02-13,17:53:00,Thursday,Clear,Chowk/Intersection,Medium,Two-Wheeler,Fatal,1
3295,21,Morabadi,23.390876,85.3278238,2024-11-21,15:01:00,Thursday,Stormy,Residential Road,Low,Truck,Serious,1
3310,21,Morabadi,23.390876,85.3278238,2024-11-05,09:53:00,Tuesday,Clear,Main Road,Medium,Two-Wheeler,Minor,0
3319,21,Morabadi,23.390876,85.3278238,2024-07-07,07:43:00,Sunday,Clear,Main Road,Low,Car,Minor,0
3379,21,Morabadi,23.390876,85.3278238,2022-06-06,07:21:00,Monday,Rainy,Main Road,Medium,Two-Wheeler,Fatal,2
3403,21,Morabadi,23.390876,85.3278238,2022-12-08,19:44:00,Thursday,Rainy,Chowk/Intersection,High,Two-Wheeler,Fatal,2
3414,21,Morabadi,23.390876,85.3278238,2022-08-02,16:30:00,Tuesday,Clear,Main Road,Low,Bus,Fatal,3
3421,21,Morabadi,23.390876,85.3278238,2022-09-18,16:10:00,Sunday,Stormy,Main Road,Low,Car,Serious,3
3499,21,Morabadi,23.390876,85.3278238,2024-01-14,09:58:00,Sunday,Clear,Highway,High,Auto-Rickshaw,Minor,1
3513,21,Morabadi,23.390876,85.3278238,2022-06-08,10:59:00,Wednesday,Clear,Main Road,Low,Car,Minor,0
3523,21,Morabadi,23.390876,85.3278238,2024-01-18,20:19:00,Thursday,Clear,Chowk/Intersection,High,Two-Wheeler,Serious,2
3533,21,Morabadi,23.390876,85.3278238,2023-01-13,20:16:00,Friday,Clear,Highway,High,Two-Wheeler,Minor,0
3568,21,Morabadi,23.390876,85.3278238,2025-11-13,07:39:00,Thursday,Clear,Chowk/Intersection,High,Car,Serious,1
3573,21,Morabadi,23.390876,85.3278238,2024-08-01,08:50:00,Thursday,Clear,Highway,Medium,Two-Wheeler,Minor,0
3574,21,Morabadi,23.390876,85.3278238,2022-03-20,07:54:00,Sunday,Rainy,Main Road,High,Two-Wheeler,Minor,0
3583,21,Morabadi,23.390876,85.3278238,2024-05-08,20:45:00,Wednesday,Rainy,Chowk/Intersection,High,Car,Serious,1
3610,21,Morabadi,23.390876,85.3278238,2025-03-22,10:05:00,Saturday,Rainy,Residential Road,Low,Two-Wheeler,Fatal,3
3615,21,Morabadi,23.390876,85.3278238,2022-09-24,17:08:00,Saturday,Foggy,Chowk/Intersection,High,Car,Minor,0
3691,21,Morabadi,23.390876,85.3278238,2023-08-15,10:07:00,Tuesday,Clear,Highway,Medium,Auto-Rickshaw,Fatal,1
3699,21,Morabadi,23.390876,85.3278238,2025-06-24,09:21:00,Tuesday,Rainy,Main Road,Medium,Car,Minor,1
3785,21,Morabadi,23.390876,85.3278238,2024-03-14,08:31:00,Thursday,Clear,Main Road,Low,Car,Serious,2
3812,21,Morabadi,23.390876,85.3278238,2022-10-30,07:36:00,Sunday,Stormy,Chowk/Intersection,Medium,Truck,Serious,3
3823,21,Morabadi,23.390876,85.3278238,2023-09-19,08:57:00,Tuesday,Clear,Highway,Low,Two-Wheeler,Fatal,1
3829,21,Morabadi,23.390876,85.3278238,2025-04-12,09:29:00,Saturday,Clear,Chowk/Intersection,Medium,Truck,Serious,1
3854,21,Morabadi,23.390876,85.3278238,2024-12-13,15:40:00,Friday,Stormy,Chowk/Intersection,Medium,Two-Wheeler,Serious,3
3869,21,Morabadi,23.390876,85.3278238,2021-09-04,18:23:00,Saturday,Foggy,Main Road,High,Car,Fatal,1
3878,21,Morabadi,23.390876,85.3278238,2024-03-10,09:37:00,Sunday,Clear,Main Road,Low,Two-Wheeler,Serious,1
3885,21,Morabadi,23.390876,85.3278238,2022-11-19,17:00:00,Saturday,Clear,Highway,Medium,Auto-Rickshaw,Minor,0
3886,21,Morabadi,23.390876,85.3278238,2025-09-25,07:53:00,Thursday,Clear,Highway,Medium,Truck,Minor,0
3888,21,Morabadi,23.390876,85.3278238,2021-06-01,19:42:00,Tuesday,Clear,Chowk/Intersection,Medium,Two-Wheeler,Minor,0
3901,21,Morabadi,23.390876,85.3278238,2022-09-06,08:25:00,Tuesday,Clear,Chowk/Intersection,High,Two-Wheeler,Minor,0
3904,21,Morabadi,23.390876,85.3278238,2024-12-23,09:24:00,Monday,Rainy,Main Road,Low,Two-Wheeler,Minor,0
3911,21,Morabadi,23.390876,85.3278238,2024-05-28,10:16:00,Tuesday,Clear,Highway,High,Bus,Fatal,1
3933,21,Morabadi,23.390876,85.3278238,2024-12-17,20:27:00,Tuesday,Foggy,Highway,Medium,Truck,Fatal,3
3934,21,Morabadi,23.390876,85.3278238,2024-12-06,18:55:00,Friday,Foggy,Main Road,Low,Two-Wheeler,Serious,3
3936,21,Morabadi,23.390876,85.3278238,2021-03-15,20:23:00,Monday,Clear,Residential Road,High,Auto-Rickshaw,Minor,0
3949,21,Morabadi,23.390876,85.3278238,2025-06-11,17:12:00,Wednesday,Clear,Highway,Medium,Auto-Rickshaw,Minor,0
3950,21,Morabadi,23.390876,85.3278238,2023-04-30,09:04:00,Sunday,Foggy,Chowk/Intersection,High,Bus,Minor,1
3992,21,Morabadi,23.390876,85.3278238,2024-02-19,20:11:00,Monday,Foggy,Chowk/Intersection,Medium,Car,Fatal,1
3996,21,Morabadi,23.390876,85.3278238,2025-02-03,06:51:00,Monday,Foggy,Chowk/Intersection,High,Car,Serious,1
4000,21,Morabadi,23.390876,85.3278238,2024-11-22,19:35:00,Friday,Clear,Main Road,Medium,Two-Wheeler,Serious,1
4002,21,Morabadi,23.390876,85.3278238,2021-05-02,18:36:00,Sunday,Clear,Main Road,Low,Two-Wheeler,Fatal,2
4023,21,Morabadi,23.390876,85.3278238,2022-10-07,08:48:00,Friday,Foggy,Highway,Medium,Two-Wheeler,Minor,0
4050,21,Morabadi,23.390876,85.3278238,2025-07-29,09:01:00,Tuesday,Clear,Highway,Low,Auto-Rickshaw,Serious,2
4161,21,Morabadi,23.390876,85.3278238,2024-10-31,11:13:00,Thursday,Clear,Highway,High,Car,Minor,1
4168,21,Morabadi,23.390876,85.3278238,2023-01-13,09:42:00,Friday,Foggy,Residential Road,High,Two-Wheeler,Minor,1
4185,21,Morabadi,23.390876,85.3278238,2023-01-06,17:36:00,Friday,Clear,Main Road,Medium,Two-Wheeler,Serious,2
4187,21,Morabadi,23.390876,85.3278238,2025-03-04,07:11:00,Tuesday,Clear,Main Road,Medium,Two-Wheeler,Minor,0
4191,21,Morabadi,23.390876,85.3278238,2023-05-30,08:03:00,Tuesday,Rainy,Chowk/Intersection,Low,Two-Wheeler,Minor,1
4199,21,Morabadi,23.390876,85.3278238,2023-02-12,17:44:00,Sunday,Clear,Main Road,High,Two-Wheeler,Serious,1
4201,21,Morabadi,23.390876,85.3278238,2025-02-01,07:20:00,Saturday,Clear,Chowk/Intersection,High,Two-Wheeler,Minor,1
4217,21,Morabadi,23.390876,85.3278238,2022-03-17,09:48:00,Thursday,Clear,Main Road,Medium,Two-Wheeler,Minor,0
4220,21,Morabadi,23.390876,85.3278238,2021-12-10,11:11:00,Friday,Clear,Chowk/Intersection,High,Car,Minor,0
4240,21,Morabadi,23.390876,85.3278238,2025-07-11,19:21:00,Friday,Foggy,Chowk/Intersection,Medium,Car,Minor,1
4253,21,Morabadi,23.390876,85.3278238,2025-07-21,18:36:00,Monday,Clear,Main Road,Medium,Two-Wheeler,Serious,1
4272,21,Morabadi,23.390876,85.3278238,2023-03-11,17:03:00,Saturday,Clear,Residential Road,Low,Two-Wheeler,Fatal,1
4329,21,Morabadi,23.390876,85.3278238,2022-10-02,10:27:00,Sunday,Clear,Highway,Low,Two-Wheeler,Fatal,2
4355,21,Morabadi,23.390876,85.3278238,2024-12-05,19:20:00,Thursday,Clear,Highway,High,Truck,Fatal,1
4359,21,Morabadi,23.390876,85.3278238,2023-08-21,18:38:00,Monday,Rainy,Highway,Low,Car,Minor,0
4402,21,Morabadi,23.390876,85.3278238,2025-10-24,18:21:00,Friday,Rainy,Chowk/Intersection,Medium,Auto-Rickshaw,Minor,0
4407,21,Morabadi,23.390876,85.3278238,2021-10-02,19:51:00,Saturday,Clear,Highway,Medium,Two-Wheeler,Fatal,4
4415,21,Morabadi,23.390876,85.3278238,2022-01-21,09:00:00,Friday,Clear,Residential Road,Medium,Two-Wheeler,Minor,0
4431,21,Morabadi,23.390876,85.3278238,2025-02-10,11:01:00,Monday,Clear,Chowk/Intersection,Low,Bus,Minor,0
4455,21,Morabadi,23.390876,85.3278238,2022-12-01,20:29:00,Thursday,Foggy,Chowk/Intersection,Medium,Auto-Rickshaw,Minor,0
4481,21,Morabadi,23.390876,85.3278238,2021-11-21,21:27:00,Sunday,Clear,Main Road,Medium,Car,Fatal,1
4511,21,Morabadi,23.390876,85.3278238,2023-01-01,18:11:00,Sunday,Clear,Chowk/Intersection,High,Two-Wheeler,Minor,1
4523,21,Morabadi,23.390876,85.3278238,2021-02-26,17:07:00,Friday,Foggy,Main Road,Medium,Two-Wheeler,Minor,0
4536,21,Morabadi,23.390876,85.3278238,2023-09-26,09:17:00,Tuesday,Rainy,Chowk/Intersection,High,Two-Wheeler,Minor,1
4650,21,Morabadi,23.390876,85.3278238,2022-08-01,22:27:00,Monday,Clear,Residential Road,Medium,Car,Minor,0
4657,21,Morabadi,23.390876,85.3278238,2024-12-12,20:37:00,Thursday,Clear,Residential Road,High,Car,Serious,2
4667,21,Morabadi,23.390876,85.3278238,2023-05-03,16:25:00,Wednesday,Clear,Chowk/Intersection,Medium,Car,Fatal,1
4672,21,Morabadi,23.390876,85.3278238,2023-03-19,08:45:00,Sunday,Clear,Highway,High,Two-Wheeler,Minor,0
4717,21,Morabadi,23.390876,85.3278238,2024-08-07,20:43:00,Wednesday,Clear,Highway,Medium,Truck,Serious,1
4748,21,Morabadi,23.390876,85.3278238,2023-04-24,08:31:00,Monday,Stormy,Highway,Medium,Two-Wheeler,Minor,0
4762,21,Morabadi,23.390876,85.3278238,2022-01-11,05:33:00,Tuesday,Clear,Residential Road,Medium,Auto-Rickshaw,Minor,0
4828,21,Morabadi,23.390876,85.3278238,2021-09-02,18:14:00,Thursday,Rainy,Main Road,High,Car,Minor,0
4829,21,Morabadi,23.390876,85.3278238,2025-11-24,10:12:00,Monday,Clear,Chowk/Intersection,High,Car,Minor,0
4834,21,Morabadi,23.390876,85.3278238,2024-08-01,19:09:00,Thursday,Stormy,Residential Road,Low,Auto-Rickshaw,Serious,3
4849,21,Morabadi,23.390876,85.3278238,2022-05-25,18:54:00,Wednesday,Clear,Residential Road,High,Two-Wheeler,Minor,0
4880,21,Morabadi,23.390876,85.3278238,2022-12-22,09:52:00,Thursday,Clear,Chowk/Intersection,High,Car,Minor,1
4913,21,Morabadi,23.390876,85.3278238,2024-06-06,08:34:00,Thursday,Rainy,Residential Road,Low,Car,Minor,0
4942,21,Morabadi,23.390876,85.3278238,2023-09-27,19:00:00,Wednesday,Foggy,Chowk/Intersection,High,Two-Wheeler,Fatal,1
4991,21,Morabadi,23.390876,85.3278238,2024-08-12,16:35:00,Monday,Rainy,Highway,Medium,Two-Wheeler,Minor,0
5005,21,Morabadi,23.390876,85.3278238,2024-01-08,10:51:00,Monday,Clear,Chowk/Intersection,High,Two-Wheeler,Minor,0
5026,21,Morabadi,23.390876,85.3278238,2022-09-08,09:16:00,Thursday,Clear,Chowk/Intersection,Low,Two-Wheeler,Minor,0
5041,21,Morabadi,23.390876,85.3278238,2022-08-27,09:24:00,Saturday,Foggy,Highway,Low,Two-Wheeler,Serious,2
5074,21,Morabadi,23.390876,85.3278238,2024-09-09,08:49:00,Monday,Clear,Residential Road,Medium,Car,Minor,0
5086,21,Morabadi,23.390876,85.3278238,2023-01-13,09:11:00,Friday,Clear,Highway,Medium,Two-Wheeler,Serious,1
5087,21,Morabadi,23.390876,85.3278238,2025-08-25,07:17:00,Monday,Clear,Highway,Medium,Car,Serious,1
5108,21,Morabadi,23.390876,85.3278238,2021-04-29,09:00:00,Thursday,Rainy,Chowk/Intersection,Medium,Two-Wheeler,Minor,1
5139,21,Morabadi,23.390876,85.3278238,2021-03-30,21:01:00,Tuesday,Rainy,Chowk/Intersection,Medium,Two-Wheeler,Minor,1
5157,21,Morabadi,23.390876,85.3278238,2025-12-01,20:33:00,Monday,Clear,Main Road,High,Two-Wheeler,Minor,0
5161,21,Morabadi,23.390876,85.3278238,2024-01-21,08:14:00,Sunday,Clear,Highway,Medium,Car,Fatal,1
5165,21,Morabadi,23.390876,85.3278238,2022-10-11,17:21:00,Tuesday,Clear,Main Road,Medium,Bus,Serious,2
5178,21,Morabadi,23.390876,85.3278238,2022-12-30,19:37:00,Friday,Clear,Residential Road,High,Truck,Serious,2
5180,21,Morabadi,23.390876,85.3278238,2024-09-02,18:31:00,Monday,Foggy,Highway,High,Two-Wheeler,Minor,1
5210,21,Morabadi,23.390876,85.3278238,2024-04-25,10:41:00,Thursday,Clear,Chowk/Intersection,Medium,Auto-Rickshaw,Serious,3
5212,21,Morabadi,23.390876,85.3278238,2025-01-31,15:09:00,Friday,Clear,Main Road,Low,Two-Wheeler,Serious,1
5222,21,Morabadi,23.390876,85.3278238,2023-11-30,10:17:00,Thursday,Foggy,Chowk/Intersection,High,Car,Serious,3
5267,21,Morabadi,23.390876,85.3278238,2024-06-27,09:33:00,Thursday,Clear,Highway,Medium,Two-Wheeler,Minor,0
5279,21,Morabadi,23.390876,85.3278238,2022-09-18,11:16:00,Sunday,Clear,Chowk/Intersection,High,Two-Wheeler,Minor,1
5290,21,Morabadi,23.390876,85.3278238,2023-07-06,09:35:00,Thursday,Clear,Main Road,Low,Two-Wheeler,Serious,1
5299,21,Morabadi,23.390876,85.3278238,2022-03-08,19:48:00,Tuesday,Stormy,Residential Road,High,Two-Wheeler,Serious,1
5307,21,Morabadi,23.390876,85.3278238,2022-12-13,17:47:00,Tuesday,Clear,Chowk/Intersection,High,Car,Serious,1
5314,21,Morabadi,23.390876,85.3278238,2023-11-10,15:26:00,Friday,Clear,Chowk/Intersection,Low,Two-Wheeler,Minor,0
5318,21,Morabadi,23.390876,85.3278238,2025-06-29,19:28:00,Sunday,Clear,Highway,Low,Car,Minor,1
5328,21,Morabadi,23.390876,85.3278238,2024-08-26,18:48:00,Monday,Clear,Main Road,Medium,Car,Fatal,1
5329,21,Morabadi,23.390876,85.3278238,2023-02-25,18:04:00,Saturday,Clear,Chowk/Intersection,Medium,Car,Minor,0
5330,21,Morabadi,23.390876,85.3278238,2024-04-07,17:52:00,Sunday,Stormy,Chowk/Intersection,Medium,Car,Minor,0
5342,21,Morabadi,23.390876,85.3278238,2024-11-17,07:24:00,Sunday,Clear,Chowk/Intersection,High,Two-Wheeler,Minor,0
5350,21,Morabadi,23.390876,85.3278238,2021-12-28,07:36:00,Tuesday,Clear,Highway,High,Auto-Rickshaw,Fatal,1
5365,21,Morabadi,23.390876,85.3278238,2021-01-12,20:50:00,Tuesday,Clear,Chowk/Intersection,High,Bus,Minor,0
5373,21,Morabadi,23.390876,85.3278238,2022-08-05,19:46:00,Friday,Clear,Main Road,Medium,Bus,Minor,0
5393,21,Morabadi,23.390876,85.3278238,2023-09-10,13:29:00,Sunday,Clear,Main Road,Low,Bus,Serious,2
5450,21,Morabadi,23.390876,85.3278238,2022-07-27,08:02:00,Wednesday,Clear,Residential Road,High,Auto-Rickshaw,Serious,3
5468,21,Morabadi,23.390876,85.3278238,2021-03-05,08:31:00,Friday,Clear,Chowk/Intersection,Medium,Bus,Minor,0
5472,21,Morabadi,23.390876,85.3278238,2021-09-19,17:02:00,Sunday,Clear,Chowk/Intersection,Medium,Two-Wheeler,Minor,0
5495,21,Morabadi,23.390876,85.3278238,2023-09-22,09:24:00,Friday,Clear,Residential Road,High,Car,Serious,2
5504,21,Morabadi,23.390876,85.3278238,2024-04-11,08:46:00,Thursday,Clear,Residential Road,Low,Two-Wheeler,Serious,3
5534,21,Morabadi,23.390876,85.3278238,2025-12-24,09:11:00,Wednesday,Clear,Main Road,Low,Two-Wheeler,Serious,2
5558,21,Morabadi,23.390876,85.3278238,2021-06-12,19:32:00,Saturday,Rainy,Main Road,Medium,Car,Fatal,2
5572,21,Morabadi,23.390876,85.3278238,2025-03-31,10:58:00,Monday,Rainy,Chowk/Intersection,Medium,Auto-Rickshaw,Minor,0
5602,21,Morabadi,23.390876,85.3278238,2023-08-10,20:08:00,Thursday,Clear,Chowk/Intersection,Low,Two-Wheeler,Minor,1
5620,21,Morabadi,23.390876,85.3278238,2025-08-24,19:12:00,Sunday,Foggy,Chowk/Intersection,Medium,Two-Wheeler,Minor,0
5641,21,Morabadi,23.390876,85.3278238,2025-07-11,07:06:00,Friday,Rainy,Main Road,Medium,Two-Wheeler,Minor,1
5656,21,Morabadi,23.390876,85.3278238,2024-01-07,12:25:00,Sunday,Rainy,Residential Road,Medium,Auto-Rickshaw,Minor,0
5672,21,Morabadi,23.390876,85.3278238,2022-01-19,09:49:00,Wednesday,Clear,Residential Road,High,Two-Wheeler,Minor,0
5673,21,Morabadi,23.390876,85.3278238,2022-11-04,19:59:00,Friday,Rainy,Main Road,Medium,Car,Serious,2
5702,21,Morabadi,23.390876,85.3278238,2025-10-19,19:41:00,Sunday,Clear,Main Road,Medium,Two-Wheeler,Minor,1
5719,21,Morabadi,23.390876,85.3278238,2025-04-16,17:16:00,Wednesday,Rainy,Chowk/Intersection,Low,Auto-Rickshaw,Minor,1
5723,21,Morabadi,23.390876,85.3278238,2021-11-12,10:29:00,Friday,Foggy,Chowk/Intersection,Low,Car,Minor,0
5736,21,Morabadi,23.390876,85.3278238,2023-05-08,17:57:00,Monday,Rainy,Residential Road,Low,Two-Wheeler,Serious,2
5748,21,Morabadi,23.390876,85.3278238,2021-06-10,17:51:00,Thursday,Rainy,Highway,High,Two-Wheeler,Fatal,1
5780,21,Morabadi,23.390876,85.3278238,2024-01-27,08:23:00,Saturday,Clear,Residential Road,Medium,Car,Minor,0
5793,21,Morabadi,23.390876,85.3278238,2021-06-09,16:11:00,Wednesday,Clear,Chowk/Intersection,High,Auto-Rickshaw,Minor,0
5815,21,Morabadi,23.390876,85.3278238,2023-05-28,19:08:00,Sunday,Foggy,Chowk/Intersection,High,Two-Wheeler,Serious,1
5845,21,Morabadi,23.390876,85.3278238,2023-10-08,19:39:00,Sunday,Clear,Chowk/Intersection,High,Two-Wheeler,Minor,0
5876,21,Morabadi,23.390876,85.3278238,2021-09-23,19:54:00,Thursday,Clear,Main Road,High,Two-Wheeler,Serious,1
5885,21,Morabadi,23.390876,85.3278238,2022-05-04,16:17:00,Wednesday,Clear,Highway,Medium,Two-Wheeler,Fatal,2
5915,21,Morabadi,23.390876,85.3278238,2025-01-08,10:20:00,Wednesday,Foggy,Chowk/Intersection,Low,Two-Wheeler,Serious,2
5944,21,Morabadi,23.390876,85.3278238,2023-08-23,19:32:00,Wednesday,Stormy,Highway,Low,Car,Serious,1
5966,21,Morabadi,23.390876,85.3278238,2025-08-15,17:47:00,Friday,Clear,Main Road,Medium,Car,Minor,0
5972,21,Morabadi,23.390876,85.3278238,2024-05-05,10:16:00,Sunday,Clear,Main Road,High,Two-Wheeler,Minor,0
5976,21,Morabadi,23.390876,85.3278238,2025-05-09,18:44:00,Friday,Rainy,Main Road,Medium,Car,Serious,1
5988,21,Morabadi,23.390876,85.3278238,2025-02-26,11:12:00,Wednesday,Clear,Highway,Low,Bus,Minor,0
5991,21,Morabadi,23.390876,85.3278238,2025-01-07,18:49:00,Tuesday,Clear,Highway,Medium,Two-Wheeler,Minor,1
6025,21,Morabadi,23.390876,85.3278238,2025-08-31,10:51:00,Sunday,Rainy,Residential Road,Low,Truck,Serious,1
6044,21,Morabadi,23.390876,85.3278238,2021-09-05,18:50:00,Sunday,Clear,Chowk/Intersection,High,Two-Wheeler,Minor,0
6070,21,Morabadi,23.390876,85.3278238,2022-03-14,15:48:00,Monday,Clear,Residential Road,Low,Auto-Rickshaw,Minor,0
6089,21,Morabadi,23.390876,85.3278238,2025-10-30,10:59:00,Thursday,Clear,Main Road,Medium,Car,Minor,0
6104,21,Morabadi,23.390876,85.3278238,2023-05-03,19:42:00,Wednesday,Clear,Main Road,Medium,Auto-Rickshaw,Minor,1
6137,21,Morabadi,23.390876,85.3278238,2023-08-02,07:35:00,Wednesday,Stormy,Main Road,High,Auto-Rickshaw,Serious,2
6141,21,Morabadi,23.390876,85.3278238,2021-06-17,07:27:00,Thursday,Clear,Highway,Low,Car,Serious,1
6167,21,Morabadi,23.390876,85.3278238,2021-05-26,08:19:00,Wednesday,Stormy,Highway,Low,Two-Wheeler,Serious,1
6170,21,Morabadi,23.390876,85.3278238,2023-08-11,20:50:00,Friday,Clear,Chowk/Intersection,High,Two-Wheeler,Minor,0
6175,21,Morabadi,23.390876,85.3278238,2025-01-27,07:07:00,Monday,Clear,Highway,Low,Two-Wheeler,Fatal,1
6194,21,Morabadi,23.390876,85.3278238,2021-01-13,18:08:00,Wednesday,Rainy,Highway,Medium,Car,Minor,1
6212,21,Morabadi,23.390876,85.3278238,2025-01-20,08:40:00,Monday,Clear,Main Road,Low,Truck,Minor,0
6215,21,Morabadi,23.390876,85.3278238,2025-04-11,20:49:00,Friday,Rainy,Residential Road,Low,Auto-Rickshaw,Minor,0
6221,21,Morabadi,23.390876,85.3278238,2021-06-03,20:31:00,Thursday,Clear,Main Road,Medium,Auto-Rickshaw,Minor,1
6223,21,Morabadi,23.390876,85.3278238,2022-08-22,17:22:00,Monday,Foggy,Main Road,High,Two-Wheeler,Serious,1
6225,21,Morabadi,23.390876,85.3278238,2024-02-23,10:23:00,Friday,Clear,Residential Road,Medium,Auto-Rickshaw,Minor,0
6268,21,Morabadi,23.390876,85.3278238,2023-09-30,19:49:00,Saturday,Clear,Main Road,High,Car,Minor,0
6274,21,Morabadi,23.390876,85.3278238,2024-04-25,13:45:00,Thursday,Clear,Highway,Medium,Two-Wheeler,Minor,1
6291,21,Morabadi,23.390876,85.3278238,2024-04-16,09:16:00,Tuesday,Clear,Highway,High,Two-Wheeler,Minor,0
6312,21,Morabadi,23.390876,85.3278238,2024-10-18,09:06:00,Friday,Clear,Highway,Medium,Two-Wheeler,Minor,0
6341,21,Morabadi,23.390876,85.3278238,2022-12-30,17:21:00,Friday,Rainy,Residential Road,Medium,Auto-Rickshaw,Serious,3
6354,21,Morabadi,23.390876,85.3278238,2025-06-21,06:25:00,Saturday,Clear,Main Road,Medium,Car,Minor,0
6392,21,Morabadi,23.390876,85.3278238,2024-06-14,17:08:00,Friday,Clear,Chowk/Intersection,Medium,Two-Wheeler,Serious,2
6440,21,Morabadi,23.390876,85.3278238,2024-11-20,08:53:00,Wednesday,Rainy,Highway,Low,Two-Wheeler,Serious,2
6448,21,Morabadi,23.390876,85.3278238,2025-01-17,18:13:00,Friday,Rainy,Main Road,Low,Auto-Rickshaw,Minor,1
6473,21,Morabadi,23.390876,85.3278238,2022-03-07,10:50:00,Monday,Clear,Highway,Low,Two-Wheeler,Serious,1
6513,21,Morabadi,23.390876,85.3278238,2025-06-27,09:45:00,Friday,Clear,Main Road,Low,Bus,Serious,2
6559,21,Morabadi,23.390876,85.3278238,2024-02-12,08:43:00,Monday,Clear,Residential Road,High,Two-Wheeler,Serious,1
6599,21,Morabadi,23.390876,85.3278238,2024-06-13,10:49:00,Thursday,Clear,Chowk/Intersection,High,Car,Serious,2
6600,21,Morabadi,23.390876,85.3278238,2024-09-05,09:28:00,Thursday,Clear,Main Road,Low,Two-Wheeler,Serious,1
6608,21,Morabadi,23.390876,85.3278238,2025-05-19,18:35:00,Monday,Clear,Chowk/Intersection,Low,Two-Wheeler,Fatal,2
6664,21,Morabadi,23.390876,85.3278238,2025-12-10,08:12:00,Wednesday,Foggy,Main Road,Medium,Two-Wheeler,Minor,0
6672,21,Morabadi,23.390876,85.3278238,2024-05-22,09:59:00,Wednesday,Clear,Chowk/Intersection,High,Two-Wheeler,Minor,0
6673,21,Morabadi,23.390876,85.3278238,2022-11-29,07:01:00,Tuesday,Clear,Highway,Low,Two-Wheeler,Serious,1
6675,21,Morabadi,23.390876,85.3278238,2022-03-09,12:11:00,Wednesday,Rainy,Main Road,Low,Truck,Fatal,2
6685,21,Morabadi,23.390876,85.3278238,2024-06-13,17:44:00,Thursday,Clear,Chowk/Intersection,Medium,Two-Wheeler,Serious,3
6689,21,Morabadi,23.390876,85.3278238,2024-05-07,06:36:00,Tuesday,Foggy,Chowk/Intersection,Medium,Two-Wheeler,Serious,3
6695,21,Morabadi,23.390876,85.3278238,2023-10-07,11:13:00,Saturday,Rainy,Main Road,Medium,Two-Wheeler,Serious,3
6713,21,Morabadi,23.390876,85.3278238,2025-08-12,17:45:00,Tuesday,Clear,Chowk/Intersection,High,Two-Wheeler,Minor,1
6739,21,Morabadi,23.390876,85.3278238,2022-03-25,23:16:00,Friday,Clear,Chowk/Intersection,High,Two-Wheeler,Minor,1
6744,21,Morabadi,23.390876,85.3278238,2024-07-05,08:50:00,Friday,Stormy,Highway,Medium,Two-Wheeler,Minor,0
6766,21,Morabadi,23.390876,85.3278238,2025-05-31,20:04:00,Saturday,Clear,Chowk/Intersection,Medium,Truck,Serious,1
6767,21,Morabadi,23.390876,85.3278238,2023-10-28,08:56:00,Saturday,Foggy,Residential Road,Low,Two-Wheeler,Minor,1
6773,21,Morabadi,23.390876,85.3278238,2023-09-09,16:59:00,Saturday,Clear,Chowk/Intersection,Medium,Two-Wheeler,Minor,0
6789,21,Morabadi,23.390876,85.3278238,2023-02-01,20:09:00,Wednesday,Clear,Chowk/Intersection,Medium,Two-Wheeler,Minor,0
6790,21,Morabadi,23.390876,85.3278238,2021-08-05,19:15:00,Thursday,Stormy,Main Road,Medium,Auto-Rickshaw,Serious,1
6795,21,Morabadi,23.390876,85.3278238,2023-07-31,09:01:00,Monday,Clear,Residential Road,Low,Car,Serious,3
6803,21,Morabadi,23.390876,85.3278238,2024-08-24,19:09:00,Saturday,Clear,Highway,High,Two-Wheeler,Minor,1
6804,21,Morabadi,23.390876,85.3278238,2021-08-17,17:26:00,Tuesday,Clear,Chowk/Intersection,Low,Car,Minor,1
6883,21,Morabadi,23.390876,85.3278238,2025-12-30,06:28:00,Tuesday,Clear,Main Road,Medium,Two-Wheeler,Serious,2
6896,21,Morabadi,23.390876,85.3278238,2022-07-22,11:48:00,Friday,Clear,Chowk/Intersection,Medium,Truck,Minor,1
7011,21,Morabadi,23.390876,85.3278238,2025-03-05,09:06:00,Wednesday,Foggy,Highway,Medium,Two-Wheeler,Serious,3
7019,21,Morabadi,23.390876,85.3278238,2021-05-08,07:00:00,Saturday,Clear,Residential Road,Low,Auto-Rickshaw,Minor,0
7023,21,Morabadi,23.390876,85.3278238,2023-08-13,18:09:00,Sunday,Clear,Chowk/Intersection,Medium,Two-Wheeler,Minor,1
7034,21,Morabadi,23.390876,85.3278238,2024-01-09,19:23:00,Tuesday,Clear,Highway,High,Two-Wheeler,Minor,0
7048,21,Morabadi,23.390876,85.3278238,2025-08-20,09:57:00,Wednesday,Clear,Residential Road,Medium,Bus,Serious,2
7057,21,Morabadi,23.390876,85.3278238,2023-11-23,21:35:00,Thursday,Stormy,Residential Road,Low,Two-Wheeler,Serious,2
7066,21,Morabadi,23.390876,85.3278238,2021-06-29,06:14:00,Tuesday,Clear,Main Road,High,Car,Serious,2
7070,21,Morabadi,23.390876,85.3278238,2022-12-10,20:36:00,Saturday,Clear,Chowk/Intersection,High,Auto-Rickshaw,Minor,0
7100,21,Morabadi,23.390876,85.3278238,2024-04-17,09:58:00,Wednesday,Clear,Chowk/Intersection,High,Two-Wheeler,Serious,1
7145,21,Morabadi,23.390876,85.3278238,2022-03-14,10:38:00,Monday,Clear,Highway,Medium,Two-Wheeler,Minor,0
7150,21,Morabadi,23.390876,85.3278238,2024-02-29,18:36:00,Thursday,Foggy,Chowk/Intersection,Medium,Car,Serious,3
7152,21,Morabadi,23.390876,85.3278238,2021-02-06,17:20:00,Saturday,Rainy,Main Road,Low,Two-Wheeler,Fatal,1
7176,21,Morabadi,23.390876,85.3278238,2025-11-26,10:08:00,Wednesday,Clear,Residential Road,High,Two-Wheeler,Minor,0
7182,21,Morabadi,23.390876,85.3278238,2021-04-28,11:20:00,Wednesday,Rainy,Residential Road,Low,Auto-Rickshaw,Minor,1
7189,21,Morabadi,23.390876,85.3278238,2023-02-26,07:39:00,Sunday,Clear,Chowk/Intersection,High,Two-Wheeler,Minor,0
7217,21,Morabadi,23.390876,85.3278238,2025-01-29,18:43:00,Wednesday,Clear,Highway,High,Car,Minor,0
7240,21,Morabadi,23.390876,85.3278238,2024-08-18,18:19:00,Sunday,Clear,Main Road,Low,Two-Wheeler,Serious,3
7253,21,Morabadi,23.390876,85.3278238,2022-10-18,18:10:00,Tuesday,Rainy,Chowk/Intersection,High,Auto-Rickshaw,Minor,0
7264,21,Morabadi,23.390876,85.3278238,2024-06-24,07:50:00,Monday,Foggy,Chowk/Intersection,Medium,Truck,Minor,1
7295,21,Morabadi,23.390876,85.3278238,2021-04-06,16:36:00,Tuesday,Clear,Residential Road,Low,Car,Serious,1
7317,21,Morabadi,23.390876,85.3278238,2023-07-16,10:13:00,Sunday,Clear,Main Road,High,Car,Serious,1
7396,21,Morabadi,23.390876,85.3278238,2023-07-17,17:34:00,Monday,Clear,Chowk/Intersection,Medium,Truck,Minor,1
7490,21,Morabadi,23.390876,85.3278238,2025-06-17,08:58:00,Tuesday,Stormy,Main Road,Medium,Car,Serious,3
7493,21,Morabadi,23.390876,85.3278238,2024-08-08,10:55:00,Thursday,Clear,Chowk/Intersection,High,Two-Wheeler,Minor,0
7496,21,Morabadi,23.390876,85.3278238,2022-09-05,17:40:00,Monday,Clear,Main Road,Medium,Auto-Rickshaw,Minor,1
7497,21,Morabadi,23.390876,85.3278238,2025-11-23,09:06:00,Sunday,Clear,Chowk/Intersection,Medium,Two-Wheeler,Minor,1
7498,21,Morabadi,23.390876,85.3278238,2021-05-28,17:28:00,Friday,Clear,Highway,High,Auto-Rickshaw,Minor,0
7503,21,Morabadi,23.390876,85.3278238,2025-05-08,08:52:00,Thursday,Rainy,Residential Road,Low,Auto-Rickshaw,Minor,1
7524,21,Morabadi,23.390876,85.3278238,2024-02-15,08:26:00,Thursday,Clear,Chowk/Intersection,Low,Auto-Rickshaw,Minor,1
7527,21,Morabadi,23.390876,85.3278238,2022-06-13,19:29:00,Monday,Clear,Chowk/Intersection,Medium,Car,Minor,1
7538,21,Morabadi,23.390876,85.3278238,2022-01-22,09:21:00,Saturday,Rainy,Main Road,High,Car,Minor,0
7566,21,Morabadi,23.390876,85.3278238,2022-08-15,08:05:00,Monday,Clear,Chowk/Intersection,Medium,Two-Wheeler,Minor,0
7567,21,Morabadi,23.390876,85.3278238,2023-01-03,08:10:00,Tuesday,Clear,Highway,Medium,Auto-Rickshaw,Serious,3
7573,21,Morabadi,23.390876,85.3278238,2025-11-21,08:41:00,Friday,Clear,Chowk/Intersection,Low,Two-Wheeler,Minor,1
7578,21,Morabadi,23.390876,85.3278238,2024-01-07,19:26:00,Sunday,Rainy,Chowk/Intersection,Medium,Truck,Serious,3
7625,21,Morabadi,23.390876,85.3278238,2021-11-09,20:19:00,Tuesday,Clear,Chowk/Intersection,Medium,Two-Wheeler,Minor,0
7641,21,Morabadi,23.390876,85.3278238,2021-02-27,09:52:00,Saturday,Clear,Chowk/Intersection,Low,Auto-Rickshaw,Serious,2
7649,21,Morabadi,23.390876,85.3278238,2022-11-26,18:05:00,Saturday,Clear,Main Road,Medium,Two-Wheeler,Minor,0
7653,21,Morabadi,23.390876,85.3278238,2021-12-27,15:53:00,Monday,Clear,Main Road,Medium,Auto-Rickshaw,Fatal,1
7694,21,Morabadi,23.390876,85.3278238,2025-08-02,05:43:00,Saturday,Clear,Highway,High,Car,Minor,0
7704,21,Morabadi,23.390876,85.3278238,2024-07-22,05:06:00,Monday,Clear,Main Road,Low,Auto-Rickshaw,Minor,1
7705,21,Morabadi,23.390876,85.3278238,2022-01-05,19:28:00,Wednesday,Rainy,Chowk/Intersection,Medium,Two-Wheeler,Minor,1
7718,21,Morabadi,23.390876,85.3278238,2023-04-28,09:05:00,Friday,Clear,Residential Road,High,Bus,Serious,1
7810,21,Morabadi,23.390876,85.3278238,2025-06-03,08:48:00,Tuesday,Clear,Residential Road,Medium,Two-Wheeler,Serious,2
7887,21,Morabadi,23.390876,85.3278238,2024-01-14,19:09:00,Sunday,Clear,Main Road,High,Two-Wheeler,Minor,0
7901,21,Morabadi,23.390876,85.3278238,2021-08-09,15:36:00,Monday,Clear,Residential Road,High,Auto-Rickshaw,Fatal,3
7907,21,Morabadi,23.390876,85.3278238,2023-04-26,17:11:00,Wednesday,Clear,Chowk/Intersection,Medium,Two-Wheeler,Minor,0
7911,21,Morabadi,23.390876,85.3278238,2024-10-15,18:47:00,Tuesday,Rainy,Highway,Medium,Bus,Fatal,1
7913,21,Morabadi,23.390876,85.3278238,2024-11-24,19:22:00,Sunday,Clear,Residential Road,High,Two-Wheeler,Minor,0
7918,21,Morabadi,23.390876,85.3278238,2021-01-06,09:18:00,Wednesday,Clear,Residential Road,Medium,Auto-Rickshaw,Fatal,3
7931,21,Morabadi,23.390876,85.3278238,2022-08-07,17:42:00,Sunday,Rainy,Residential Road,Medium,Auto-Rickshaw,Minor,0
7932,21,Morabadi,23.390876,85.3278238,2021-07-02,16:38:00,Friday,Clear,Main Road,Low,Truck,Minor,0
98,22,Karamtoli Road,23.3789004,85.3251979,2023-09-09,10:27:00,Saturday,Clear,Main Road,Medium,Two-Wheeler,Serious,3
124,22,Karamtoli Road,23.3789004,85.3251979,2025-02-02,07:18:00,Sunday,Clear,Chowk/Intersection,Low,Two-Wheeler,Fatal,1
154,22,Karamtoli Road,23.3789004,85.3251979,2023-05-18,15:56:00,Thursday,Rainy,Main Road,Medium,Car,Fatal,1
243,22,Karamtoli Road,23.3789004,85.3251979,2022-10-24,18:46:00,Monday,Clear,Main Road,Low,Bus,Serious,1
408,22,Karamtoli Road,23.3789004,85.3251979,2022-12-13,16:45:00,Tuesday,Foggy,Chowk/Intersection,High,Bus,Minor,0
435,22,Karamtoli Road,23.3789004,85.3251979,2023-10-12,11:51:00,Thursday,Clear,Main Road,High,Two-Wheeler,Minor,0
458,22,Karamtoli Road,23.3789004,85.3251979,2021-03-31,17:45:00,Wednesday,Clear,Chowk/Intersection,High,Auto-Rickshaw,Serious,1
615,22,Karamtoli Road,23.3789004,85.3251979,2023-01-18,17:07:00,Wednesday,Clear,Highway,Low,Two-Wheeler,Fatal,4
632,22,Karamtoli Road,23.3789004,85.3251979,2022-06-23,10:23:00,Thursday,Clear,Main Road,Medium,Two-Wheeler,Minor,1
669,22,Karamtoli Road,23.3789004,85.3251979,2024-02-21,20:25:00,Wednesday,Clear,Main Road,Low,Auto-Rickshaw,Serious,2
754,22,Karamtoli Road,23.3789004,85.3251979,2023-04-20,10:35:00,Thursday,Rainy,Main Road,Medium,Auto-Rickshaw,Minor,1
833,22,Karamtoli Road,23.3789004,85.3251979,2025-10-13,08:03:00,Monday,Foggy,Residential Road,High,Two-Wheeler,Fatal,1
870,22,Karamtoli Road,23.3789004,85.3251979,2021-08-29,18:31:00,Sunday,Clear,Chowk/Intersection,High,Two-Wheeler,Minor,0
937,22,Karamtoli Road,23.3789004,85.3251979,2024-05-25,19:53:00,Saturday,Rainy,Highway,Medium,Two-Wheeler,Serious,1
1042,22,Karamtoli Road,23.3789004,85.3251979,2021-01-07,11:10:00,Thursday,Foggy,Chowk/Intersection,Low,Car,Serious,2
1053,22,Karamtoli Road,23.3789004,85.3251979,2025-07-06,09:12:00,Sunday,Rainy,Main Road,High,Car,Minor,1
1071,22,Karamtoli Road,23.3789004,85.3251979,2022-06-30,18:45:00,Thursday,Rainy,Main Road,High,Truck,Minor,0
1204,22,Karamtoli Road,23.3789004,85.3251979,2025-03-16,08:41:00,Sunday,Rainy,Main Road,Low,Car,Minor,0
1272,22,Karamtoli Road,23.3789004,85.3251979,2024-04-16,17:42:00,Tuesday,Clear,Chowk/Intersection,Medium,Car,Minor,0
1306,22,Karamtoli Road,23.3789004,85.3251979,2023-06-11,05:34:00,Sunday,Rainy,Residential Road,Medium,Auto-Rickshaw,Serious,1
1352,22,Karamtoli Road,23.3789004,85.3251979,2022-06-06,11:32:00,Monday,Clear,Chowk/Intersection,High,Two-Wheeler,Serious,3
1398,22,Karamtoli Road,23.3789004,85.3251979,2025-01-12,18:53:00,Sunday,Clear,Chowk/Intersection,Low,Auto-Rickshaw,Minor,0
1410,22,Karamtoli Road,23.3789004,85.3251979,2021-12-25,08:57:00,Saturday,Clear,Chowk/Intersection,Low,Two-Wheeler,Minor,0
1421,22,Karamtoli Road,23.3789004,85.3251979,2025-09-01,19:06:00,Monday,Clear,Chowk/Intersection,High,Two-Wheeler,Minor,0
1455,22,Karamtoli Road,23.3789004,85.3251979,2022-06-10,18:53:00,Friday,Clear,Residential Road,Medium,Auto-Rickshaw,Minor,1
1475,22,Karamtoli Road,23.3789004,85.3251979,2024-12-01,17:43:00,Sunday,Clear,Chowk/Intersection,Low,Two-Wheeler,Minor,1
1518,22,Karamtoli Road,23.3789004,85.3251979,2024-09-03,10:08:00,Tuesday,Foggy,Residential Road,High,Two-Wheeler,Serious,2
1567,22,Karamtoli Road,23.3789004,85.3251979,2021-11-09,17:59:00,Tuesday,Clear,Main Road,High,Two-Wheeler,Minor,0
1655,22,Karamtoli Road,23.3789004,85.3251979,2023-09-26,10:01:00,Tuesday,Rainy,Chowk/Intersection,High,Two-Wheeler,Minor,0
1702,22,Karamtoli Road,23.3789004,85.3251979,2024-03-24,16:06:00,Sunday,Clear,Highway,Low,Auto-Rickshaw,Minor,0
1711,22,Karamtoli Road,23.3789004,85.3251979,2023-09-18,07:47:00,Monday,Clear,Chowk/Intersection,Low,Car,Serious,2
1753,22,Karamtoli Road,23.3789004,85.3251979,2025-05-28,11:38:00,Wednesday,Clear,Chowk/Intersection,Low,Auto-Rickshaw,Minor,1
1801,22,Karamtoli Road,23.3789004,85.3251979,2024-11-28,19:33:00,Thursday,Clear,Main Road,Medium,Bus,Minor,0
1862,22,Karamtoli Road,23.3789004,85.3251979,2025-08-15,17:12:00,Friday,Stormy,Main Road,Medium,Auto-Rickshaw,Minor,0
1915,22,Karamtoli Road,23.3789004,85.3251979,2025-07-31,11:02:00,Thursday,Clear,Chowk/Intersection,High,Two-Wheeler,Minor,0
1959,22,Karamtoli Road,23.3789004,85.3251979,2023-10-28,15:45:00,Saturday,Clear,Main Road,Low,Car,Fatal,1
1967,22,Karamtoli Road,23.3789004,85.3251979,2025-05-12,07:00:00,Monday,Clear,Chowk/Intersection,Medium,Auto-Rickshaw,Minor,0
2124,22,Karamtoli Road,23.3789004,85.3251979,2025-11-11,16:57:00,Tuesday,Clear,Main Road,Medium,Car,Serious,1
2136,22,Karamtoli Road,23.3789004,85.3251979,2023-04-04,18:56:00,Tuesday,Clear,Chowk/Intersection,Medium,Car,Minor,1
2162,22,Karamtoli Road,23.3789004,85.3251979,2022-02-14,08:12:00,Monday,Clear,Main Road,Medium,Two-Wheeler,Fatal,2
2334,22,Karamtoli Road,23.3789004,85.3251979,2022-12-19,08:19:00,Monday,Foggy,Residential Road,Medium,Two-Wheeler,Minor,0
2393,22,Karamtoli Road,23.3789004,85.3251979,2023-07-14,20:01:00,Friday,Foggy,Main Road,Low,Two-Wheeler,Minor,1
2511,22,Karamtoli Road,23.3789004,85.3251979,2021-10-15,17:50:00,Friday,Clear,Residential Road,Low,Two-Wheeler,Serious,2
2587,22,Karamtoli Road,23.3789004,85.3251979,2025-11-17,19:42:00,Monday,Rainy,Main Road,Low,Bus,Minor,0
2615,22,Karamtoli Road,23.3789004,85.3251979,2022-08-31,17:54:00,Wednesday,Foggy,Chowk/Intersection,Medium,Car,Minor,0
2626,22,Karamtoli Road,23.3789004,85.3251979,2024-02-26,19:04:00,Monday,Clear,Main Road,High,Two-Wheeler,Minor,1
2679,22,Karamtoli Road,23.3789004,85.3251979,2025-03-24,09:16:00,Monday,Clear,Highway,Medium,Two-Wheeler,Minor,0
2761,22,Karamtoli Road,23.3789004,85.3251979,2023-06-21,18:05:00,Wednesday,Rainy,Chowk/Intersection,High,Two-Wheeler,Minor,0
2770,22,Karamtoli Road,23.3789004,85.3251979,2025-06-30,10:19:00,Monday,Rainy,Residential Road,Medium,Truck,Minor,0
2869,22,Karamtoli Road,23.3789004,85.3251979,2023-03-29,06:51:00,Wednesday,Clear,Main Road,Medium,Two-Wheeler,Minor,0
2888,22,Karamtoli Road,23.3789004,85.3251979,2021-04-09,21:47:00,Friday,Foggy,Chowk/Intersection,High,Two-Wheeler,Serious,3
2924,22,Karamtoli Road,23.3789004,85.3251979,2025-04-28,16:37:00,Monday,Clear,Main Road,Low,Truck,Serious,1
3113,22,Karamtoli Road,23.3789004,85.3251979,2023-02-22,18:28:00,Wednesday,Stormy,Residential Road,Low,Two-Wheeler,Serious,1
3164,22,Karamtoli Road,23.3789004,85.3251979,2025-07-20,20:39:00,Sunday,Foggy,Chowk/Intersection,High,Two-Wheeler,Serious,3
3398,22,Karamtoli Road,23.3789004,85.3251979,2025-04-20,08:20:00,Sunday,Clear,Residential Road,Medium,Car,Serious,1
3481,22,Karamtoli Road,23.3789004,85.3251979,2025-02-21,08:54:00,Friday,Stormy,Chowk/Intersection,High,Car,Minor,0
3543,22,Karamtoli Road,23.3789004,85.3251979,2024-10-18,08:13:00,Friday,Stormy,Main Road,Low,Car,Fatal,1
3569,22,Karamtoli Road,23.3789004,85.3251979,2021-05-01,08:25:00,Saturday,Clear,Chowk/Intersection,Medium,Bus,Minor,0
3624,22,Karamtoli Road,23.3789004,85.3251979,2022-04-16,09:09:00,Saturday,Clear,Chowk/Intersection,High,Two-Wheeler,Minor,0
3675,22,Karamtoli Road,23.3789004,85.3251979,2021-12-30,11:29:00,Thursday,Clear,Main Road,Medium,Car,Fatal,1
3709,22,Karamtoli Road,23.3789004,85.3251979,2025-07-03,19:05:00,Thursday,Rainy,Main Road,Medium,Two-Wheeler,Serious,1
3735,22,Karamtoli Road,23.3789004,85.3251979,2023-05-27,08:33:00,Saturday,Clear,Chowk/Intersection,High,Truck,Serious,1
3894,22,Karamtoli Road,23.3789004,85.3251979,2025-04-04,07:49:00,Friday,Clear,Residential Road,Medium,Auto-Rickshaw,Minor,1
3917,22,Karamtoli Road,23.3789004,85.3251979,2024-03-14,16:38:00,Thursday,Clear,Chowk/Intersection,Low,Two-Wheeler,Serious,2
3927,22,Karamtoli Road,23.3789004,85.3251979,2023-12-29,16:56:00,Friday,Clear,Residential Road,Medium,Truck,Fatal,2
3930,22,Karamtoli Road,23.3789004,85.3251979,2022-10-04,08:53:00,Tuesday,Foggy,Residential Road,Low,Car,Fatal,1
4009,22,Karamtoli Road,23.3789004,85.3251979,2022-08-04,11:18:00,Thursday,Clear,Residential Road,High,Car,Minor,0
4012,22,Karamtoli Road,23.3789004,85.3251979,2023-08-08,07:05:00,Tuesday,Clear,Residential Road,Low,Two-Wheeler,Minor,0
4084,22,Karamtoli Road,23.3789004,85.3251979,2024-02-21,17:44:00,Wednesday,Clear,Main Road,High,Truck,Minor,0
4097,22,Karamtoli Road,23.3789004,85.3251979,2022-04-25,10:19:00,Monday,Rainy,Chowk/Intersection,Medium,Two-Wheeler,Minor,0
4109,22,Karamtoli Road,23.3789004,85.3251979,2023-10-25,07:07:00,Wednesday,Clear,Main Road,Medium,Car,Fatal,1
4152,22,Karamtoli Road,23.3789004,85.3251979,2024-10-09,07:10:00,Wednesday,Foggy,Chowk/Intersection,Medium,Two-Wheeler,Serious,1
4243,22,Karamtoli Road,23.3789004,85.3251979,2022-08-20,08:31:00,Saturday,Clear,Main Road,Medium,Two-Wheeler,Minor,0
4341,22,Karamtoli Road,23.3789004,85.3251979,2025-10-30,18:12:00,Thursday,Rainy,Main Road,Low,Bus,Serious,1
4429,22,Karamtoli Road,23.3789004,85.3251979,2025-05-12,17:03:00,Monday,Clear,Highway,Medium,Two-Wheeler,Minor,0
4438,22,Karamtoli Road,23.3789004,85.3251979,2025-03-28,11:19:00,Friday,Clear,Residential Road,Medium,Car,Minor,1
4510,22,Karamtoli Road,23.3789004,85.3251979,2021-12-31,08:52:00,Friday,Clear,Highway,High,Car,Fatal,3
4517,22,Karamtoli Road,23.3789004,85.3251979,2022-04-17,16:18:00,Sunday,Rainy,Chowk/Intersection,High,Truck,Minor,0
4528,22,Karamtoli Road,23.3789004,85.3251979,2024-05-11,08:24:00,Saturday,Clear,Residential Road,Low,Two-Wheeler,Serious,2
4555,22,Karamtoli Road,23.3789004,85.3251979,2021-12-04,06:43:00,Saturday,Clear,Main Road,Medium,Car,Minor,0
4557,22,Karamtoli Road,23.3789004,85.3251979,2022-01-31,11:14:00,Monday,Rainy,Chowk/Intersection,Low,Bus,Fatal,3
4596,22,Karamtoli Road,23.3789004,85.3251979,2024-08-20,08:42:00,Tuesday,Clear,Chowk/Intersection,Medium,Auto-Rickshaw,Minor,0
4715,22,Karamtoli Road,23.3789004,85.3251979,2023-09-11,07:47:00,Monday,Foggy,Chowk/Intersection,Medium,Two-Wheeler,Minor,1
4746,22,Karamtoli Road,23.3789004,85.3251979,2023-09-03,19:29:00,Sunday,Clear,Residential Road,Low,Truck,Minor,0
4753,22,Karamtoli Road,23.3789004,85.3251979,2022-12-09,07:15:00,Friday,Clear,Chowk/Intersection,High,Auto-Rickshaw,Serious,2
4793,22,Karamtoli Road,23.3789004,85.3251979,2024-10-23,08:06:00,Wednesday,Clear,Main Road,Medium,Two-Wheeler,Minor,0
4861,22,Karamtoli Road,23.3789004,85.3251979,2023-03-03,07:59:00,Friday,Clear,Chowk/Intersection,Low,Two-Wheeler,Minor,1
4864,22,Karamtoli Road,23.3789004,85.3251979,2021-08-14,18:40:00,Saturday,Clear,Main Road,Low,Bus,Serious,1
4869,22,Karamtoli Road,23.3789004,85.3251979,2021-07-20,08:26:00,Tuesday,Clear,Chowk/Intersection,Low,Car,Serious,3
4873,22,Karamtoli Road,23.3789004,85.3251979,2023-03-18,16:20:00,Saturday,Foggy,Main Road,Medium,Auto-Rickshaw,Fatal,2
4884,22,Karamtoli Road,23.3789004,85.3251979,2022-05-16,18:30:00,Monday,Clear,Main Road,High,Two-Wheeler,Serious,2
4910,22,Karamtoli Road,23.3789004,85.3251979,2022-02-25,18:38:00,Friday,Foggy,Main Road,Medium,Two-Wheeler,Minor,1
4983,22,Karamtoli Road,23.3789004,85.3251979,2023-04-27,19:58:00,Thursday,Clear,Chowk/Intersection,Medium,Two-Wheeler,Minor,0
4984,22,Karamtoli Road,23.3789004,85.3251979,2024-08-11,19:57:00,Sunday,Clear,Highway,Medium,Truck,Minor,0
4998,22,Karamtoli Road,23.3789004,85.3251979,2023-07-08,09:37:00,Saturday,Foggy,Main Road,Low,Auto-Rickshaw,Minor,0
5003,22,Karamtoli Road,23.3789004,85.3251979,2021-04-24,06:23:00,Saturday,Rainy,Residential Road,High,Two-Wheeler,Serious,3
5091,22,Karamtoli Road,23.3789004,85.3251979,2023-12-26,09:06:00,Tuesday,Foggy,Highway,Medium,Two-Wheeler,Serious,1
5102,22,Karamtoli Road,23.3789004,85.3251979,2024-08-03,07:24:00,Saturday,Clear,Chowk/Intersection,Medium,Truck,Minor,0
5110,22,Karamtoli Road,23.3789004,85.3251979,2022-10-19,16:50:00,Wednesday,Foggy,Chowk/Intersection,High,Car,Serious,1
5126,22,Karamtoli Road,23.3789004,85.3251979,2023-06-01,08:18:00,Thursday,Clear,Residential Road,Low,Two-Wheeler,Minor,1
5191,22,Karamtoli Road,23.3789004,85.3251979,2025-01-08,15:57:00,Wednesday,Clear,Residential Road,Medium,Two-Wheeler,Fatal,2
5232,22,Karamtoli Road,23.3789004,85.3251979,2025-03-27,19:29:00,Thursday,Clear,Chowk/Intersection,Low,Two-Wheeler,Minor,0
5390,22,Karamtoli Road,23.3789004,85.3251979,2024-06-20,18:06:00,Thursday,Foggy,Chowk/Intersection,High,Truck,Minor,1
5493,22,Karamtoli Road,23.3789004,85.3251979,2024-08-05,10:26:00,Monday,Foggy,Chowk/Intersection,High,Two-Wheeler,Serious,1
5614,22,Karamtoli Road,23.3789004,85.3251979,2024-06-25,17:24:00,Tuesday,Clear,Highway,Low,Two-Wheeler,Serious,3
5628,22,Karamtoli Road,23.3789004,85.3251979,2024-02-14,08:16:00,Wednesday,Clear,Main Road,Low,Car,Serious,1
5722,22,Karamtoli Road,23.3789004,85.3251979,2025-05-24,06:08:00,Saturday,Clear,Main Road,Low,Auto-Rickshaw,Serious,3
5794,22,Karamtoli Road,23.3789004,85.3251979,2022-07-19,18:18:00,Tuesday,Clear,Main Road,Medium,Car,Minor,0
5817,22,Karamtoli Road,23.3789004,85.3251979,2021-06-02,18:37:00,Wednesday,Foggy,Residential Road,High,Two-Wheeler,Minor,0
6005,22,Karamtoli Road,23.3789004,85.3251979,2023-10-02,11:18:00,Monday,Clear,Residential Road,Low,Truck,Serious,1
6007,22,Karamtoli Road,23.3789004,85.3251979,2025-09-11,19:05:00,Thursday,Clear,Main Road,Medium,Car,Serious,2
6023,22,Karamtoli Road,23.3789004,85.3251979,2021-03-24,06:58:00,Wednesday,Foggy,Chowk/Intersection,Medium,Two-Wheeler,Minor,0
6035,22,Karamtoli Road,23.3789004,85.3251979,2025-11-06,06:42:00,Thursday,Clear,Chowk/Intersection,Medium,Two-Wheeler,Serious,3
6036,22,Karamtoli Road,23.3789004,85.3251979,2025-12-26,20:54:00,Friday,Clear,Main Road,Medium,Two-Wheeler,Serious,1
6314,22,Karamtoli Road,23.3789004,85.3251979,2022-02-06,16:49:00,Sunday,Clear,Highway,Low,Car,Minor,0
6320,22,Karamtoli Road,23.3789004,85.3251979,2025-09-09,19:11:00,Tuesday,Clear,Main Road,Medium,Car,Serious,3
6371,22,Karamtoli Road,23.3789004,85.3251979,2025-07-01,18:09:00,Tuesday,Clear,Main Road,Medium,Two-Wheeler,Fatal,1
6465,22,Karamtoli Road,23.3789004,85.3251979,2022-05-16,09:11:00,Monday,Clear,Residential Road,High,Bus,Minor,0
6564,22,Karamtoli Road,23.3789004,85.3251979,2023-11-16,08:46:00,Thursday,Clear,Highway,High,Two-Wheeler,Fatal,1
6614,22,Karamtoli Road,23.3789004,85.3251979,2023-02-03,11:29:00,Friday,Clear,Chowk/Intersection,Medium,Two-Wheeler,Minor,0
6691,22,Karamtoli Road,23.3789004,85.3251979,2023-07-01,07:25:00,Saturday,Clear,Main Road,Medium,Auto-Rickshaw,Minor,0
6700,22,Karamtoli Road,23.3789004,85.3251979,2021-12-21,17:22:00,Tuesday,Clear,Chowk/Intersection,High,Auto-Rickshaw,Serious,3
6797,22,Karamtoli Road,23.3789004,85.3251979,2024-04-18,17:28:00,Thursday,Clear,Chowk/Intersection,Medium,Two-Wheeler,Minor,0
6862,22,Karamtoli Road,23.3789004,85.3251979,2022-01-20,09:26:00,Thursday,Foggy,Main Road,Low,Auto-Rickshaw,Fatal,4
6931,22,Karamtoli Road,23.3789004,85.3251979,2023-05-04,07:54:00,Thursday,Clear,Main Road,High,Car,Minor,0
6941,22,Karamtoli Road,23.3789004,85.3251979,2022-05-07,06:29:00,Saturday,Foggy,Residential Road,Medium,Two-Wheeler,Serious,3
6964,22,Karamtoli Road,23.3789004,85.3251979,2021-02-24,09:56:00,Wednesday,Clear,Chowk/Intersection,High,Car,Serious,1
6999,22,Karamtoli Road,23.3789004,85.3251979,2024-08-20,09:20:00,Tuesday,Rainy,Main Road,High,Car,Minor,0
7014,22,Karamtoli Road,23.3789004,85.3251979,2023-06-26,19:13:00,Monday,Clear,Chowk/Intersection,High,Car,Serious,1
7016,22,Karamtoli Road,23.3789004,85.3251979,2023-10-03,08:06:00,Tuesday,Clear,Chowk/Intersection,Low,Two-Wheeler,Minor,1
7276,22,Karamtoli Road,23.3789004,85.3251979,2021-07-29,10:15:00,Thursday,Clear,Highway,Medium,Two-Wheeler,Minor,0
7574,22,Karamtoli Road,23.3789004,85.3251979,2023-06-25,16:17:00,Sunday,Rainy,Residential Road,High,Two-Wheeler,Minor,0
7634,22,Karamtoli Road,23.3789004,85.3251979,2023-11-01,18:02:00,Wednesday,Foggy,Chowk/Intersection,High,Auto-Rickshaw,Minor,0
7661,22,Karamtoli Road,23.3789004,85.3251979,2024-07-16,10:47:00,Tuesday,Rainy,Chowk/Intersection,High,Auto-Rickshaw,Fatal,4
7840,22,Karamtoli Road,23.3789004,85.3251979,2024-08-22,09:14:00,Thursday,Foggy,Chowk/Intersection,High,Two-Wheeler,Minor,0
7959,22,Karamtoli Road,23.3789004,85.3251979,2023-08-31,11:31:00,Thursday,Clear,Chowk/Intersection,Medium,Two-Wheeler,Minor,0
7986,22,Karamtoli Road,23.3789004,85.3251979,2023-05-22,09:51:00,Monday,Clear,Residential Road,Medium,Two-Wheeler,Serious,1
16,23,Chutia,23.385,85.34,2021-08-25,08:34:00,Wednesday,Clear,Chowk/Intersection,High,Car,Minor,0
33,23,Chutia,23.385,85.34,2022-12-15,18:25:00,Thursday,Rainy,Chowk/Intersection,Medium,Bus,Serious,1
36,23,Chutia,23.385,85.34,2023-09-16,09:09:00,Saturday,Rainy,Chowk/Intersection,Low,Car,Fatal,1
104,23,Chutia,23.385,85.34,2024-05-17,10:37:00,Friday,Foggy,Residential Road,High,Two-Wheeler,Minor,1
122,23,Chutia,23.385,85.34,2025-03-22,07:28:00,Saturday,Rainy,Chowk/Intersection,Medium,Bus,Minor,0
142,23,Chutia,23.385,85.34,2024-05-17,20:21:00,Friday,Foggy,Chowk/Intersection,High,Two-Wheeler,Minor,1
147,23,Chutia,23.385,85.34,2021-10-23,16:35:00,Saturday,Foggy,Residential Road,Low,Auto-Rickshaw,Minor,0
197,23,Chutia,23.385,85.34,2024-01-16,10:48:00,Tuesday,Foggy,Chowk/Intersection,Medium,Two-Wheeler,Minor,0
223,23,Chutia,23.385,85.34,2022-03-21,06:08:00,Monday,Rainy,Chowk/Intersection,High,Two-Wheeler,Minor,1
278,23,Chutia,23.385,85.34,2025-06-17,10:50:00,Tuesday,Clear,Highway,High,Car,Serious,3
296,23,Chutia,23.385,85.34,2021-10-23,18:31:00,Saturday,Foggy,Chowk/Intersection,Medium,Two-Wheeler,Minor,0
302,23,Chutia,23.385,85.34,2021-12-16,19:44:00,Thursday,Clear,Main Road,Medium,Car,Serious,1
352,23,Chutia,23.385,85.34,2025-01-17,15:18:00,Friday,Foggy,Residential Road,Medium,Car,Serious,1
371,23,Chutia,23.385,85.34,2024-01-09,17:54:00,Tuesday,Rainy,Residential Road,Medium,Car,Minor,1
394,23,Chutia,23.385,85.34,2022-08-01,16:36:00,Monday,Clear,Main Road,Low,Car,Fatal,2
450,23,Chutia,23.385,85.34,2022-09-12,18:07:00,Monday,Clear,Chowk/Intersection,High,Auto-Rickshaw,Minor,0
465,23,Chutia,23.385,85.34,2023-05-03,17:42:00,Wednesday,Clear,Chowk/Intersection,High,Two-Wheeler,Minor,1
472,23,Chutia,23.385,85.34,2023-02-16,16:11:00,Thursday,Clear,Chowk/Intersection,Medium,Auto-Rickshaw,Minor,0
489,23,Chutia,23.385,85.34,2022-04-29,18:27:00,Friday,Clear,Chowk/Intersection,High,Auto-Rickshaw,Minor,1
520,23,Chutia,23.385,85.34,2022-11-05,16:30:00,Saturday,Clear,Residential Road,Medium,Two-Wheeler,Serious,3
577,23,Chutia,23.385,85.34,2025-08-26,20:28:00,Tuesday,Clear,Chowk/Intersection,High,Two-Wheeler,Minor,0
625,23,Chutia,23.385,85.34,2023-11-25,18:56:00,Saturday,Foggy,Chowk/Intersection,Medium,Two-Wheeler,Fatal,2
639,23,Chutia,23.385,85.34,2024-01-13,19:39:00,Saturday,Clear,Main Road,Low,Truck,Serious,1
642,23,Chutia,23.385,85.34,2025-02-11,18:04:00,Tuesday,Clear,Chowk/Intersection,Low,Auto-Rickshaw,Minor,1
700,23,Chutia,23.385,85.34,2022-08-20,09:43:00,Saturday,Clear,Chowk/Intersection,High,Car,Minor,0
748,23,Chutia,23.385,85.34,2023-04-23,08:15:00,Sunday,Clear,Residential Road,High,Two-Wheeler,Serious,3
757,23,Chutia,23.385,85.34,2023-01-13,17:37:00,Friday,Clear,Main Road,Low,Car,Serious,2
765,23,Chutia,23.385,85.34,2024-07-02,06:36:00,Tuesday,Clear,Chowk/Intersection,High,Two-Wheeler,Minor,0
774,23,Chutia,23.385,85.34,2021-07-07,07:50:00,Wednesday,Clear,Highway,High,Two-Wheeler,Serious,2
775,23,Chutia,23.385,85.34,2024-07-04,19:30:00,Thursday,Rainy,Highway,Medium,Auto-Rickshaw,Minor,0
789,23,Chutia,23.385,85.34,2021-01-29,08:52:00,Friday,Clear,Highway,Medium,Two-Wheeler,Serious,2
807,23,Chutia,23.385,85.34,2023-02-10,10:52:00,Friday,Clear,Residential Road,Low,Two-Wheeler,Minor,1
809,23,Chutia,23.385,85.34,2023-07-04,19:35:00,Tuesday,Clear,Chowk/Intersection,Medium,Truck,Minor,0
810,23,Chutia,23.385,85.34,2023-07-23,09:45:00,Sunday,Clear,Main Road,Medium,Two-Wheeler,Minor,0
935,23,Chutia,23.385,85.34,2023-02-12,07:18:00,Sunday,Rainy,Main Road,High,Two-Wheeler,Minor,0
958,23,Chutia,23.385,85.34,2024-07-17,19:33:00,Wednesday,Rainy,Chowk/Intersection,High,Car,Fatal,1
1003,23,Chutia,23.385,85.34,2022-09-26,18:44:00,Monday,Clear,Main Road,High,Bus,Fatal,2
1068,23,Chutia,23.385,85.34,2022-09-06,17:27:00,Tuesday,Clear,Chowk/Intersection,High,Car,Serious,1
1253,23,Chutia,23.385,85.34,2024-03-26,18:58:00,Tuesday,Rainy,Main Road,High,Truck,Minor,0
1341,23,Chutia,23.385,85.34,2024-10-04,18:11:00,Friday,Clear,Chowk/Intersection,Medium,Two-Wheeler,Minor,1
1360,23,Chutia,23.385,85.34,2024-06-16,16:39:00,Sunday,Clear,Highway,High,Two-Wheeler,Serious,2
1396,23,Chutia,23.385,85.34,2021-05-05,18:04:00,Wednesday,Clear,Main Road,Low,Two-Wheeler,Fatal,1
1424,23,Chutia,23.385,85.34,2023-06-06,18:42:00,Tuesday,Clear,Main Road,Low,Bus,Minor,1
1439,23,Chutia,23.385,85.34,2022-07-29,10:45:00,Friday,Foggy,Main Road,Medium,Two-Wheeler,Minor,0
1457,23,Chutia,23.385,85.34,2023-08-18,09:35:00,Friday,Foggy,Main Road,Medium,Two-Wheeler,Minor,0
1481,23,Chutia,23.385,85.34,2021-04-12,20:45:00,Monday,Rainy,Highway,Medium,Bus,Minor,0
1545,23,Chutia,23.385,85.34,2023-04-11,08:46:00,Tuesday,Foggy,Chowk/Intersection,High,Two-Wheeler,Serious,1
1558,23,Chutia,23.385,85.34,2023-07-27,13:58:00,Thursday,Clear,Highway,Medium,Car,Fatal,1
1561,23,Chutia,23.385,85.34,2023-01-13,20:42:00,Friday,Foggy,Chowk/Intersection,Medium,Bus,Minor,1
1595,23,Chutia,23.385,85.34,2024-03-15,19:30:00,Friday,Clear,Highway,Medium,Two-Wheeler,Serious,1
1598,23,Chutia,23.385,85.34,2024-10-10,07:27:00,Thursday,Clear,Chowk/Intersection,High,Car,Minor,1
1669,23,Chutia,23.385,85.34,2021-03-15,16:59:00,Monday,Clear,Chowk/Intersection,Low,Truck,Minor,0
1679,23,Chutia,23.385,85.34,2024-12-08,17:25:00,Sunday,Rainy,Main Road,Low,Bus,Serious,1
1793,23,Chutia,23.385,85.34,2022-10-09,08:55:00,Sunday,Clear,Main Road,Low,Auto-Rickshaw,Minor,0
1809,23,Chutia,23.385,85.34,2022-12-04,18:18:00,Sunday,Clear,Chowk/Intersection,High,Two-Wheeler,Minor,0
1822,23,Chutia,23.385,85.34,2025-08-08,08:46:00,Friday,Clear,Highway,Medium,Two-Wheeler,Fatal,2
1843,23,Chutia,23.385,85.34,2024-09-02,08:10:00,Monday,Clear,Chowk/Intersection,High,Car,Serious,1
1896,23,Chutia,23.385,85.34,2025-11-28,09:11:00,Friday,Stormy,Residential Road,Medium,Two-Wheeler,Minor,1
1898,23,Chutia,23.385,85.34,2023-01-20,09:47:00,Friday,Stormy,Highway,High,Two-Wheeler,Minor,0
1910,23,Chutia,23.385,85.34,2022-07-21,19:41:00,Thursday,Rainy,Highway,Low,Auto-Rickshaw,Fatal,1
1954,23,Chutia,23.385,85.34,2025-05-31,06:48:00,Saturday,Stormy,Highway,High,Two-Wheeler,Fatal,1
1958,23,Chutia,23.385,85.34,2022-04-13,21:49:00,Wednesday,Clear,Chowk/Intersection,High,Auto-Rickshaw,Minor,0
1966,23,Chutia,23.385,85.34,2023-12-08,18:37:00,Friday,Clear,Highway,High,Auto-Rickshaw,Serious,1
2061,23,Chutia,23.385,85.34,2025-12-05,08:57:00,Friday,Clear,Main Road,High,Two-Wheeler,Minor,0
2064,23,Chutia,23.385,85.34,2021-05-03,10:30:00,Monday,Clear,Residential Road,High,Two-Wheeler,Minor,0
2101,23,Chutia,23.385,85.34,2021-12-18,17:25:00,Saturday,Clear,Main Road,Low,Two-Wheeler,Minor,0
2122,23,Chutia,23.385,85.34,2025-11-07,20:35:00,Friday,Rainy,Main Road,Medium,Two-Wheeler,Serious,1
2152,23,Chutia,23.385,85.34,2025-02-28,08:47:00,Friday,Clear,Highway,High,Two-Wheeler,Minor,0
2229,23,Chutia,23.385,85.34,2024-12-21,09:38:00,Saturday,Clear,Highway,High,Car,Minor,1
2288,23,Chutia,23.385,85.34,2024-02-02,15:26:00,Friday,Clear,Chowk/Intersection,Low,Two-Wheeler,Minor,1
2290,23,Chutia,23.385,85.34,2024-07-17,16:38:00,Wednesday,Rainy,Chowk/Intersection,High,Car,Minor,0
2313,23,Chutia,23.385,85.34,2021-08-02,20:35:00,Monday,Clear,Highway,Low,Car,Fatal,2
2317,23,Chutia,23.385,85.34,2023-08-14,19:19:00,Monday,Clear,Chowk/Intersection,Medium,Two-Wheeler,Serious,3
2420,23,Chutia,23.385,85.34,2023-08-14,19:38:00,Monday,Clear,Highway,Medium,Bus,Serious,1
2442,23,Chutia,23.385,85.34,2025-06-27,10:46:00,Friday,Clear,Residential Road,Low,Two-Wheeler,Serious,1
2447,23,Chutia,23.385,85.34,2022-12-07,19:50:00,Wednesday,Clear,Main Road,High,Two-Wheeler,Minor,1
2456,23,Chutia,23.385,85.34,2024-10-15,08:47:00,Tuesday,Clear,Chowk/Intersection,Low,Car,Serious,1
2482,23,Chutia,23.385,85.34,2024-07-03,09:08:00,Wednesday,Rainy,Chowk/Intersection,Medium,Car,Fatal,1
2525,23,Chutia,23.385,85.34,2022-11-08,08:40:00,Tuesday,Clear,Highway,Medium,Car,Minor,1
2607,23,Chutia,23.385,85.34,2024-08-01,07:08:00,Thursday,Rainy,Highway,High,Car,Minor,0
2650,23,Chutia,23.385,85.34,2025-01-19,07:15:00,Sunday,Clear,Chowk/Intersection,High,Two-Wheeler,Minor,0
2657,23,Chutia,23.385,85.34,2021-11-28,21:53:00,Sunday,Rainy,Main Road,Low,Two-Wheeler,Fatal,1
2714,23,Chutia,23.385,85.34,2023-01-31,19:21:00,Tuesday,Clear,Main Road,Medium,Truck,Serious,2
2735,23,Chutia,23.385,85.34,2023-01-24,07:38:00,Tuesday,Clear,Chowk/Intersection,High,Truck,Minor,0
2798,23,Chutia,23.385,85.34,2025-03-24,20:52:00,Monday,Clear,Main Road,High,Car,Serious,1
2863,23,Chutia,23.385,85.34,2024-02-14,06:32:00,Wednesday,Clear,Highway,Medium,Auto-Rickshaw,Serious,3
2876,23,Chutia,23.385,85.34,2021-05-28,19:49:00,Friday,Clear,Main Road,Low,Two-Wheeler,Fatal,2
2998,23,Chutia,23.385,85.34,2022-06-14,17:43:00,Tuesday,Clear,Residential Road,Medium,Two-Wheeler,Minor,0
3014,23,Chutia,23.385,85.34,2023-09-26,10:43:00,Tuesday,Foggy,Chowk/Intersection,Low,Two-Wheeler,Serious,1
3054,23,Chutia,23.385,85.34,2022-02-20,08:36:00,Sunday,Clear,Chowk/Intersection,High,Two-Wheeler,Serious,3
3068,23,Chutia,23.385,85.34,2023-10-19,06:37:00,Thursday,Clear,Residential Road,High,Two-Wheeler,Minor,0
3071,23,Chutia,23.385,85.34,2022-04-22,20:52:00,Friday,Clear,Chowk/Intersection,Medium,Car,Minor,0
3075,23,Chutia,23.385,85.34,2021-09-06,19:25:00,Monday,Clear,Main Road,High,Car,Fatal,3
3124,23,Chutia,23.385,85.34,2024-03-21,10:24:00,Thursday,Clear,Chowk/Intersection,High,Auto-Rickshaw,Minor,0
3263,23,Chutia,23.385,85.34,2023-03-06,09:58:00,Monday,Foggy,Highway,Medium,Two-Wheeler,Fatal,1
3369,23,Chutia,23.385,85.34,2021-04-02,10:42:00,Friday,Rainy,Chowk/Intersection,High,Car,Fatal,1
3378,23,Chutia,23.385,85.34,2021-09-22,18:54:00,Wednesday,Clear,Highway,High,Two-Wheeler,Minor,0
3655,23,Chutia,23.385,85.34,2021-04-03,19:13:00,Saturday,Clear,Chowk/Intersection,Low,Bus,Minor,1
3666,23,Chutia,23.385,85.34,2023-03-25,11:17:00,Saturday,Stormy,Main Road,Low,Two-Wheeler,Minor,1
3701,23,Chutia,23.385,85.34,2025-07-16,17:17:00,Wednesday,Foggy,Residential Road,High,Car,Minor,0
3725,23,Chutia,23.385,85.34,2023-08-04,08:38:00,Friday,Clear,Main Road,Medium,Car,Serious,1
3739,23,Chutia,23.385,85.34,2025-03-03,07:13:00,Monday,Clear,Highway,High,Car,Serious,2
3747,23,Chutia,23.385,85.34,2021-09-12,18:02:00,Sunday,Foggy,Main Road,Low,Truck,Fatal,2
3769,23,Chutia,23.385,85.34,2021-12-12,19:27:00,Sunday,Clear,Main Road,High,Two-Wheeler,Minor,0
3786,23,Chutia,23.385,85.34,2022-04-29,16:40:00,Friday,Clear,Main Road,High,Truck,Minor,0
3790,23,Chutia,23.385,85.34,2022-08-26,08:49:00,Friday,Clear,Main Road,Medium,Auto-Rickshaw,Serious,2
3799,23,Chutia,23.385,85.34,2024-09-29,17:33:00,Sunday,Foggy,Chowk/Intersection,High,Car,Minor,0
3800,23,Chutia,23.385,85.34,2025-09-16,08:50:00,Tuesday,Clear,Highway,High,Car,Serious,2
3804,23,Chutia,23.385,85.34,2022-11-01,08:15:00,Tuesday,Clear,Chowk/Intersection,Medium,Car,Minor,0
3824,23,Chutia,23.385,85.34,2021-01-23,17:09:00,Saturday,Stormy,Residential Road,Low,Car,Minor,0
3857,23,Chutia,23.385,85.34,2025-12-09,20:27:00,Tuesday,Foggy,Chowk/Intersection,Low,Two-Wheeler,Minor,0
3863,23,Chutia,23.385,85.34,2021-12-11,17:22:00,Saturday,Rainy,Residential Road,High,Car,Serious,2
3875,23,Chutia,23.385,85.34,2022-09-21,09:15:00,Wednesday,Clear,Main Road,Medium,Auto-Rickshaw,Serious,1
3876,23,Chutia,23.385,85.34,2021-12-30,08:49:00,Thursday,Clear,Chowk/Intersection,Low,Car,Minor,0
3921,23,Chutia,23.385,85.34,2024-06-22,16:41:00,Saturday,Clear,Chowk/Intersection,Medium,Car,Minor,0
4052,23,Chutia,23.385,85.34,2021-09-09,18:22:00,Thursday,Clear,Chowk/Intersection,High,Two-Wheeler,Minor,0
4067,23,Chutia,23.385,85.34,2024-11-27,08:09:00,Wednesday,Rainy,Main Road,Low,Two-Wheeler,Minor,0
4183,23,Chutia,23.385,85.34,2022-11-13,07:20:00,Sunday,Clear,Main Road,High,Two-Wheeler,Fatal,3
4200,23,Chutia,23.385,85.34,2024-03-03,17:13:00,Sunday,Clear,Main Road,High,Auto-Rickshaw,Serious,2
4215,23,Chutia,23.385,85.34,2023-10-09,20:38:00,Monday,Clear,Residential Road,High,Car,Fatal,3
4310,23,Chutia,23.385,85.34,2023-12-23,10:35:00,Saturday,Clear,Main Road,High,Two-Wheeler,Serious,2
4331,23,Chutia,23.385,85.34,2023-10-18,19:12:00,Wednesday,Clear,Main Road,High,Bus,Minor,0
4345,23,Chutia,23.385,85.34,2025-03-10,20:29:00,Monday,Clear,Chowk/Intersection,Low,Two-Wheeler,Minor,1
4394,23,Chutia,23.385,85.34,2024-07-29,09:24:00,Monday,Clear,Main Road,High,Car,Minor,1
4492,23,Chutia,23.385,85.34,2025-07-11,19:16:00,Friday,Rainy,Residential Road,High,Car,Serious,1
4508,23,Chutia,23.385,85.34,2025-04-14,07:29:00,Monday,Clear,Main Road,Medium,Auto-Rickshaw,Minor,1
4512,23,Chutia,23.385,85.34,2021-08-15,17:55:00,Sunday,Clear,Main Road,High,Two-Wheeler,Serious,3
4606,23,Chutia,23.385,85.34,2025-04-22,17:19:00,Tuesday,Rainy,Main Road,High,Auto-Rickshaw,Minor,0
4648,23,Chutia,23.385,85.34,2023-07-13,19:29:00,Thursday,Clear,Main Road,High,Two-Wheeler,Serious,2
4713,23,Chutia,23.385,85.34,2023-01-08,08:29:00,Sunday,Foggy,Highway,Low,Auto-Rickshaw,Serious,1
4769,23,Chutia,23.385,85.34,2025-03-23,17:18:00,Sunday,Clear,Chowk/Intersection,High,Auto-Rickshaw,Minor,1
4785,23,Chutia,23.385,85.34,2025-11-20,17:11:00,Thursday,Clear,Chowk/Intersection,High,Car,Minor,0
4788,23,Chutia,23.385,85.34,2025-11-23,21:35:00,Sunday,Clear,Residential Road,High,Car,Minor,1
4937,23,Chutia,23.385,85.34,2024-06-18,20:38:00,Tuesday,Clear,Chowk/Intersection,Low,Two-Wheeler,Minor,0
4947,23,Chutia,23.385,85.34,2023-01-31,08:18:00,Tuesday,Foggy,Chowk/Intersection,High,Two-Wheeler,Minor,0
4978,23,Chutia,23.385,85.34,2021-02-16,09:06:00,Tuesday,Clear,Chowk/Intersection,High,Bus,Serious,3
5044,23,Chutia,23.385,85.34,2024-12-13,20:29:00,Friday,Clear,Highway,Low,Auto-Rickshaw,Minor,0
5053,23,Chutia,23.385,85.34,2024-09-11,09:53:00,Wednesday,Clear,Residential Road,High,Truck,Fatal,3
5154,23,Chutia,23.385,85.34,2024-08-03,20:36:00,Saturday,Rainy,Main Road,Low,Two-Wheeler,Fatal,2
5195,23,Chutia,23.385,85.34,2022-07-15,20:01:00,Friday,Clear,Residential Road,High,Two-Wheeler,Minor,0
5204,23,Chutia,23.385,85.34,2023-10-27,07:22:00,Friday,Stormy,Main Road,Medium,Auto-Rickshaw,Minor,0
5213,23,Chutia,23.385,85.34,2023-03-17,08:09:00,Friday,Rainy,Chowk/Intersection,Low,Two-Wheeler,Serious,3
5252,23,Chutia,23.385,85.34,2025-01-25,07:41:00,Saturday,Stormy,Main Road,Low,Two-Wheeler,Serious,2
5265,23,Chutia,23.385,85.34,2022-03-25,09:42:00,Friday,Clear,Highway,Medium,Car,Minor,0
5291,23,Chutia,23.385,85.34,2022-09-15,19:29:00,Thursday,Clear,Main Road,Low,Two-Wheeler,Minor,1
5301,23,Chutia,23.385,85.34,2022-10-17,16:52:00,Monday,Rainy,Chowk/Intersection,High,Two-Wheeler,Minor,0
5422,23,Chutia,23.385,85.34,2022-12-06,07:17:00,Tuesday,Clear,Highway,Medium,Truck,Minor,0
5500,23,Chutia,23.385,85.34,2025-02-17,19:24:00,Monday,Clear,Highway,Medium,Truck,Serious,1
5513,23,Chutia,23.385,85.34,2023-07-15,19:59:00,Saturday,Stormy,Residential Road,High,Two-Wheeler,Serious,2
5536,23,Chutia,23.385,85.34,2024-09-11,17:14:00,Wednesday,Clear,Highway,High,Two-Wheeler,Minor,1
5538,23,Chutia,23.385,85.34,2025-03-24,18:11:00,Monday,Clear,Highway,Medium,Bus,Minor,1
5593,23,Chutia,23.385,85.34,2024-01-21,11:50:00,Sunday,Clear,Main Road,Low,Two-Wheeler,Minor,0
5632,23,Chutia,23.385,85.34,2025-01-04,08:49:00,Saturday,Clear,Chowk/Intersection,Medium,Car,Minor,1
5758,23,Chutia,23.385,85.34,2025-10-29,16:29:00,Wednesday,Foggy,Main Road,Low,Two-Wheeler,Minor,1
5798,23,Chutia,23.385,85.34,2023-02-01,10:40:00,Wednesday,Clear,Chowk/Intersection,Low,Car,Serious,2
5821,23,Chutia,23.385,85.34,2024-12-25,18:57:00,Wednesday,Clear,Chowk/Intersection,Medium,Car,Minor,0
5871,23,Chutia,23.385,85.34,2024-03-18,07:10:00,Monday,Clear,Chowk/Intersection,Medium,Car,Minor,0
5898,23,Chutia,23.385,85.34,2021-03-02,10:42:00,Tuesday,Clear,Chowk/Intersection,Medium,Two-Wheeler,Minor,1
5911,23,Chutia,23.385,85.34,2024-02-26,17:29:00,Monday,Rainy,Main Road,Medium,Auto-Rickshaw,Minor,1
5960,23,Chutia,23.385,85.34,2022-12-06,10:21:00,Tuesday,Rainy,Main Road,Medium,Two-Wheeler,Serious,2
6012,23,Chutia,23.385,85.34,2022-05-15,18:09:00,Sunday,Clear,Chowk/Intersection,High,Car,Minor,0
6037,23,Chutia,23.385,85.34,2021-11-16,16:52:00,Tuesday,Clear,Chowk/Intersection,Medium,Two-Wheeler,Minor,0
6100,23,Chutia,23.385,85.34,2022-07-25,19:20:00,Monday,Clear,Chowk/Intersection,Medium,Bus,Minor,1
6131,23,Chutia,23.385,85.34,2023-06-20,21:38:00,Tuesday,Clear,Highway,Low,Truck,Serious,1
6198,23,Chutia,23.385,85.34,2022-04-20,18:16:00,Wednesday,Clear,Residential Road,Low,Car,Serious,2
6278,23,Chutia,23.385,85.34,2021-12-16,09:51:00,Thursday,Clear,Main Road,Low,Bus,Serious,1
6298,23,Chutia,23.385,85.34,2023-06-23,19:23:00,Friday,Clear,Chowk/Intersection,Medium,Two-Wheeler,Minor,0
6413,23,Chutia,23.385,85.34,2021-05-30,20:04:00,Sunday,Rainy,Residential Road,Medium,Two-Wheeler,Minor,1
6735,23,Chutia,23.385,85.34,2023-11-15,06:02:00,Wednesday,Clear,Highway,Medium,Bus,Fatal,1
6787,23,Chutia,23.385,85.34,2023-01-13,20:53:00,Friday,Foggy,Chowk/Intersection,Low,Car,Serious,1
6935,23,Chutia,23.385,85.34,2025-08-22,07:33:00,Friday,Clear,Chowk/Intersection,Low,Two-Wheeler,Minor,0
6946,23,Chutia,23.385,85.34,2021-10-11,11:05:00,Monday,Rainy,Residential Road,High,Two-Wheeler,Fatal,1
6963,23,Chutia,23.385,85.34,2025-03-07,20:45:00,Friday,Clear,Chowk/Intersection,Low,Two-Wheeler,Minor,1
6991,23,Chutia,23.385,85.34,2023-11-09,17:14:00,Thursday,Clear,Highway,High,Car,Serious,2
7081,23,Chutia,23.385,85.34,2021-12-21,17:48:00,Tuesday,Clear,Main Road,High,Truck,Minor,0
7160,23,Chutia,23.385,85.34,2022-11-18,19:34:00,Friday,Clear,Chowk/Intersection,High,Car,Minor,0
7171,23,Chutia,23.385,85.34,2024-10-10,09:57:00,Thursday,Rainy,Main Road,Medium,Auto-Rickshaw,Serious,1
7224,23,Chutia,23.385,85.34,2025-04-18,09:46:00,Friday,Clear,Main Road,Medium,Bus,Serious,2
7265,23,Chutia,23.385,85.34,2024-05-18,19:30:00,Saturday,Clear,Highway,Low,Truck,Minor,0
7282,23,Chutia,23.385,85.34,2025-07-05,16:33:00,Saturday,Clear,Chowk/Intersection,Medium,Car,Serious,1
7446,23,Chutia,23.385,85.34,2023-04-17,17:33:00,Monday,Clear,Highway,High,Two-Wheeler,Minor,1
7479,23,Chutia,23.385,85.34,2023-08-16,08:44:00,Wednesday,Rainy,Main Road,Medium,Truck,Minor,0
7518,23,Chutia,23.385,85.34,2021-02-16,14:28:00,Tuesday,Foggy,Highway,High,Two-Wheeler,Serious,1
7599,23,Chutia,23.385,85.34,2021-03-04,10:34:00,Thursday,Foggy,Main Road,High,Car,Minor,0
7614,23,Chutia,23.385,85.34,2024-06-24,09:32:00,Monday,Foggy,Main Road,Medium,Car,Fatal,1
7622,23,Chutia,23.385,85.34,2024-10-04,18:05:00,Friday,Clear,Chowk/Intersection,Medium,Two-Wheeler,Minor,1
7640,23,Chutia,23.385,85.34,2021-04-22,18:43:00,Thursday,Clear,Residential Road,Medium,Car,Serious,1
7696,23,Chutia,23.385,85.34,2024-03-19,08:17:00,Tuesday,Clear,Main Road,High,Bus,Minor,0
7720,23,Chutia,23.385,85.34,2023-06-19,09:50:00,Monday,Rainy,Chowk/Intersection,Medium,Car,Minor,0
7730,23,Chutia,23.385,85.34,2021-04-09,07:43:00,Friday,Clear,Highway,Medium,Two-Wheeler,Fatal,1
7774,23,Chutia,23.385,85.34,2024-11-23,17:21:00,Saturday,Rainy,Chowk/Intersection,High,Truck,Fatal,1
7794,23,Chutia,23.385,85.34,2023-04-21,10:29:00,Friday,Clear,Chowk/Intersection,Low,Car,Minor,1
7848,23,Chutia,23.385,85.34,2025-11-19,08:16:00,Wednesday,Clear,Main Road,High,Two-Wheeler,Minor,0
63,24,Namkum,23.2790977,85.3946302,2024-04-20,19:31:00,Saturday,Clear,Chowk/Intersection,Medium,Two-Wheeler,Minor,1
81,24,Namkum,23.2790977,85.3946302,2023-08-07,21:54:00,Monday,Clear,Main Road,Medium,Two-Wheeler,Serious,1
217,24,Namkum,23.2790977,85.3946302,2022-01-05,09:31:00,Wednesday,Foggy,Highway,Low,Two-Wheeler,Minor,1
504,24,Namkum,23.2790977,85.3946302,2024-12-20,20:12:00,Friday,Clear,Main Road,High,Two-Wheeler,Minor,0
533,24,Namkum,23.2790977,85.3946302,2022-04-05,10:39:00,Tuesday,Clear,Main Road,Medium,Two-Wheeler,Serious,1
661,24,Namkum,23.2790977,85.3946302,2025-07-01,10:29:00,Tuesday,Clear,Highway,High,Two-Wheeler,Fatal,1
969,24,Namkum,23.2790977,85.3946302,2025-06-14,17:41:00,Saturday,Clear,Chowk/Intersection,Medium,Two-Wheeler,Minor,0
1018,24,Namkum,23.2790977,85.3946302,2021-03-21,19:03:00,Sunday,Rainy,Residential Road,High,Car,Minor,0
1098,24,Namkum,23.2790977,85.3946302,2023-12-20,19:16:00,Wednesday,Clear,Main Road,High,Two-Wheeler,Minor,0
1100,24,Namkum,23.2790977,85.3946302,2024-08-19,07:17:00,Monday,Rainy,Chowk/Intersection,Low,Two-Wheeler,Minor,0
1231,24,Namkum,23.2790977,85.3946302,2025-02-26,19:17:00,Wednesday,Clear,Main Road,Medium,Truck,Minor,0
1526,24,Namkum,23.2790977,85.3946302,2021-02-16,19:38:00,Tuesday,Rainy,Chowk/Intersection,High,Truck,Serious,2
1607,24,Namkum,23.2790977,85.3946302,2025-09-18,18:13:00,Thursday,Rainy,Residential Road,High,Car,Minor,0
1638,24,Namkum,23.2790977,85.3946302,2022-11-02,07:14:00,Wednesday,Clear,Chowk/Intersection,Medium,Two-Wheeler,Serious,1
1766,24,Namkum,23.2790977,85.3946302,2024-05-20,07:21:00,Monday,Clear,Chowk/Intersection,Low,Two-Wheeler,Serious,1
1908,24,Namkum,23.2790977,85.3946302,2021-08-15,10:21:00,Sunday,Clear,Highway,Medium,Auto-Rickshaw,Fatal,1
2027,24,Namkum,23.2790977,85.3946302,2022-03-20,20:40:00,Sunday,Rainy,Residential Road,Low,Car,Minor,0
2029,24,Namkum,23.2790977,85.3946302,2022-12-24,16:42:00,Saturday,Clear,Residential Road,High,Truck,Serious,2
2046,24,Namkum,23.2790977,85.3946302,2023-01-12,09:26:00,Thursday,Rainy,Residential Road,Medium,Car,Fatal,3
2076,24,Namkum,23.2790977,85.3946302,2024-08-19,17:27:00,Monday,Rainy,Highway,Medium,Two-Wheeler,Fatal,1
2172,24,Namkum,23.2790977,85.3946302,2024-08-04,15:05:00,Sunday,Clear,Main Road,Medium,Two-Wheeler,Minor,1
2286,24,Namkum,23.2790977,85.3946302,2022-12-24,18:20:00,Saturday,Clear,Main Road,Medium,Two-Wheeler,Minor,0
2369,24,Namkum,23.2790977,85.3946302,2022-04-21,08:53:00,Thursday,Clear,Highway,Low,Two-Wheeler,Serious,1
2738,24,Namkum,23.2790977,85.3946302,2024-06-23,15:57:00,Sunday,Clear,Chowk/Intersection,Medium,Car,Minor,0
2913,24,Namkum,23.2790977,85.3946302,2023-04-05,10:50:00,Wednesday,Clear,Residential Road,High,Car,Serious,2
2914,24,Namkum,23.2790977,85.3946302,2021-08-29,20:26:00,Sunday,Clear,Chowk/Intersection,High,Auto-Rickshaw,Minor,0
3121,24,Namkum,23.2790977,85.3946302,2022-05-16,18:15:00,Monday,Clear,Main Road,Low,Truck,Serious,1
3490,24,Namkum,23.2790977,85.3946302,2021-08-26,20:07:00,Thursday,Foggy,Chowk/Intersection,Medium,Two-Wheeler,Serious,2
3517,24,Namkum,23.2790977,85.3946302,2024-07-20,20:01:00,Saturday,Rainy,Chowk/Intersection,High,Bus,Fatal,1
3531,24,Namkum,23.2790977,85.3946302,2022-04-01,10:42:00,Friday,Clear,Chowk/Intersection,Medium,Auto-Rickshaw,Minor,0
3644,24,Namkum,23.2790977,85.3946302,2025-09-20,09:57:00,Saturday,Clear,Residential Road,High,Two-Wheeler,Minor,1
3678,24,Namkum,23.2790977,85.3946302,2024-08-29,19:19:00,Thursday,Rainy,Chowk/Intersection,High,Two-Wheeler,Minor,1
3760,24,Namkum,23.2790977,85.3946302,2024-05-16,16:49:00,Thursday,Clear,Residential Road,Medium,Car,Serious,1
3966,24,Namkum,23.2790977,85.3946302,2025-02-08,19:50:00,Saturday,Foggy,Residential Road,High,Two-Wheeler,Minor,1
4136,24,Namkum,23.2790977,85.3946302,2024-09-07,18:51:00,Saturday,Rainy,Highway,Medium,Auto-Rickshaw,Minor,1
4247,24,Namkum,23.2790977,85.3946302,2024-08-06,16:28:00,Tuesday,Rainy,Chowk/Intersection,Medium,Car,Serious,2
4258,24,Namkum,23.2790977,85.3946302,2023-05-03,16:37:00,Wednesday,Clear,Residential Road,Medium,Auto-Rickshaw,Serious,1
4340,24,Namkum,23.2790977,85.3946302,2024-06-18,18:13:00,Tuesday,Stormy,Chowk/Intersection,Low,Two-Wheeler,Serious,3
4367,24,Namkum,23.2790977,85.3946302,2025-04-07,18:25:00,Monday,Foggy,Main Road,Medium,Two-Wheeler,Minor,0
4541,24,Namkum,23.2790977,85.3946302,2022-11-05,10:31:00,Saturday,Foggy,Chowk/Intersection,Medium,Car,Minor,0
4585,24,Namkum,23.2790977,85.3946302,2023-06-11,08:20:00,Sunday,Clear,Chowk/Intersection,Low,Car,Minor,0
4607,24,Namkum,23.2790977,85.3946302,2025-02-10,17:51:00,Monday,Clear,Chowk/Intersection,Low,Auto-Rickshaw,Minor,0
4671,24,Namkum,23.2790977,85.3946302,2021-12-24,07:43:00,Friday,Clear,Residential Road,High,Car,Serious,1
4801,24,Namkum,23.2790977,85.3946302,2025-10-04,07:49:00,Saturday,Clear,Chowk/Intersection,Medium,Truck,Minor,0
4872,24,Namkum,23.2790977,85.3946302,2024-07-02,18:54:00,Tuesday,Rainy,Highway,High,Two-Wheeler,Serious,2
4949,24,Namkum,23.2790977,85.3946302,2024-08-13,17:44:00,Tuesday,Rainy,Main Road,Low,Two-Wheeler,Serious,2
5002,24,Namkum,23.2790977,85.3946302,2025-08-17,18:17:00,Sunday,Rainy,Chowk/Intersection,High,Car,Minor,1
5019,24,Namkum,23.2790977,85.3946302,2021-02-14,20:43:00,Sunday,Clear,Main Road,Medium,Two-Wheeler,Minor,0
5340,24,Namkum,23.2790977,85.3946302,2021-03-09,06:33:00,Tuesday,Clear,Highway,Medium,Car,Minor,1
5728,24,Namkum,23.2790977,85.3946302,2021-11-05,08:46:00,Friday,Clear,Highway,High,Truck,Minor,0
5773,24,Namkum,23.2790977,85.3946302,2025-07-22,18:59:00,Tuesday,Clear,Residential Road,Medium,Car,Minor,0
5866,24,Namkum,23.2790977,85.3946302,2022-01-25,19:04:00,Tuesday,Clear,Main Road,Medium,Car,Serious,1
5954,24,Namkum,23.2790977,85.3946302,2025-05-19,17:49:00,Monday,Clear,Highway,Medium,Two-Wheeler,Serious,1
5965,24,Namkum,23.2790977,85.3946302,2021-02-25,17:04:00,Thursday,Clear,Main Road,Low,Two-Wheeler,Fatal,2
6122,24,Namkum,23.2790977,85.3946302,2025-10-02,09:28:00,Thursday,Rainy,Highway,Low,Car,Minor,1
6208,24,Namkum,23.2790977,85.3946302,2023-01-21,11:46:00,Saturday,Clear,Highway,High,Two-Wheeler,Serious,1
6342,24,Namkum,23.2790977,85.3946302,2024-11-18,09:38:00,Monday,Clear,Highway,High,Two-Wheeler,Minor,0
6556,24,Namkum,23.2790977,85.3946302,2023-02-04,22:00:00,Saturday,Rainy,Main Road,Medium,Truck,Minor,0
6676,24,Namkum,23.2790977,85.3946302,2025-07-13,20:11:00,Sunday,Rainy,Chowk/Intersection,Low,Two-Wheeler,Minor,0
7091,24,Namkum,23.2790977,85.3946302,2024-05-09,06:13:00,Thursday,Foggy,Main Road,Medium,Bus,Minor,0
7093,24,Namkum,23.2790977,85.3946302,2021-10-12,17:16:00,Tuesday,Clear,Chowk/Intersection,Medium,Bus,Minor,0
7192,24,Namkum,23.2790977,85.3946302,2023-09-30,07:51:00,Saturday,Clear,Highway,Low,Auto-Rickshaw,Minor,1
7197,24,Namkum,23.2790977,85.3946302,2023-09-22,08:08:00,Friday,Clear,Chowk/Intersection,Medium,Truck,Serious,2
7284,24,Namkum,23.2790977,85.3946302,2023-07-18,18:29:00,Tuesday,Clear,Chowk/Intersection,High,Car,Minor,1
7348,24,Namkum,23.2790977,85.3946302,2024-01-07,18:54:00,Sunday,Clear,Residential Road,High,Car,Serious,2
7586,24,Namkum,23.2790977,85.3946302,2024-07-14,09:46:00,Sunday,Clear,Chowk/Intersection,Medium,Two-Wheeler,Minor,0
7771,24,Namkum,23.2790977,85.3946302,2023-02-28,17:57:00,Tuesday,Clear,Main Road,Medium,Two-Wheeler,Minor,0
40,25,Tatisilwai,23.3699409,85.436613,2023-04-08,10:07:00,Saturday,Clear,Chowk/Intersection,High,Truck,Minor,1
172,25,Tatisilwai,23.3699409,85.436613,2023-07-21,11:59:00,Friday,Clear,Chowk/Intersection,Medium,Two-Wheeler,Minor,0
222,25,Tatisilwai,23.3699409,85.436613,2021-03-02,20:33:00,Tuesday,Clear,Main Road,High,Two-Wheeler,Minor,0
366,25,Tatisilwai,23.3699409,85.436613,2023-04-16,21:23:00,Sunday,Stormy,Main Road,Medium,Two-Wheeler,Minor,0
398,25,Tatisilwai,23.3699409,85.436613,2023-11-17,16:04:00,Friday,Clear,Highway,High,Two-Wheeler,Serious,2
648,25,Tatisilwai,23.3699409,85.436613,2025-03-25,18:21:00,Tuesday,Foggy,Residential Road,Low,Auto-Rickshaw,Minor,0
708,25,Tatisilwai,23.3699409,85.436613,2024-06-02,10:31:00,Sunday,Rainy,Residential Road,High,Car,Minor,0
724,25,Tatisilwai,23.3699409,85.436613,2024-02-11,19:12:00,Sunday,Stormy,Chowk/Intersection,Medium,Two-Wheeler,Fatal,1
815,25,Tatisilwai,23.3699409,85.436613,2021-12-01,18:15:00,Wednesday,Clear,Chowk/Intersection,Medium,Two-Wheeler,Minor,0
871,25,Tatisilwai,23.3699409,85.436613,2024-05-16,10:07:00,Thursday,Stormy,Highway,Low,Car,Fatal,3
899,25,Tatisilwai,23.3699409,85.436613,2024-11-08,20:45:00,Friday,Clear,Main Road,High,Car,Fatal,1
900,25,Tatisilwai,23.3699409,85.436613,2021-12-22,09:46:00,Wednesday,Clear,Residential Road,Low,Auto-Rickshaw,Serious,1
906,25,Tatisilwai,23.3699409,85.436613,2021-09-02,10:07:00,Thursday,Rainy,Main Road,Low,Auto-Rickshaw,Fatal,2
928,25,Tatisilwai,23.3699409,85.436613,2025-11-11,17:11:00,Tuesday,Clear,Chowk/Intersection,Medium,Two-Wheeler,Fatal,1
1111,25,Tatisilwai,23.3699409,85.436613,2021-04-28,17:18:00,Wednesday,Foggy,Chowk/Intersection,Low,Auto-Rickshaw,Serious,1
1119,25,Tatisilwai,23.3699409,85.436613,2021-02-24,19:01:00,Wednesday,Clear,Main Road,Medium,Car,Fatal,3
1136,25,Tatisilwai,23.3699409,85.436613,2022-09-15,18:00:00,Thursday,Stormy,Highway,High,Two-Wheeler,Serious,1
1148,25,Tatisilwai,23.3699409,85.436613,2024-02-21,16:03:00,Wednesday,Rainy,Main Road,High,Car,Serious,3
1189,25,Tatisilwai,23.3699409,85.436613,2021-06-22,16:10:00,Tuesday,Clear,Chowk/Intersection,Medium,Two-Wheeler,Minor,0
1190,25,Tatisilwai,23.3699409,85.436613,2023-03-17,19:42:00,Friday,Rainy,Main Road,Medium,Two-Wheeler,Minor,0
1511,25,Tatisilwai,23.3699409,85.436613,2024-11-14,19:10:00,Thursday,Clear,Highway,Medium,Two-Wheeler,Serious,1
1517,25,Tatisilwai,23.3699409,85.436613,2021-10-05,17:09:00,Tuesday,Clear,Chowk/Intersection,Medium,Truck,Serious,1
1612,25,Tatisilwai,23.3699409,85.436613,2021-04-13,09:26:00,Tuesday,Clear,Residential Road,Medium,Car,Minor,0
1651,25,Tatisilwai,23.3699409,85.436613,2023-06-23,11:44:00,Friday,Foggy,Chowk/Intersection,High,Two-Wheeler,Minor,1
1677,25,Tatisilwai,23.3699409,85.436613,2025-07-06,09:55:00,Sunday,Rainy,Main Road,High,Car,Serious,2
1727,25,Tatisilwai,23.3699409,85.436613,2024-06-18,09:37:00,Tuesday,Clear,Residential Road,High,Car,Minor,1
1821,25,Tatisilwai,23.3699409,85.436613,2023-05-21,16:35:00,Sunday,Rainy,Residential Road,High,Auto-Rickshaw,Serious,1
1838,25,Tatisilwai,23.3699409,85.436613,2023-03-29,09:41:00,Wednesday,Foggy,Chowk/Intersection,Low,Two-Wheeler,Serious,1
1856,25,Tatisilwai,23.3699409,85.436613,2025-09-20,09:51:00,Saturday,Foggy,Main Road,High,Auto-Rickshaw,Minor,1
1912,25,Tatisilwai,23.3699409,85.436613,2024-10-01,08:19:00,Tuesday,Rainy,Chowk/Intersection,High,Car,Serious,1
1932,25,Tatisilwai,23.3699409,85.436613,2025-09-12,12:28:00,Friday,Clear,Residential Road,Low,Bus,Minor,0
2081,25,Tatisilwai,23.3699409,85.436613,2025-12-15,18:49:00,Monday,Clear,Highway,Medium,Bus,Minor,0
2142,25,Tatisilwai,23.3699409,85.436613,2022-12-18,06:26:00,Sunday,Clear,Chowk/Intersection,High,Truck,Serious,1
2159,25,Tatisilwai,23.3699409,85.436613,2022-07-25,17:44:00,Monday,Rainy,Highway,Medium,Two-Wheeler,Minor,0
2243,25,Tatisilwai,23.3699409,85.436613,2023-05-28,18:39:00,Sunday,Rainy,Chowk/Intersection,Medium,Bus,Serious,1
2280,25,Tatisilwai,23.3699409,85.436613,2023-10-27,20:01:00,Friday,Foggy,Residential Road,Low,Car,Fatal,1
2335,25,Tatisilwai,23.3699409,85.436613,2025-11-14,19:52:00,Friday,Clear,Chowk/Intersection,Low,Auto-Rickshaw,Minor,0
2336,25,Tatisilwai,23.3699409,85.436613,2023-02-17,06:36:00,Friday,Rainy,Main Road,High,Car,Minor,1
2504,25,Tatisilwai,23.3699409,85.436613,2022-02-06,09:31:00,Sunday,Stormy,Main Road,High,Bus,Minor,0
2532,25,Tatisilwai,23.3699409,85.436613,2022-12-31,19:45:00,Saturday,Rainy,Main Road,Low,Two-Wheeler,Minor,0
2533,25,Tatisilwai,23.3699409,85.436613,2025-11-17,08:20:00,Monday,Clear,Residential Road,High,Two-Wheeler,Minor,0
2632,25,Tatisilwai,23.3699409,85.436613,2023-04-02,08:56:00,Sunday,Clear,Main Road,Medium,Auto-Rickshaw,Serious,2
2693,25,Tatisilwai,23.3699409,85.436613,2022-03-27,13:38:00,Sunday,Clear,Residential Road,High,Car,Fatal,1
2698,25,Tatisilwai,23.3699409,85.436613,2022-01-30,08:34:00,Sunday,Rainy,Chowk/Intersection,High,Truck,Minor,0
2702,25,Tatisilwai,23.3699409,85.436613,2021-08-15,09:54:00,Sunday,Clear,Main Road,Medium,Car,Minor,0
2779,25,Tatisilwai,23.3699409,85.436613,2022-02-02,18:13:00,Wednesday,Rainy,Chowk/Intersection,Low,Car,Minor,1
2848,25,Tatisilwai,23.3699409,85.436613,2021-01-27,08:22:00,Wednesday,Foggy,Highway,Medium,Truck,Serious,3
2973,25,Tatisilwai,23.3699409,85.436613,2024-01-13,20:48:00,Saturday,Clear,Main Road,Medium,Two-Wheeler,Minor,0
3035,25,Tatisilwai,23.3699409,85.436613,2023-08-21,17:15:00,Monday,Clear,Highway,High,Car,Minor,0
3198,25,Tatisilwai,23.3699409,85.436613,2025-06-20,18:38:00,Friday,Stormy,Highway,High,Two-Wheeler,Minor,0
3259,25,Tatisilwai,23.3699409,85.436613,2024-03-18,19:23:00,Monday,Clear,Main Road,Medium,Two-Wheeler,Minor,0
3304,25,Tatisilwai,23.3699409,85.436613,2021-10-28,20:43:00,Thursday,Rainy,Highway,High,Two-Wheeler,Minor,0
3476,25,Tatisilwai,23.3699409,85.436613,2022-07-09,11:37:00,Saturday,Clear,Highway,High,Car,Serious,2
3477,25,Tatisilwai,23.3699409,85.436613,2022-04-25,09:07:00,Monday,Rainy,Highway,Medium,Auto-Rickshaw,Minor,0
3577,25,Tatisilwai,23.3699409,85.436613,2021-03-05,07:54:00,Friday,Clear,Chowk/Intersection,Medium,Truck,Minor,0
3616,25,Tatisilwai,23.3699409,85.436613,2024-07-16,18:43:00,Tuesday,Rainy,Main Road,Low,Two-Wheeler,Serious,2
3692,25,Tatisilwai,23.3699409,85.436613,2023-08-14,17:13:00,Monday,Clear,Main Road,High,Two-Wheeler,Minor,1
3761,25,Tatisilwai,23.3699409,85.436613,2025-10-25,10:48:00,Saturday,Rainy,Highway,Medium,Auto-Rickshaw,Serious,2
3841,25,Tatisilwai,23.3699409,85.436613,2021-03-09,14:06:00,Tuesday,Clear,Chowk/Intersection,Medium,Auto-Rickshaw,Serious,1
3956,25,Tatisilwai,23.3699409,85.436613,2023-05-29,08:48:00,Monday,Clear,Main Road,High,Two-Wheeler,Minor,0
3960,25,Tatisilwai,23.3699409,85.436613,2024-01-22,09:33:00,Monday,Clear,Chowk/Intersection,High,Car,Fatal,1
4032,25,Tatisilwai,23.3699409,85.436613,2022-05-18,08:27:00,Wednesday,Clear,Chowk/Intersection,Medium,Two-Wheeler,Serious,2
4122,25,Tatisilwai,23.3699409,85.436613,2021-10-14,19:19:00,Thursday,Clear,Chowk/Intersection,Low,Car,Minor,0
4133,25,Tatisilwai,23.3699409,85.436613,2022-06-03,09:45:00,Friday,Clear,Residential Road,Low,Car,Minor,1
4196,25,Tatisilwai,23.3699409,85.436613,2024-09-29,19:21:00,Sunday,Clear,Chowk/Intersection,Medium,Car,Minor,0
4228,25,Tatisilwai,23.3699409,85.436613,2024-02-06,09:08:00,Tuesday,Clear,Main Road,Low,Two-Wheeler,Minor,0
4248,25,Tatisilwai,23.3699409,85.436613,2021-08-30,19:35:00,Monday,Clear,Residential Road,Medium,Two-Wheeler,Minor,1
4266,25,Tatisilwai,23.3699409,85.436613,2024-07-08,10:44:00,Monday,Clear,Residential Road,High,Two-Wheeler,Minor,0
4283,25,Tatisilwai,23.3699409,85.436613,2022-10-24,10:58:00,Monday,Clear,Main Road,Medium,Auto-Rickshaw,Minor,1
4525,25,Tatisilwai,23.3699409,85.436613,2021-08-08,16:30:00,Sunday,Foggy,Chowk/Intersection,High,Two-Wheeler,Serious,2
4626,25,Tatisilwai,23.3699409,85.436613,2024-02-06,20:24:00,Tuesday,Foggy,Chowk/Intersection,Medium,Bus,Minor,0
4631,25,Tatisilwai,23.3699409,85.436613,2021-09-13,19:00:00,Monday,Clear,Main Road,Medium,Two-Wheeler,Minor,0
4663,25,Tatisilwai,23.3699409,85.436613,2024-10-13,09:58:00,Sunday,Clear,Highway,High,Two-Wheeler,Minor,0
4822,25,Tatisilwai,23.3699409,85.436613,2024-12-23,20:56:00,Monday,Rainy,Chowk/Intersection,Low,Car,Minor,0
4919,25,Tatisilwai,23.3699409,85.436613,2023-10-15,18:31:00,Sunday,Clear,Chowk/Intersection,High,Two-Wheeler,Minor,0
4970,25,Tatisilwai,23.3699409,85.436613,2023-09-08,08:04:00,Friday,Rainy,Highway,Medium,Two-Wheeler,Minor,0
5065,25,Tatisilwai,23.3699409,85.436613,2025-11-07,11:03:00,Friday,Foggy,Main Road,High,Car,Serious,3
5113,25,Tatisilwai,23.3699409,85.436613,2025-05-25,10:10:00,Sunday,Clear,Chowk/Intersection,Low,Car,Minor,0
5209,25,Tatisilwai,23.3699409,85.436613,2021-02-24,18:01:00,Wednesday,Rainy,Main Road,Low,Auto-Rickshaw,Serious,3
5234,25,Tatisilwai,23.3699409,85.436613,2024-06-11,19:21:00,Tuesday,Foggy,Residential Road,High,Two-Wheeler,Serious,2
5238,25,Tatisilwai,23.3699409,85.436613,2022-12-14,09:16:00,Wednesday,Clear,Highway,Medium,Bus,Fatal,1
5296,25,Tatisilwai,23.3699409,85.436613,2024-09-11,17:47:00,Wednesday,Clear,Main Road,Medium,Car,Serious,2
5304,25,Tatisilwai,23.3699409,85.436613,2025-12-21,08:01:00,Sunday,Rainy,Chowk/Intersection,High,Two-Wheeler,Fatal,1
5445,25,Tatisilwai,23.3699409,85.436613,2025-06-12,08:28:00,Thursday,Clear,Main Road,Medium,Car,Minor,0
5481,25,Tatisilwai,23.3699409,85.436613,2025-12-05,16:55:00,Friday,Clear,Main Road,Medium,Auto-Rickshaw,Serious,2
5492,25,Tatisilwai,23.3699409,85.436613,2023-03-05,18:54:00,Sunday,Clear,Highway,High,Two-Wheeler,Serious,1
5505,25,Tatisilwai,23.3699409,85.436613,2022-08-20,10:17:00,Saturday,Clear,Chowk/Intersection,Low,Two-Wheeler,Minor,1
5553,25,Tatisilwai,23.3699409,85.436613,2022-07-11,17:48:00,Monday,Foggy,Main Road,High,Two-Wheeler,Minor,1
5582,25,Tatisilwai,23.3699409,85.436613,2023-02-19,07:25:00,Sunday,Clear,Chowk/Intersection,Medium,Car,Minor,0
5711,25,Tatisilwai,23.3699409,85.436613,2025-01-29,09:43:00,Wednesday,Clear,Chowk/Intersection,Low,Car,Minor,0
5715,25,Tatisilwai,23.3699409,85.436613,2023-12-25,18:19:00,Monday,Clear,Residential Road,Medium,Truck,Minor,1
5782,25,Tatisilwai,23.3699409,85.436613,2024-09-14,11:11:00,Saturday,Clear,Chowk/Intersection,High,Auto-Rickshaw,Minor,1
5889,25,Tatisilwai,23.3699409,85.436613,2022-02-14,16:52:00,Monday,Rainy,Highway,High,Two-Wheeler,Fatal,2
5891,25,Tatisilwai,23.3699409,85.436613,2025-03-16,09:50:00,Sunday,Clear,Residential Road,High,Two-Wheeler,Fatal,1
5985,25,Tatisilwai,23.3699409,85.436613,2022-12-16,21:07:00,Friday,Clear,Residential Road,Low,Two-Wheeler,Fatal,1
5992,25,Tatisilwai,23.3699409,85.436613,2025-09-18,11:12:00,Thursday,Clear,Highway,Low,Two-Wheeler,Minor,0
6020,25,Tatisilwai,23.3699409,85.436613,2022-01-12,05:42:00,Wednesday,Clear,Main Road,Medium,Two-Wheeler,Minor,0
6092,25,Tatisilwai,23.3699409,85.436613,2024-09-19,05:32:00,Thursday,Rainy,Chowk/Intersection,Low,Car,Minor,0
6094,25,Tatisilwai,23.3699409,85.436613,2023-12-06,09:41:00,Wednesday,Clear,Main Road,Low,Car,Minor,1
6220,25,Tatisilwai,23.3699409,85.436613,2025-01-25,07:38:00,Saturday,Foggy,Chowk/Intersection,Medium,Bus,Minor,0
6255,25,Tatisilwai,23.3699409,85.436613,2025-10-03,17:49:00,Friday,Clear,Highway,Medium,Truck,Fatal,1
6263,25,Tatisilwai,23.3699409,85.436613,2024-11-24,16:37:00,Sunday,Clear,Highway,Medium,Car,Minor,1
6308,25,Tatisilwai,23.3699409,85.436613,2024-03-30,16:45:00,Saturday,Clear,Highway,High,Auto-Rickshaw,Fatal,1
6318,25,Tatisilwai,23.3699409,85.436613,2021-10-05,11:57:00,Tuesday,Clear,Chowk/Intersection,High,Truck,Fatal,2
6557,25,Tatisilwai,23.3699409,85.436613,2024-08-17,16:14:00,Saturday,Rainy,Chowk/Intersection,Low,Truck,Minor,1
6615,25,Tatisilwai,23.3699409,85.436613,2022-04-06,10:50:00,Wednesday,Clear,Residential Road,Medium,Truck,Serious,1
6643,25,Tatisilwai,23.3699409,85.436613,2023-06-07,08:39:00,Wednesday,Clear,Residential Road,Low,Car,Minor,0
6709,25,Tatisilwai,23.3699409,85.436613,2021-09-13,15:25:00,Monday,Foggy,Main Road,Medium,Car,Minor,0
6777,25,Tatisilwai,23.3699409,85.436613,2025-10-21,15:39:00,Tuesday,Clear,Chowk/Intersection,Low,Auto-Rickshaw,Minor,1
6988,25,Tatisilwai,23.3699409,85.436613,2021-09-20,07:37:00,Monday,Clear,Main Road,High,Two-Wheeler,Minor,1
7042,25,Tatisilwai,23.3699409,85.436613,2025-06-23,09:35:00,Monday,Rainy,Main Road,Medium,Bus,Serious,1
7062,25,Tatisilwai,23.3699409,85.436613,2022-11-28,09:04:00,Monday,Stormy,Main Road,Medium,Car,Minor,0
7063,25,Tatisilwai,23.3699409,85.436613,2022-12-16,18:25:00,Friday,Rainy,Chowk/Intersection,Medium,Two-Wheeler,Minor,1
7088,25,Tatisilwai,23.3699409,85.436613,2021-02-27,18:06:00,Saturday,Clear,Chowk/Intersection,Medium,Auto-Rickshaw,Minor,0
7096,25,Tatisilwai,23.3699409,85.436613,2021-01-16,08:29:00,Saturday,Clear,Chowk/Intersection,Medium,Two-Wheeler,Minor,1
7098,25,Tatisilwai,23.3699409,85.436613,2022-10-21,08:22:00,Friday,Clear,Chowk/Intersection,Medium,Two-Wheeler,Minor,1
7263,25,Tatisilwai,23.3699409,85.436613,2021-03-01,09:42:00,Monday,Clear,Residential Road,Medium,Two-Wheeler,Minor,0
7267,25,Tatisilwai,23.3699409,85.436613,2022-06-28,07:52:00,Tuesday,Rainy,Chowk/Intersection,Medium,Car,Minor,0
7269,25,Tatisilwai,23.3699409,85.436613,2025-03-31,16:33:00,Monday,Rainy,Main Road,High,Auto-Rickshaw,Minor,0
7274,25,Tatisilwai,23.3699409,85.436613,2021-07-29,19:41:00,Thursday,Clear,Residential Road,High,Bus,Fatal,2
7306,25,Tatisilwai,23.3699409,85.436613,2025-08-05,07:57:00,Tuesday,Foggy,Chowk/Intersection,Low,Car,Minor,1
7334,25,Tatisilwai,23.3699409,85.436613,2023-10-04,18:53:00,Wednesday,Clear,Highway,Low,Auto-Rickshaw,Fatal,1
7372,25,Tatisilwai,23.3699409,85.436613,2023-02-09,08:30:00,Thursday,Stormy,Main Road,High,Two-Wheeler,Minor,0
7410,25,Tatisilwai,23.3699409,85.436613,2021-03-10,20:52:00,Wednesday,Clear,Chowk/Intersection,High,Two-Wheeler,Fatal,1
7515,25,Tatisilwai,23.3699409,85.436613,2025-12-18,08:41:00,Thursday,Rainy,Main Road,High,Car,Minor,1
7564,25,Tatisilwai,23.3699409,85.436613,2021-06-08,19:37:00,Tuesday,Rainy,Highway,Medium,Auto-Rickshaw,Serious,2
7588,25,Tatisilwai,23.3699409,85.436613,2024-06-19,09:21:00,Wednesday,Clear,Highway,Low,Car,Fatal,2
7617,25,Tatisilwai,23.3699409,85.436613,2025-01-29,20:41:00,Wednesday,Rainy,Residential Road,High,Car,Minor,0
7665,25,Tatisilwai,23.3699409,85.436613,2025-08-17,19:06:00,Sunday,Foggy,Highway,Low,Truck,Serious,1
7682,25,Tatisilwai,23.3699409,85.436613,2022-03-17,09:19:00,Thursday,Foggy,Highway,Low,Two-Wheeler,Minor,1
7925,25,Tatisilwai,23.3699409,85.436613,2023-05-15,18:44:00,Monday,Rainy,Chowk/Intersection,Low,Truck,Minor,0
18,26,Ormanjhi,23.506051,85.4737115,2022-07-29,09:16:00,Friday,Stormy,Highway,High,Car,Fatal,1
30,26,Ormanjhi,23.506051,85.4737115,2022-11-14,10:45:00,Monday,Rainy,Chowk/Intersection,High,Auto-Rickshaw,Minor,0
83,26,Ormanjhi,23.506051,85.4737115,2023-10-05,12:33:00,Thursday,Clear,Main Road,Low,Car,Minor,0
158,26,Ormanjhi,23.506051,85.4737115,2025-08-22,08:03:00,Friday,Clear,Highway,Low,Two-Wheeler,Serious,1
226,26,Ormanjhi,23.506051,85.4737115,2025-01-09,09:25:00,Thursday,Rainy,Chowk/Intersection,Medium,Two-Wheeler,Fatal,2
233,26,Ormanjhi,23.506051,85.4737115,2024-03-08,16:57:00,Friday,Clear,Chowk/Intersection,Medium,Two-Wheeler,Minor,1
239,26,Ormanjhi,23.506051,85.4737115,2023-12-29,18:02:00,Friday,Clear,Chowk/Intersection,Medium,Auto-Rickshaw,Minor,1
242,26,Ormanjhi,23.506051,85.4737115,2021-09-06,18:39:00,Monday,Clear,Chowk/Intersection,High,Two-Wheeler,Minor,0
304,26,Ormanjhi,23.506051,85.4737115,2025-07-25,10:01:00,Friday,Clear,Chowk/Intersection,Medium,Car,Fatal,1
443,26,Ormanjhi,23.506051,85.4737115,2022-01-30,10:52:00,Sunday,Clear,Residential Road,High,Two-Wheeler,Minor,1
477,26,Ormanjhi,23.506051,85.4737115,2024-02-04,18:50:00,Sunday,Clear,Chowk/Intersection,Low,Two-Wheeler,Minor,0
490,26,Ormanjhi,23.506051,85.4737115,2023-02-06,08:10:00,Monday,Clear,Chowk/Intersection,High,Car,Serious,2
556,26,Ormanjhi,23.506051,85.4737115,2025-05-13,17:07:00,Tuesday,Clear,Main Road,Medium,Bus,Serious,2
613,26,Ormanjhi,23.506051,85.4737115,2024-05-06,19:55:00,Monday,Clear,Highway,Medium,Auto-Rickshaw,Serious,1
687,26,Ormanjhi,23.506051,85.4737115,2024-01-11,16:37:00,Thursday,Clear,Chowk/Intersection,Medium,Auto-Rickshaw,Serious,3
735,26,Ormanjhi,23.506051,85.4737115,2024-03-16,22:18:00,Saturday,Clear,Highway,High,Two-Wheeler,Minor,1
803,26,Ormanjhi,23.506051,85.4737115,2023-01-16,18:03:00,Monday,Clear,Main Road,Low,Two-Wheeler,Minor,0
829,26,Ormanjhi,23.506051,85.4737115,2024-08-19,21:36:00,Monday,Rainy,Residential Road,Low,Two-Wheeler,Minor,0
890,26,Ormanjhi,23.506051,85.4737115,2022-08-13,08:04:00,Saturday,Clear,Main Road,Low,Two-Wheeler,Minor,0
962,26,Ormanjhi,23.506051,85.4737115,2025-12-09,22:29:00,Tuesday,Foggy,Residential Road,High,Car,Serious,2
1013,26,Ormanjhi,23.506051,85.4737115,2022-10-22,18:12:00,Saturday,Clear,Residential Road,Low,Car,Minor,0
1099,26,Ormanjhi,23.506051,85.4737115,2023-08-29,07:59:00,Tuesday,Clear,Chowk/Intersection,High,Two-Wheeler,Minor,1
1109,26,Ormanjhi,23.506051,85.4737115,2024-02-13,17:33:00,Tuesday,Stormy,Chowk/Intersection,Medium,Truck,Serious,1
1168,26,Ormanjhi,23.506051,85.4737115,2021-09-24,17:22:00,Friday,Rainy,Chowk/Intersection,High,Car,Minor,0
1203,26,Ormanjhi,23.506051,85.4737115,2025-01-11,18:53:00,Saturday,Clear,Highway,Medium,Car,Fatal,3
1221,26,Ormanjhi,23.506051,85.4737115,2022-10-29,10:06:00,Saturday,Clear,Chowk/Intersection,Low,Auto-Rickshaw,Serious,1
1278,26,Ormanjhi,23.506051,85.4737115,2021-09-05,19:02:00,Sunday,Rainy,Main Road,High,Bus,Serious,1
1290,26,Ormanjhi,23.506051,85.4737115,2021-04-21,11:23:00,Wednesday,Clear,Main Road,Medium,Two-Wheeler,Serious,3
1296,26,Ormanjhi,23.506051,85.4737115,2023-05-17,20:19:00,Wednesday,Clear,Main Road,Medium,Auto-Rickshaw,Minor,1
1408,26,Ormanjhi,23.506051,85.4737115,2025-09-12,10:17:00,Friday,Rainy,Highway,Medium,Two-Wheeler,Fatal,1
1479,26,Ormanjhi,23.506051,85.4737115,2024-11-06,20:28:00,Wednesday,Clear,Main Road,Low,Two-Wheeler,Minor,0
1486,26,Ormanjhi,23.506051,85.4737115,2024-09-01,08:39:00,Sunday,Clear,Main Road,Medium,Two-Wheeler,Fatal,1
1718,26,Ormanjhi,23.506051,85.4737115,2024-04-06,11:40:00,Saturday,Clear,Residential Road,Low,Car,Minor,0
1729,26,Ormanjhi,23.506051,85.4737115,2023-10-17,08:22:00,Tuesday,Foggy,Highway,Medium,Two-Wheeler,Serious,2
1798,26,Ormanjhi,23.506051,85.4737115,2025-11-09,09:07:00,Sunday,Clear,Chowk/Intersection,Medium,Car,Minor,0
1918,26,Ormanjhi,23.506051,85.4737115,2023-10-15,08:45:00,Sunday,Foggy,Highway,Medium,Truck,Serious,1
1983,26,Ormanjhi,23.506051,85.4737115,2022-03-04,10:53:00,Friday,Clear,Main Road,Medium,Car,Minor,1
1997,26,Ormanjhi,23.506051,85.4737115,2024-04-12,09:57:00,Friday,Stormy,Chowk/Intersection,Low,Two-Wheeler,Fatal,1
2041,26,Ormanjhi,23.506051,85.4737115,2021-01-31,19:14:00,Sunday,Clear,Main Road,Medium,Two-Wheeler,Serious,1
2177,26,Ormanjhi,23.506051,85.4737115,2023-03-07,21:03:00,Tuesday,Rainy,Chowk/Intersection,Medium,Two-Wheeler,Serious,1
2234,26,Ormanjhi,23.506051,85.4737115,2025-11-11,16:21:00,Tuesday,Clear,Main Road,Medium,Two-Wheeler,Fatal,1
2257,26,Ormanjhi,23.506051,85.4737115,2024-01-13,18:34:00,Saturday,Stormy,Chowk/Intersection,High,Two-Wheeler,Minor,0
2287,26,Ormanjhi,23.506051,85.4737115,2024-05-31,19:40:00,Friday,Clear,Main Road,Medium,Car,Serious,1
2340,26,Ormanjhi,23.506051,85.4737115,2022-11-17,08:46:00,Thursday,Clear,Highway,High,Truck,Minor,0
2379,26,Ormanjhi,23.506051,85.4737115,2024-09-12,06:35:00,Thursday,Rainy,Chowk/Intersection,Low,Car,Minor,0
2395,26,Ormanjhi,23.506051,85.4737115,2021-02-26,08:49:00,Friday,Clear,Highway,Medium,Car,Fatal,2
2397,26,Ormanjhi,23.506051,85.4737115,2024-09-25,10:30:00,Wednesday,Clear,Highway,High,Car,Serious,1
2471,26,Ormanjhi,23.506051,85.4737115,2024-05-21,12:03:00,Tuesday,Clear,Main Road,Medium,Two-Wheeler,Serious,3
2600,26,Ormanjhi,23.506051,85.4737115,2024-08-27,09:02:00,Tuesday,Clear,Chowk/Intersection,Medium,Car,Minor,0
2608,26,Ormanjhi,23.506051,85.4737115,2023-05-18,11:44:00,Thursday,Clear,Highway,Low,Truck,Minor,0
2625,26,Ormanjhi,23.506051,85.4737115,2022-10-07,07:50:00,Friday,Rainy,Residential Road,High,Two-Wheeler,Serious,3
2742,26,Ormanjhi,23.506051,85.4737115,2021-12-24,08:24:00,Friday,Clear,Highway,High,Truck,Minor,0
2793,26,Ormanjhi,23.506051,85.4737115,2023-03-27,08:32:00,Monday,Rainy,Chowk/Intersection,High,Two-Wheeler,Minor,0
2834,26,Ormanjhi,23.506051,85.4737115,2024-06-19,19:51:00,Wednesday,Clear,Chowk/Intersection,Low,Car,Minor,0
2906,26,Ormanjhi,23.506051,85.4737115,2023-08-05,06:14:00,Saturday,Clear,Highway,Medium,Car,Minor,0
2934,26,Ormanjhi,23.506051,85.4737115,2022-12-03,09:42:00,Saturday,Foggy,Main Road,Medium,Car,Minor,0
2957,26,Ormanjhi,23.506051,85.4737115,2025-01-13,18:31:00,Monday,Clear,Main Road,Low,Auto-Rickshaw,Minor,1
2969,26,Ormanjhi,23.506051,85.4737115,2024-07-24,17:30:00,Wednesday,Clear,Main Road,Low,Auto-Rickshaw,Minor,0
3017,26,Ormanjhi,23.506051,85.4737115,2021-04-24,17:17:00,Saturday,Clear,Main Road,Medium,Car,Minor,0
3042,26,Ormanjhi,23.506051,85.4737115,2021-05-15,10:22:00,Saturday,Clear,Main Road,Low,Bus,Serious,2
3070,26,Ormanjhi,23.506051,85.4737115,2021-05-26,11:39:00,Wednesday,Rainy,Chowk/Intersection,High,Two-Wheeler,Minor,0
3117,26,Ormanjhi,23.506051,85.4737115,2023-12-16,16:49:00,Saturday,Clear,Chowk/Intersection,Low,Car,Minor,0
3186,26,Ormanjhi,23.506051,85.4737115,2023-02-19,21:15:00,Sunday,Clear,Main Road,High,Car,Minor,0
3189,26,Ormanjhi,23.506051,85.4737115,2023-05-30,19:46:00,Tuesday,Clear,Main Road,High,Bus,Minor,0
3211,26,Ormanjhi,23.506051,85.4737115,2021-07-07,21:01:00,Wednesday,Clear,Chowk/Intersection,Low,Car,Serious,1
3248,26,Ormanjhi,23.506051,85.4737115,2024-10-18,10:34:00,Friday,Rainy,Residential Road,High,Two-Wheeler,Minor,1
3291,26,Ormanjhi,23.506051,85.4737115,2021-12-21,17:02:00,Tuesday,Foggy,Residential Road,Low,Two-Wheeler,Minor,0
3341,26,Ormanjhi,23.506051,85.4737115,2024-01-25,20:52:00,Thursday,Foggy,Main Road,High,Bus,Serious,3
3347,26,Ormanjhi,23.506051,85.4737115,2022-01-06,08:55:00,Thursday,Clear,Residential Road,High,Car,Fatal,2
3362,26,Ormanjhi,23.506051,85.4737115,2023-09-27,19:51:00,Wednesday,Clear,Chowk/Intersection,Low,Car,Minor,0
3456,26,Ormanjhi,23.506051,85.4737115,2022-02-11,18:04:00,Friday,Clear,Chowk/Intersection,Medium,Auto-Rickshaw,Minor,0
3562,26,Ormanjhi,23.506051,85.4737115,2023-07-01,06:52:00,Saturday,Clear,Chowk/Intersection,High,Car,Minor,0
3581,26,Ormanjhi,23.506051,85.4737115,2024-04-29,08:59:00,Monday,Clear,Main Road,Low,Two-Wheeler,Minor,0
3667,26,Ormanjhi,23.506051,85.4737115,2024-08-31,16:13:00,Saturday,Clear,Residential Road,High,Car,Serious,1
3680,26,Ormanjhi,23.506051,85.4737115,2021-03-09,08:05:00,Tuesday,Clear,Chowk/Intersection,Medium,Truck,Minor,1
3773,26,Ormanjhi,23.506051,85.4737115,2023-01-17,10:15:00,Tuesday,Clear,Highway,Medium,Two-Wheeler,Serious,1
3803,26,Ormanjhi,23.506051,85.4737115,2024-12-29,08:32:00,Sunday,Foggy,Main Road,High,Truck,Fatal,3
3840,26,Ormanjhi,23.506051,85.4737115,2022-09-16,11:49:00,Friday,Clear,Highway,High,Car,Minor,0
3871,26,Ormanjhi,23.506051,85.4737115,2021-04-02,10:22:00,Friday,Clear,Chowk/Intersection,Medium,Auto-Rickshaw,Minor,1
3873,26,Ormanjhi,23.506051,85.4737115,2023-10-01,15:16:00,Sunday,Foggy,Main Road,Medium,Car,Minor,0
3965,26,Ormanjhi,23.506051,85.4737115,2021-08-04,18:34:00,Wednesday,Clear,Main Road,Low,Auto-Rickshaw,Serious,2
3977,26,Ormanjhi,23.506051,85.4737115,2024-10-22,09:22:00,Tuesday,Foggy,Main Road,High,Two-Wheeler,Minor,0
3986,26,Ormanjhi,23.506051,85.4737115,2025-05-15,08:43:00,Thursday,Clear,Chowk/Intersection,High,Two-Wheeler,Minor,0
4004,26,Ormanjhi,23.506051,85.4737115,2021-04-07,19:42:00,Wednesday,Rainy,Chowk/Intersection,Low,Two-Wheeler,Minor,0
4017,26,Ormanjhi,23.506051,85.4737115,2023-02-16,09:06:00,Thursday,Clear,Chowk/Intersection,Medium,Two-Wheeler,Minor,0
4086,26,Ormanjhi,23.506051,85.4737115,2021-04-22,10:51:00,Thursday,Clear,Residential Road,Low,Two-Wheeler,Fatal,2
4096,26,Ormanjhi,23.506051,85.4737115,2025-05-18,06:42:00,Sunday,Clear,Main Road,High,Two-Wheeler,Serious,2
4108,26,Ormanjhi,23.506051,85.4737115,2024-12-20,06:19:00,Friday,Rainy,Highway,Medium,Two-Wheeler,Minor,0
4142,26,Ormanjhi,23.506051,85.4737115,2023-07-27,04:30:00,Thursday,Rainy,Main Road,High,Two-Wheeler,Minor,0
4211,26,Ormanjhi,23.506051,85.4737115,2024-06-29,08:33:00,Saturday,Clear,Residential Road,Medium,Auto-Rickshaw,Fatal,1
4296,26,Ormanjhi,23.506051,85.4737115,2022-01-19,18:30:00,Wednesday,Foggy,Chowk/Intersection,Medium,Two-Wheeler,Minor,1
4337,26,Ormanjhi,23.506051,85.4737115,2021-04-09,18:43:00,Friday,Clear,Residential Road,Low,Two-Wheeler,Minor,1
4456,26,Ormanjhi,23.506051,85.4737115,2023-09-04,14:44:00,Monday,Rainy,Main Road,Medium,Two-Wheeler,Serious,1
4595,26,Ormanjhi,23.506051,85.4737115,2024-02-24,08:09:00,Saturday,Clear,Residential Road,Medium,Two-Wheeler,Serious,1
4614,26,Ormanjhi,23.506051,85.4737115,2024-12-07,11:19:00,Saturday,Foggy,Main Road,High,Two-Wheeler,Serious,2
4628,26,Ormanjhi,23.506051,85.4737115,2024-01-20,06:32:00,Saturday,Rainy,Highway,High,Two-Wheeler,Minor,0
4642,26,Ormanjhi,23.506051,85.4737115,2023-05-20,08:31:00,Saturday,Clear,Residential Road,Medium,Car,Minor,1
4656,26,Ormanjhi,23.506051,85.4737115,2021-11-04,19:59:00,Thursday,Clear,Chowk/Intersection,High,Auto-Rickshaw,Minor,1
4687,26,Ormanjhi,23.506051,85.4737115,2024-11-11,09:38:00,Monday,Clear,Chowk/Intersection,Medium,Truck,Minor,1
4722,26,Ormanjhi,23.506051,85.4737115,2023-06-01,18:10:00,Thursday,Clear,Main Road,Low,Two-Wheeler,Serious,2
4860,26,Ormanjhi,23.506051,85.4737115,2023-02-24,07:36:00,Friday,Stormy,Chowk/Intersection,High,Two-Wheeler,Fatal,1
4897,26,Ormanjhi,23.506051,85.4737115,2024-08-30,09:14:00,Friday,Clear,Main Road,Medium,Bus,Minor,0
4941,26,Ormanjhi,23.506051,85.4737115,2024-03-23,10:10:00,Saturday,Clear,Chowk/Intersection,Medium,Two-Wheeler,Minor,1
4945,26,Ormanjhi,23.506051,85.4737115,2022-10-22,04:59:00,Saturday,Foggy,Chowk/Intersection,Medium,Car,Minor,0
4966,26,Ormanjhi,23.506051,85.4737115,2023-01-28,17:42:00,Saturday,Clear,Chowk/Intersection,High,Two-Wheeler,Minor,0
5067,26,Ormanjhi,23.506051,85.4737115,2025-02-21,18:31:00,Friday,Clear,Highway,Low,Car,Minor,0
5106,26,Ormanjhi,23.506051,85.4737115,2024-03-03,20:43:00,Sunday,Clear,Chowk/Intersection,High,Two-Wheeler,Minor,0
5145,26,Ormanjhi,23.506051,85.4737115,2021-11-23,08:03:00,Tuesday,Foggy,Chowk/Intersection,Medium,Car,Minor,0
5146,26,Ormanjhi,23.506051,85.4737115,2022-06-30,10:32:00,Thursday,Clear,Residential Road,High,Car,Minor,0
5200,26,Ormanjhi,23.506051,85.4737115,2024-06-24,10:50:00,Monday,Rainy,Residential Road,Medium,Car,Minor,1
5211,26,Ormanjhi,23.506051,85.4737115,2024-09-05,19:54:00,Thursday,Clear,Chowk/Intersection,Medium,Truck,Serious,1
5359,26,Ormanjhi,23.506051,85.4737115,2024-04-16,17:52:00,Tuesday,Clear,Highway,Low,Two-Wheeler,Serious,3
5417,26,Ormanjhi,23.506051,85.4737115,2025-11-08,08:47:00,Saturday,Clear,Chowk/Intersection,High,Car,Minor,1
5533,26,Ormanjhi,23.506051,85.4737115,2021-01-29,10:34:00,Friday,Clear,Chowk/Intersection,High,Truck,Serious,3
5569,26,Ormanjhi,23.506051,85.4737115,2023-10-11,09:10:00,Wednesday,Clear,Chowk/Intersection,High,Auto-Rickshaw,Minor,0
5587,26,Ormanjhi,23.506051,85.4737115,2023-01-29,08:23:00,Sunday,Clear,Main Road,Low,Auto-Rickshaw,Fatal,1
5660,26,Ormanjhi,23.506051,85.4737115,2023-01-21,08:22:00,Saturday,Rainy,Residential Road,High,Truck,Minor,1
5693,26,Ormanjhi,23.506051,85.4737115,2023-10-24,19:24:00,Tuesday,Clear,Chowk/Intersection,High,Two-Wheeler,Minor,0
5704,26,Ormanjhi,23.506051,85.4737115,2024-06-15,14:29:00,Saturday,Foggy,Highway,High,Two-Wheeler,Serious,3
5713,26,Ormanjhi,23.506051,85.4737115,2024-08-04,19:55:00,Sunday,Rainy,Chowk/Intersection,Low,Two-Wheeler,Minor,1
5836,26,Ormanjhi,23.506051,85.4737115,2025-12-24,20:13:00,Wednesday,Clear,Highway,High,Two-Wheeler,Minor,0
5906,26,Ormanjhi,23.506051,85.4737115,2025-04-09,13:43:00,Wednesday,Clear,Highway,High,Car,Fatal,2
5941,26,Ormanjhi,23.506051,85.4737115,2023-08-24,08:06:00,Thursday,Clear,Highway,Medium,Car,Minor,1
5984,26,Ormanjhi,23.506051,85.4737115,2022-06-01,15:35:00,Wednesday,Clear,Chowk/Intersection,High,Auto-Rickshaw,Serious,2
6049,26,Ormanjhi,23.506051,85.4737115,2023-01-02,10:44:00,Monday,Clear,Chowk/Intersection,Medium,Auto-Rickshaw,Minor,0
6107,26,Ormanjhi,23.506051,85.4737115,2024-05-18,08:24:00,Saturday,Rainy,Main Road,High,Auto-Rickshaw,Fatal,3
6127,26,Ormanjhi,23.506051,85.4737115,2023-06-28,08:29:00,Wednesday,Clear,Chowk/Intersection,Low,Bus,Fatal,2
6148,26,Ormanjhi,23.506051,85.4737115,2023-07-16,09:44:00,Sunday,Clear,Residential Road,Medium,Truck,Serious,1
6155,26,Ormanjhi,23.506051,85.4737115,2022-11-08,20:10:00,Tuesday,Clear,Main Road,Low,Truck,Fatal,1
6162,26,Ormanjhi,23.506051,85.4737115,2022-11-13,07:12:00,Sunday,Foggy,Main Road,High,Two-Wheeler,Minor,1
6168,26,Ormanjhi,23.506051,85.4737115,2025-09-22,08:19:00,Monday,Clear,Residential Road,High,Car,Minor,0
6246,26,Ormanjhi,23.506051,85.4737115,2021-02-27,20:23:00,Saturday,Clear,Main Road,Medium,Two-Wheeler,Minor,0
6259,26,Ormanjhi,23.506051,85.4737115,2021-09-12,08:10:00,Sunday,Clear,Highway,Low,Two-Wheeler,Minor,1
6335,26,Ormanjhi,23.506051,85.4737115,2024-03-25,10:18:00,Monday,Rainy,Highway,Medium,Auto-Rickshaw,Serious,1
6358,26,Ormanjhi,23.506051,85.4737115,2024-05-04,10:06:00,Saturday,Stormy,Chowk/Intersection,Medium,Two-Wheeler,Fatal,1
6381,26,Ormanjhi,23.506051,85.4737115,2021-03-23,19:07:00,Tuesday,Clear,Chowk/Intersection,Low,Auto-Rickshaw,Minor,0
6391,26,Ormanjhi,23.506051,85.4737115,2021-09-13,18:12:00,Monday,Clear,Chowk/Intersection,Medium,Car,Serious,2
6450,26,Ormanjhi,23.506051,85.4737115,2024-01-31,07:34:00,Wednesday,Rainy,Highway,Medium,Two-Wheeler,Fatal,2
6516,26,Ormanjhi,23.506051,85.4737115,2022-09-10,10:01:00,Saturday,Foggy,Chowk/Intersection,High,Two-Wheeler,Fatal,1
6547,26,Ormanjhi,23.506051,85.4737115,2023-05-11,19:18:00,Thursday,Stormy,Main Road,High,Two-Wheeler,Minor,1
6611,26,Ormanjhi,23.506051,85.4737115,2023-05-13,09:39:00,Saturday,Clear,Residential Road,High,Two-Wheeler,Minor,0
6612,26,Ormanjhi,23.506051,85.4737115,2021-02-01,19:15:00,Monday,Foggy,Main Road,Medium,Truck,Serious,2
6625,26,Ormanjhi,23.506051,85.4737115,2025-04-15,17:19:00,Tuesday,Rainy,Chowk/Intersection,Low,Two-Wheeler,Minor,0
6634,26,Ormanjhi,23.506051,85.4737115,2021-08-26,08:53:00,Thursday,Foggy,Main Road,High,Bus,Minor,0
6722,26,Ormanjhi,23.506051,85.4737115,2021-01-18,09:18:00,Monday,Clear,Chowk/Intersection,Medium,Bus,Minor,0
6743,26,Ormanjhi,23.506051,85.4737115,2024-03-15,19:52:00,Friday,Foggy,Highway,Medium,Two-Wheeler,Minor,0
6775,26,Ormanjhi,23.506051,85.4737115,2025-07-02,17:35:00,Wednesday,Rainy,Residential Road,High,Two-Wheeler,Minor,0
6786,26,Ormanjhi,23.506051,85.4737115,2021-02-20,19:41:00,Saturday,Clear,Chowk/Intersection,Medium,Auto-Rickshaw,Serious,1
6791,26,Ormanjhi,23.506051,85.4737115,2023-08-20,18:15:00,Sunday,Rainy,Main Road,Medium,Two-Wheeler,Serious,2
6816,26,Ormanjhi,23.506051,85.4737115,2023-01-30,06:21:00,Monday,Clear,Main Road,Medium,Two-Wheeler,Minor,0
6969,26,Ormanjhi,23.506051,85.4737115,2022-01-07,08:29:00,Friday,Foggy,Highway,Medium,Two-Wheeler,Fatal,1
6992,26,Ormanjhi,23.506051,85.4737115,2024-09-24,20:17:00,Tuesday,Clear,Chowk/Intersection,High,Two-Wheeler,Fatal,4
7002,26,Ormanjhi,23.506051,85.4737115,2025-10-27,16:35:00,Monday,Foggy,Main Road,High,Truck,Serious,1
7015,26,Ormanjhi,23.506051,85.4737115,2022-01-20,09:32:00,Thursday,Clear,Chowk/Intersection,Medium,Car,Minor,0
7039,26,Ormanjhi,23.506051,85.4737115,2023-04-09,22:28:00,Sunday,Clear,Chowk/Intersection,High,Bus,Minor,0
7051,26,Ormanjhi,23.506051,85.4737115,2025-08-28,15:46:00,Thursday,Stormy,Residential Road,Medium,Two-Wheeler,Serious,1
7144,26,Ormanjhi,23.506051,85.4737115,2022-08-07,14:25:00,Sunday,Foggy,Main Road,Low,Car,Serious,1
7183,26,Ormanjhi,23.506051,85.4737115,2025-11-16,18:30:00,Sunday,Clear,Highway,Medium,Car,Minor,0
7188,26,Ormanjhi,23.506051,85.4737115,2025-11-18,18:26:00,Tuesday,Stormy,Chowk/Intersection,Medium,Two-Wheeler,Serious,1
7212,26,Ormanjhi,23.506051,85.4737115,2022-09-22,08:34:00,Thursday,Foggy,Main Road,Medium,Truck,Minor,0
7319,26,Ormanjhi,23.506051,85.4737115,2025-12-25,16:03:00,Thursday,Clear,Main Road,Medium,Car,Minor,0
7354,26,Ormanjhi,23.506051,85.4737115,2025-02-03,18:57:00,Monday,Clear,Highway,High,Auto-Rickshaw,Serious,1
7368,26,Ormanjhi,23.506051,85.4737115,2022-12-18,19:18:00,Sunday,Foggy,Highway,High,Two-Wheeler,Serious,2
7393,26,Ormanjhi,23.506051,85.4737115,2022-10-20,08:58:00,Thursday,Clear,Chowk/Intersection,High,Auto-Rickshaw,Fatal,2
7408,26,Ormanjhi,23.506051,85.4737115,2023-08-30,07:50:00,Wednesday,Clear,Highway,High,Two-Wheeler,Minor,1
7437,26,Ormanjhi,23.506051,85.4737115,2023-07-24,07:37:00,Monday,Clear,Residential Road,Medium,Truck,Serious,1
7473,26,Ormanjhi,23.506051,85.4737115,2021-06-24,19:44:00,Thursday,Clear,Chowk/Intersection,Medium,Auto-Rickshaw,Minor,1
7507,26,Ormanjhi,23.506051,85.4737115,2025-04-12,19:03:00,Saturday,Rainy,Chowk/Intersection,High,Two-Wheeler,Minor,0
7523,26,Ormanjhi,23.506051,85.4737115,2023-06-21,06:41:00,Wednesday,Rainy,Chowk/Intersection,Low,Auto-Rickshaw,Fatal,1
7608,26,Ormanjhi,23.506051,85.4737115,2024-11-09,11:43:00,Saturday,Clear,Chowk/Intersection,Low,Two-Wheeler,Serious,2
7650,26,Ormanjhi,23.506051,85.4737115,2022-12-04,09:55:00,Sunday,Clear,Main Road,Medium,Auto-Rickshaw,Minor,0
7652,26,Ormanjhi,23.506051,85.4737115,2024-09-02,17:16:00,Monday,Clear,Highway,Low,Two-Wheeler,Serious,2
7791,26,Ormanjhi,23.506051,85.4737115,2024-03-31,09:39:00,Sunday,Clear,Main Road,Low,Two-Wheeler,Serious,1
7799,26,Ormanjhi,23.506051,85.4737115,2023-12-22,17:59:00,Friday,Rainy,Main Road,Medium,Two-Wheeler,Serious,1
7813,26,Ormanjhi,23.506051,85.4737115,2025-12-06,11:14:00,Saturday,Stormy,Chowk/Intersection,Low,Two-Wheeler,Serious,2
7817,26,Ormanjhi,23.506051,85.4737115,2023-01-03,19:35:00,Tuesday,Clear,Main Road,Medium,Truck,Serious,3
7833,26,Ormanjhi,23.506051,85.4737115,2025-07-23,09:48:00,Wednesday,Clear,Chowk/Intersection,Medium,Bus,Minor,0
7866,26,Ormanjhi,23.506051,85.4737115,2023-01-31,19:43:00,Tuesday,Clear,Main Road,Medium,Car,Minor,1
7897,26,Ormanjhi,23.506051,85.4737115,2022-03-18,20:05:00,Friday,Clear,Main Road,Medium,Auto-Rickshaw,Serious,1
7920,26,Ormanjhi,23.506051,85.4737115,2023-05-29,12:30:00,Monday,Clear,Main Road,High,Auto-Rickshaw,Minor,1
7949,26,Ormanjhi,23.506051,85.4737115,2025-07-07,10:07:00,Monday,Clear,Highway,Medium,Auto-Rickshaw,Minor,0
7957,26,Ormanjhi,23.506051,85.4737115,2025-12-25,16:46:00,Thursday,Foggy,Main Road,Medium,Two-Wheeler,Minor,0
56,27,Piska More,23.3774728,85.3127289,2022-06-18,09:57:00,Saturday,Clear,Chowk/Intersection,High,Car,Serious,1
119,27,Piska More,23.3774728,85.3127289,2022-07-27,07:01:00,Wednesday,Stormy,Main Road,High,Auto-Rickshaw,Serious,2
267,27,Piska More,23.3774728,85.3127289,2024-10-23,18:00:00,Wednesday,Stormy,Main Road,Medium,Car,Minor,0
280,27,Piska More,23.3774728,85.3127289,2022-09-14,10:04:00,Wednesday,Clear,Highway,Low,Two-Wheeler,Serious,1
363,27,Piska More,23.3774728,85.3127289,2025-10-06,09:45:00,Monday,Clear,Chowk/Intersection,Low,Car,Serious,1
446,27,Piska More,23.3774728,85.3127289,2024-08-13,18:21:00,Tuesday,Foggy,Main Road,Medium,Truck,Minor,0
538,27,Piska More,23.3774728,85.3127289,2024-05-20,10:15:00,Monday,Stormy,Highway,Medium,Two-Wheeler,Serious,2
588,27,Piska More,23.3774728,85.3127289,2022-10-05,18:23:00,Wednesday,Clear,Residential Road,High,Two-Wheeler,Fatal,1
666,27,Piska More,23.3774728,85.3127289,2023-04-12,09:31:00,Wednesday,Rainy,Main Road,Low,Bus,Serious,1
676,27,Piska More,23.3774728,85.3127289,2024-04-04,08:36:00,Thursday,Stormy,Residential Road,High,Auto-Rickshaw,Fatal,1
771,27,Piska More,23.3774728,85.3127289,2021-01-20,13:47:00,Wednesday,Foggy,Highway,Medium,Two-Wheeler,Serious,2
910,27,Piska More,23.3774728,85.3127289,2024-02-06,07:15:00,Tuesday,Clear,Chowk/Intersection,Medium,Two-Wheeler,Minor,0
915,27,Piska More,23.3774728,85.3127289,2025-10-02,09:45:00,Thursday,Clear,Main Road,High,Bus,Serious,1
1064,27,Piska More,23.3774728,85.3127289,2023-01-01,19:35:00,Sunday,Clear,Highway,Low,Car,Minor,0
1073,27,Piska More,23.3774728,85.3127289,2022-03-18,18:27:00,Friday,Rainy,Chowk/Intersection,Medium,Two-Wheeler,Minor,1
1124,27,Piska More,23.3774728,85.3127289,2022-08-11,08:18:00,Thursday,Clear,Chowk/Intersection,Medium,Auto-Rickshaw,Serious,1
1414,27,Piska More,23.3774728,85.3127289,2021-10-26,08:52:00,Tuesday,Clear,Chowk/Intersection,Low,Two-Wheeler,Minor,1
1504,27,Piska More,23.3774728,85.3127289,2025-06-21,07:44:00,Saturday,Clear,Chowk/Intersection,Medium,Two-Wheeler,Minor,1
1512,27,Piska More,23.3774728,85.3127289,2021-04-14,19:49:00,Wednesday,Clear,Chowk/Intersection,Medium,Auto-Rickshaw,Serious,2
1562,27,Piska More,23.3774728,85.3127289,2025-06-22,09:17:00,Sunday,Rainy,Highway,High,Two-Wheeler,Serious,3
1605,27,Piska More,23.3774728,85.3127289,2025-04-27,08:28:00,Sunday,Rainy,Highway,Low,Truck,Minor,1
1630,27,Piska More,23.3774728,85.3127289,2025-10-29,09:02:00,Wednesday,Clear,Main Road,High,Two-Wheeler,Serious,1
1701,27,Piska More,23.3774728,85.3127289,2024-06-13,11:52:00,Thursday,Clear,Highway,Medium,Car,Serious,2
1704,27,Piska More,23.3774728,85.3127289,2024-12-17,07:00:00,Tuesday,Clear,Chowk/Intersection,Low,Two-Wheeler,Serious,3
1763,27,Piska More,23.3774728,85.3127289,2023-08-24,07:23:00,Thursday,Clear,Main Road,Low,Two-Wheeler,Minor,1
1889,27,Piska More,23.3774728,85.3127289,2021-12-28,18:20:00,Tuesday,Clear,Chowk/Intersection,High,Bus,Minor,1
1894,27,Piska More,23.3774728,85.3127289,2025-01-04,10:31:00,Saturday,Clear,Highway,Medium,Truck,Fatal,1
2058,27,Piska More,23.3774728,85.3127289,2022-06-21,19:03:00,Tuesday,Rainy,Chowk/Intersection,Medium,Auto-Rickshaw,Minor,0
2377,27,Piska More,23.3774728,85.3127289,2024-04-28,08:06:00,Sunday,Clear,Chowk/Intersection,Medium,Bus,Minor,1
2396,27,Piska More,23.3774728,85.3127289,2025-04-09,17:12:00,Wednesday,Clear,Chowk/Intersection,Medium,Car,Serious,1
2404,27,Piska More,23.3774728,85.3127289,2021-10-23,11:54:00,Saturday,Clear,Highway,High,Truck,Serious,1
2609,27,Piska More,23.3774728,85.3127289,2025-02-13,19:01:00,Thursday,Clear,Highway,High,Car,Minor,1
2670,27,Piska More,23.3774728,85.3127289,2021-11-24,07:06:00,Wednesday,Rainy,Chowk/Intersection,Low,Auto-Rickshaw,Minor,0
3018,27,Piska More,23.3774728,85.3127289,2021-02-06,17:22:00,Saturday,Rainy,Chowk/Intersection,Medium,Two-Wheeler,Minor,0
3129,27,Piska More,23.3774728,85.3127289,2025-10-23,17:35:00,Thursday,Clear,Main Road,High,Two-Wheeler,Minor,0
3133,27,Piska More,23.3774728,85.3127289,2023-12-15,08:01:00,Friday,Clear,Chowk/Intersection,High,Auto-Rickshaw,Serious,1
3232,27,Piska More,23.3774728,85.3127289,2021-02-08,20:01:00,Monday,Stormy,Chowk/Intersection,High,Car,Serious,2
3322,27,Piska More,23.3774728,85.3127289,2023-05-15,08:55:00,Monday,Clear,Highway,Medium,Auto-Rickshaw,Fatal,1
3387,27,Piska More,23.3774728,85.3127289,2022-09-01,18:17:00,Thursday,Foggy,Main Road,Medium,Car,Serious,3
3520,27,Piska More,23.3774728,85.3127289,2025-05-03,20:33:00,Saturday,Clear,Chowk/Intersection,High,Bus,Minor,1
3551,27,Piska More,23.3774728,85.3127289,2022-09-12,17:27:00,Monday,Stormy,Main Road,Low,Two-Wheeler,Minor,0
3717,27,Piska More,23.3774728,85.3127289,2024-05-06,09:25:00,Monday,Clear,Chowk/Intersection,Medium,Car,Minor,0
3859,27,Piska More,23.3774728,85.3127289,2023-02-24,15:52:00,Friday,Clear,Residential Road,Medium,Bus,Serious,2
3892,27,Piska More,23.3774728,85.3127289,2025-12-12,18:12:00,Friday,Clear,Chowk/Intersection,Medium,Bus,Serious,2
3935,27,Piska More,23.3774728,85.3127289,2022-11-24,08:18:00,Thursday,Clear,Highway,Low,Two-Wheeler,Minor,0
3997,27,Piska More,23.3774728,85.3127289,2021-10-14,18:00:00,Thursday,Clear,Residential Road,High,Two-Wheeler,Minor,0
4083,27,Piska More,23.3774728,85.3127289,2025-01-04,19:24:00,Saturday,Stormy,Main Road,Medium,Bus,Minor,0
4119,27,Piska More,23.3774728,85.3127289,2023-04-01,10:50:00,Saturday,Foggy,Highway,High,Two-Wheeler,Fatal,1
4181,27,Piska More,23.3774728,85.3127289,2022-08-11,17:22:00,Thursday,Stormy,Main Road,High,Bus,Minor,0
4213,27,Piska More,23.3774728,85.3127289,2022-04-27,17:34:00,Wednesday,Clear,Chowk/Intersection,Medium,Auto-Rickshaw,Minor,0
4218,27,Piska More,23.3774728,85.3127289,2021-07-23,07:13:00,Friday,Clear,Chowk/Intersection,High,Two-Wheeler,Minor,0
4513,27,Piska More,23.3774728,85.3127289,2024-05-28,08:21:00,Tuesday,Foggy,Residential Road,High,Car,Minor,0
4532,27,Piska More,23.3774728,85.3127289,2022-03-19,21:49:00,Saturday,Clear,Main Road,Low,Car,Minor,0
4584,27,Piska More,23.3774728,85.3127289,2021-10-04,09:49:00,Monday,Rainy,Highway,High,Two-Wheeler,Serious,2
4777,27,Piska More,23.3774728,85.3127289,2023-02-23,18:05:00,Thursday,Clear,Chowk/Intersection,High,Two-Wheeler,Serious,1
4820,27,Piska More,23.3774728,85.3127289,2022-07-04,19:12:00,Monday,Clear,Highway,Medium,Car,Serious,3
4830,27,Piska More,23.3774728,85.3127289,2022-05-09,19:34:00,Monday,Clear,Residential Road,Low,Auto-Rickshaw,Minor,0
4858,27,Piska More,23.3774728,85.3127289,2021-02-07,08:05:00,Sunday,Clear,Chowk/Intersection,High,Car,Minor,0
4882,27,Piska More,23.3774728,85.3127289,2022-02-27,16:02:00,Sunday,Rainy,Chowk/Intersection,Medium,Car,Fatal,4
4964,27,Piska More,23.3774728,85.3127289,2024-01-09,19:52:00,Tuesday,Clear,Highway,High,Two-Wheeler,Minor,0
4986,27,Piska More,23.3774728,85.3127289,2022-05-11,18:40:00,Wednesday,Foggy,Chowk/Intersection,High,Two-Wheeler,Minor,1
4996,27,Piska More,23.3774728,85.3127289,2023-03-31,18:44:00,Friday,Clear,Main Road,Medium,Bus,Serious,2
5007,27,Piska More,23.3774728,85.3127289,2024-12-24,15:30:00,Tuesday,Rainy,Main Road,High,Two-Wheeler,Fatal,2
5135,27,Piska More,23.3774728,85.3127289,2023-06-11,17:27:00,Sunday,Clear,Main Road,High,Car,Minor,0
5183,27,Piska More,23.3774728,85.3127289,2025-05-04,18:10:00,Sunday,Stormy,Chowk/Intersection,Medium,Auto-Rickshaw,Serious,1
5287,27,Piska More,23.3774728,85.3127289,2022-12-07,18:17:00,Wednesday,Clear,Residential Road,Medium,Car,Minor,0
5295,27,Piska More,23.3774728,85.3127289,2023-12-25,11:19:00,Monday,Clear,Residential Road,Medium,Two-Wheeler,Serious,1
5470,27,Piska More,23.3774728,85.3127289,2023-04-27,18:06:00,Thursday,Clear,Main Road,High,Two-Wheeler,Minor,1
5599,27,Piska More,23.3774728,85.3127289,2022-06-13,17:53:00,Monday,Stormy,Highway,Low,Bus,Serious,1
5617,27,Piska More,23.3774728,85.3127289,2022-04-16,09:49:00,Saturday,Clear,Main Road,Medium,Bus,Minor,1
5696,27,Piska More,23.3774728,85.3127289,2022-09-27,19:32:00,Tuesday,Clear,Main Road,Low,Two-Wheeler,Minor,0
5918,27,Piska More,23.3774728,85.3127289,2024-07-27,17:34:00,Saturday,Clear,Highway,High,Auto-Rickshaw,Fatal,1
6033,27,Piska More,23.3774728,85.3127289,2025-09-18,09:51:00,Thursday,Rainy,Main Road,Medium,Two-Wheeler,Fatal,1
6271,27,Piska More,23.3774728,85.3127289,2023-11-30,08:52:00,Thursday,Foggy,Highway,Low,Car,Fatal,1
6315,27,Piska More,23.3774728,85.3127289,2024-10-26,15:48:00,Saturday,Clear,Main Road,Low,Two-Wheeler,Serious,2
6406,27,Piska More,23.3774728,85.3127289,2025-02-03,10:01:00,Monday,Clear,Chowk/Intersection,Medium,Two-Wheeler,Minor,0
6575,27,Piska More,23.3774728,85.3127289,2024-03-10,10:02:00,Sunday,Rainy,Main Road,Medium,Car,Minor,0
6680,27,Piska More,23.3774728,85.3127289,2025-07-30,19:55:00,Wednesday,Stormy,Chowk/Intersection,Medium,Two-Wheeler,Minor,0
6732,27,Piska More,23.3774728,85.3127289,2022-11-11,19:19:00,Friday,Foggy,Chowk/Intersection,Low,Two-Wheeler,Fatal,1
6792,27,Piska More,23.3774728,85.3127289,2023-08-17,08:28:00,Thursday,Rainy,Residential Road,Low,Two-Wheeler,Minor,0
6835,27,Piska More,23.3774728,85.3127289,2021-04-25,07:28:00,Sunday,Foggy,Chowk/Intersection,Medium,Car,Serious,2
6871,27,Piska More,23.3774728,85.3127289,2024-04-26,17:55:00,Friday,Clear,Chowk/Intersection,Medium,Bus,Serious,1
7068,27,Piska More,23.3774728,85.3127289,2025-08-11,16:16:00,Monday,Rainy,Chowk/Intersection,Low,Truck,Serious,1
7112,27,Piska More,23.3774728,85.3127289,2021-02-16,10:43:00,Tuesday,Clear,Residential Road,Medium,Bus,Fatal,1
7131,27,Piska More,23.3774728,85.3127289,2022-03-25,10:14:00,Friday,Clear,Residential Road,Low,Truck,Minor,0
7200,27,Piska More,23.3774728,85.3127289,2022-01-01,11:28:00,Saturday,Stormy,Chowk/Intersection,Medium,Truck,Minor,1
7249,27,Piska More,23.3774728,85.3127289,2022-06-02,15:12:00,Thursday,Clear,Main Road,Medium,Two-Wheeler,Minor,0
7609,27,Piska More,23.3774728,85.3127289,2023-06-08,18:47:00,Thursday,Stormy,Highway,High,Two-Wheeler,Fatal,1
7673,27,Piska More,23.3774728,85.3127289,2022-01-18,05:39:00,Tuesday,Rainy,Main Road,High,Bus,Minor,1
7812,27,Piska More,23.3774728,85.3127289,2021-01-02,16:31:00,Saturday,Clear,Main Road,Medium,Bus,Minor,0
7854,27,Piska More,23.3774728,85.3127289,2024-08-04,09:58:00,Sunday,Clear,Residential Road,High,Car,Serious,2
7904,27,Piska More,23.3774728,85.3127289,2025-06-02,17:27:00,Monday,Clear,Main Road,Medium,Car,Minor,1
1,28,Ratu Chatti,23.4180934,85.2132359,2022-06-16,16:55:00,Thursday,Clear,Main Road,Medium,Bus,Serious,1
38,28,Ratu Chatti,23.4180934,85.2132359,2023-05-25,18:10:00,Thursday,Clear,Residential Road,High,Two-Wheeler,Minor,0
49,28,Ratu Chatti,23.4180934,85.2132359,2022-01-04,10:28:00,Tuesday,Clear,Highway,Low,Two-Wheeler,Serious,2
62,28,Ratu Chatti,23.4180934,85.2132359,2022-04-01,09:06:00,Friday,Clear,Highway,Medium,Bus,Minor,0
92,28,Ratu Chatti,23.4180934,85.2132359,2021-01-17,08:18:00,Sunday,Clear,Chowk/Intersection,Medium,Car,Serious,2
106,28,Ratu Chatti,23.4180934,85.2132359,2025-04-08,09:46:00,Tuesday,Clear,Chowk/Intersection,Medium,Auto-Rickshaw,Minor,0
118,28,Ratu Chatti,23.4180934,85.2132359,2022-08-27,06:03:00,Saturday,Clear,Main Road,Medium,Auto-Rickshaw,Fatal,2
162,28,Ratu Chatti,23.4180934,85.2132359,2021-04-04,07:05:00,Sunday,Clear,Residential Road,Medium,Two-Wheeler,Serious,1
240,28,Ratu Chatti,23.4180934,85.2132359,2023-05-01,16:17:00,Monday,Clear,Chowk/Intersection,Low,Auto-Rickshaw,Minor,0
283,28,Ratu Chatti,23.4180934,85.2132359,2021-11-14,18:45:00,Sunday,Stormy,Chowk/Intersection,Low,Car,Serious,1
293,28,Ratu Chatti,23.4180934,85.2132359,2025-07-12,16:33:00,Saturday,Clear,Main Road,Low,Auto-Rickshaw,Fatal,4
318,28,Ratu Chatti,23.4180934,85.2132359,2023-06-08,17:51:00,Thursday,Clear,Highway,Low,Truck,Minor,1
349,28,Ratu Chatti,23.4180934,85.2132359,2024-01-15,20:59:00,Monday,Clear,Chowk/Intersection,High,Bus,Serious,1
392,28,Ratu Chatti,23.4180934,85.2132359,2021-10-16,06:35:00,Saturday,Rainy,Highway,Low,Bus,Fatal,1
409,28,Ratu Chatti,23.4180934,85.2132359,2024-05-15,11:15:00,Wednesday,Clear,Chowk/Intersection,Low,Bus,Minor,0
422,28,Ratu Chatti,23.4180934,85.2132359,2025-06-12,11:53:00,Thursday,Clear,Main Road,Medium,Car,Serious,2
456,28,Ratu Chatti,23.4180934,85.2132359,2023-06-25,09:12:00,Sunday,Clear,Chowk/Intersection,Low,Two-Wheeler,Minor,0
459,28,Ratu Chatti,23.4180934,85.2132359,2025-11-03,17:30:00,Monday,Clear,Residential Road,Medium,Car,Serious,1
501,28,Ratu Chatti,23.4180934,85.2132359,2023-05-21,07:40:00,Sunday,Rainy,Chowk/Intersection,High,Car,Minor,0
552,28,Ratu Chatti,23.4180934,85.2132359,2024-04-11,11:23:00,Thursday,Rainy,Highway,High,Two-Wheeler,Minor,0
569,28,Ratu Chatti,23.4180934,85.2132359,2022-07-18,20:32:00,Monday,Clear,Chowk/Intersection,High,Truck,Minor,1
658,28,Ratu Chatti,23.4180934,85.2132359,2025-07-28,11:47:00,Monday,Clear,Chowk/Intersection,Medium,Car,Minor,0
675,28,Ratu Chatti,23.4180934,85.2132359,2025-09-13,08:35:00,Saturday,Clear,Main Road,Medium,Auto-Rickshaw,Minor,0
696,28,Ratu Chatti,23.4180934,85.2132359,2025-10-26,11:11:00,Sunday,Clear,Chowk/Intersection,Low,Two-Wheeler,Minor,1
736,28,Ratu Chatti,23.4180934,85.2132359,2023-10-02,16:22:00,Monday,Clear,Residential Road,Medium,Bus,Fatal,2
762,28,Ratu Chatti,23.4180934,85.2132359,2022-01-29,18:33:00,Saturday,Clear,Residential Road,Medium,Two-Wheeler,Serious,3
854,28,Ratu Chatti,23.4180934,85.2132359,2023-09-29,07:46:00,Friday,Clear,Highway,High,Car,Minor,0
860,28,Ratu Chatti,23.4180934,85.2132359,2022-06-04,10:07:00,Saturday,Clear,Main Road,Medium,Car,Minor,0
876,28,Ratu Chatti,23.4180934,85.2132359,2024-11-21,11:34:00,Thursday,Clear,Chowk/Intersection,Medium,Car,Minor,0
891,28,Ratu Chatti,23.4180934,85.2132359,2025-05-11,06:41:00,Sunday,Clear,Chowk/Intersection,Medium,Car,Serious,2
917,28,Ratu Chatti,23.4180934,85.2132359,2025-11-28,17:20:00,Friday,Clear,Chowk/Intersection,Medium,Two-Wheeler,Minor,0
918,28,Ratu Chatti,23.4180934,85.2132359,2022-02-25,08:45:00,Friday,Rainy,Chowk/Intersection,High,Two-Wheeler,Minor,0
923,28,Ratu Chatti,23.4180934,85.2132359,2022-06-17,09:10:00,Friday,Clear,Chowk/Intersection,Medium,Car,Minor,0
1012,28,Ratu Chatti,23.4180934,85.2132359,2025-03-06,10:42:00,Thursday,Rainy,Residential Road,Medium,Car,Serious,1
1067,28,Ratu Chatti,23.4180934,85.2132359,2021-10-03,09:46:00,Sunday,Clear,Residential Road,Medium,Bus,Minor,0
1139,28,Ratu Chatti,23.4180934,85.2132359,2024-11-16,19:38:00,Saturday,Clear,Highway,High,Car,Minor,1
1152,28,Ratu Chatti,23.4180934,85.2132359,2024-02-24,16:53:00,Saturday,Clear,Highway,Low,Two-Wheeler,Minor,1
1197,28,Ratu Chatti,23.4180934,85.2132359,2024-05-25,06:47:00,Saturday,Clear,Main Road,Low,Two-Wheeler,Minor,0
1232,28,Ratu Chatti,23.4180934,85.2132359,2025-06-20,21:50:00,Friday,Clear,Highway,Low,Two-Wheeler,Fatal,1
1233,28,Ratu Chatti,23.4180934,85.2132359,2024-06-12,16:05:00,Wednesday,Clear,Highway,Medium,Two-Wheeler,Serious,2
1235,28,Ratu Chatti,23.4180934,85.2132359,2024-08-18,18:04:00,Sunday,Clear,Residential Road,High,Bus,Serious,1
1250,28,Ratu Chatti,23.4180934,85.2132359,2023-03-15,11:55:00,Wednesday,Clear,Chowk/Intersection,Low,Car,Serious,1
1358,28,Ratu Chatti,23.4180934,85.2132359,2021-07-18,07:28:00,Sunday,Clear,Chowk/Intersection,High,Auto-Rickshaw,Serious,2
1427,28,Ratu Chatti,23.4180934,85.2132359,2024-04-26,08:39:00,Friday,Clear,Main Road,Low,Auto-Rickshaw,Serious,2
1434,28,Ratu Chatti,23.4180934,85.2132359,2023-01-05,09:40:00,Thursday,Clear,Main Road,High,Two-Wheeler,Serious,3
1445,28,Ratu Chatti,23.4180934,85.2132359,2024-12-13,19:26:00,Friday,Clear,Chowk/Intersection,Low,Auto-Rickshaw,Minor,1
1498,28,Ratu Chatti,23.4180934,85.2132359,2021-04-06,06:00:00,Tuesday,Stormy,Main Road,Medium,Two-Wheeler,Serious,3
1550,28,Ratu Chatti,23.4180934,85.2132359,2022-07-29,08:11:00,Friday,Clear,Chowk/Intersection,Medium,Bus,Fatal,3
1578,28,Ratu Chatti,23.4180934,85.2132359,2022-12-27,08:14:00,Tuesday,Clear,Main Road,Medium,Two-Wheeler,Minor,0
1594,28,Ratu Chatti,23.4180934,85.2132359,2025-05-06,11:25:00,Tuesday,Clear,Highway,Medium,Two-Wheeler,Minor,0
1611,28,Ratu Chatti,23.4180934,85.2132359,2022-07-12,19:36:00,Tuesday,Rainy,Main Road,Medium,Two-Wheeler,Minor,0
1616,28,Ratu Chatti,23.4180934,85.2132359,2021-03-19,16:24:00,Friday,Clear,Residential Road,Medium,Truck,Minor,1
1618,28,Ratu Chatti,23.4180934,85.2132359,2022-04-02,08:03:00,Saturday,Clear,Highway,High,Two-Wheeler,Minor,0
1646,28,Ratu Chatti,23.4180934,85.2132359,2025-09-20,07:09:00,Saturday,Rainy,Chowk/Intersection,High,Truck,Minor,0
1731,28,Ratu Chatti,23.4180934,85.2132359,2022-08-15,15:33:00,Monday,Clear,Residential Road,Medium,Car,Fatal,1
1732,28,Ratu Chatti,23.4180934,85.2132359,2025-07-14,16:24:00,Monday,Clear,Chowk/Intersection,Low,Two-Wheeler,Minor,0
1797,28,Ratu Chatti,23.4180934,85.2132359,2022-05-25,17:34:00,Wednesday,Clear,Chowk/Intersection,Medium,Two-Wheeler,Fatal,2
1802,28,Ratu Chatti,23.4180934,85.2132359,2021-06-11,09:22:00,Friday,Clear,Main Road,Medium,Two-Wheeler,Minor,1
2009,28,Ratu Chatti,23.4180934,85.2132359,2025-06-20,09:08:00,Friday,Clear,Chowk/Intersection,High,Two-Wheeler,Minor,0
2093,28,Ratu Chatti,23.4180934,85.2132359,2025-10-07,18:05:00,Tuesday,Clear,Chowk/Intersection,Medium,Two-Wheeler,Minor,1
2102,28,Ratu Chatti,23.4180934,85.2132359,2021-02-04,08:07:00,Thursday,Clear,Main Road,High,Truck,Minor,1
2116,28,Ratu Chatti,23.4180934,85.2132359,2022-08-05,19:08:00,Friday,Clear,Main Road,High,Truck,Serious,1
2118,28,Ratu Chatti,23.4180934,85.2132359,2023-12-11,09:10:00,Monday,Clear,Residential Road,Low,Two-Wheeler,Serious,1
2212,28,Ratu Chatti,23.4180934,85.2132359,2022-07-26,08:13:00,Tuesday,Clear,Residential Road,Low,Car,Serious,1
2218,28,Ratu Chatti,23.4180934,85.2132359,2023-07-10,11:13:00,Monday,Clear,Chowk/Intersection,High,Car,Minor,0
2256,28,Ratu Chatti,23.4180934,85.2132359,2022-03-11,18:26:00,Friday,Clear,Chowk/Intersection,High,Auto-Rickshaw,Minor,0
2263,28,Ratu Chatti,23.4180934,85.2132359,2022-10-22,09:40:00,Saturday,Clear,Residential Road,High,Bus,Minor,0
2301,28,Ratu Chatti,23.4180934,85.2132359,2021-03-09,06:41:00,Tuesday,Clear,Chowk/Intersection,Medium,Bus,Minor,0
2318,28,Ratu Chatti,23.4180934,85.2132359,2021-12-28,17:22:00,Tuesday,Clear,Highway,Medium,Car,Minor,1
2374,28,Ratu Chatti,23.4180934,85.2132359,2023-03-18,09:20:00,Saturday,Clear,Highway,Medium,Car,Minor,0
2394,28,Ratu Chatti,23.4180934,85.2132359,2024-05-13,10:06:00,Monday,Clear,Residential Road,Medium,Auto-Rickshaw,Minor,0
2400,28,Ratu Chatti,23.4180934,85.2132359,2021-07-06,08:00:00,Tuesday,Clear,Residential Road,High,Car,Minor,0
2416,28,Ratu Chatti,23.4180934,85.2132359,2022-08-05,18:04:00,Friday,Clear,Highway,Medium,Two-Wheeler,Serious,1
2474,28,Ratu Chatti,23.4180934,85.2132359,2024-04-01,20:51:00,Monday,Clear,Residential Road,Medium,Auto-Rickshaw,Serious,2
2508,28,Ratu Chatti,23.4180934,85.2132359,2025-09-19,14:09:00,Friday,Clear,Highway,Medium,Bus,Minor,1
2592,28,Ratu Chatti,23.4180934,85.2132359,2024-02-02,18:38:00,Friday,Rainy,Highway,High,Two-Wheeler,Minor,0
2645,28,Ratu Chatti,23.4180934,85.2132359,2024-06-14,16:34:00,Friday,Rainy,Chowk/Intersection,High,Auto-Rickshaw,Minor,1
2651,28,Ratu Chatti,23.4180934,85.2132359,2023-08-14,09:39:00,Monday,Rainy,Chowk/Intersection,Medium,Two-Wheeler,Minor,0
2659,28,Ratu Chatti,23.4180934,85.2132359,2024-03-07,17:50:00,Thursday,Clear,Chowk/Intersection,Medium,Auto-Rickshaw,Serious,2
2740,28,Ratu Chatti,23.4180934,85.2132359,2023-03-01,20:42:00,Wednesday,Rainy,Residential Road,Low,Two-Wheeler,Minor,0
2832,28,Ratu Chatti,23.4180934,85.2132359,2022-09-14,08:35:00,Wednesday,Clear,Highway,Medium,Two-Wheeler,Fatal,2
2859,28,Ratu Chatti,23.4180934,85.2132359,2021-12-12,17:36:00,Sunday,Clear,Chowk/Intersection,High,Two-Wheeler,Minor,1
2870,28,Ratu Chatti,23.4180934,85.2132359,2022-10-29,19:30:00,Saturday,Clear,Chowk/Intersection,Medium,Two-Wheeler,Minor,0
2983,28,Ratu Chatti,23.4180934,85.2132359,2023-01-08,17:45:00,Sunday,Rainy,Residential Road,Medium,Two-Wheeler,Minor,0
3087,28,Ratu Chatti,23.4180934,85.2132359,2024-07-09,09:37:00,Tuesday,Stormy,Main Road,High,Car,Minor,0
3099,28,Ratu Chatti,23.4180934,85.2132359,2025-09-06,20:27:00,Saturday,Rainy,Chowk/Intersection,Low,Car,Serious,2
3112,28,Ratu Chatti,23.4180934,85.2132359,2021-01-09,06:15:00,Saturday,Clear,Chowk/Intersection,High,Two-Wheeler,Serious,3
3182,28,Ratu Chatti,23.4180934,85.2132359,2024-05-29,09:32:00,Wednesday,Foggy,Chowk/Intersection,Medium,Two-Wheeler,Minor,0
3237,28,Ratu Chatti,23.4180934,85.2132359,2023-07-01,09:38:00,Saturday,Clear,Residential Road,High,Auto-Rickshaw,Minor,1
3311,28,Ratu Chatti,23.4180934,85.2132359,2024-06-17,20:16:00,Monday,Clear,Main Road,Low,Auto-Rickshaw,Minor,0
3313,28,Ratu Chatti,23.4180934,85.2132359,2023-01-22,09:30:00,Sunday,Clear,Main Road,High,Car,Fatal,1
3323,28,Ratu Chatti,23.4180934,85.2132359,2021-12-09,08:24:00,Thursday,Rainy,Highway,High,Two-Wheeler,Serious,1
3335,28,Ratu Chatti,23.4180934,85.2132359,2024-12-06,17:51:00,Friday,Clear,Highway,Medium,Two-Wheeler,Minor,1
3382,28,Ratu Chatti,23.4180934,85.2132359,2021-03-27,18:09:00,Saturday,Clear,Chowk/Intersection,High,Car,Serious,2
3437,28,Ratu Chatti,23.4180934,85.2132359,2024-05-01,17:25:00,Wednesday,Foggy,Residential Road,High,Two-Wheeler,Minor,0
3521,28,Ratu Chatti,23.4180934,85.2132359,2022-03-25,09:11:00,Friday,Rainy,Chowk/Intersection,Low,Two-Wheeler,Minor,1
3532,28,Ratu Chatti,23.4180934,85.2132359,2024-07-12,19:12:00,Friday,Stormy,Main Road,Medium,Car,Fatal,2
3601,28,Ratu Chatti,23.4180934,85.2132359,2025-12-28,17:00:00,Sunday,Rainy,Chowk/Intersection,High,Auto-Rickshaw,Serious,2
3603,28,Ratu Chatti,23.4180934,85.2132359,2025-05-06,17:15:00,Tuesday,Clear,Chowk/Intersection,Medium,Car,Minor,1
3658,28,Ratu Chatti,23.4180934,85.2132359,2023-03-23,18:19:00,Thursday,Rainy,Main Road,Medium,Two-Wheeler,Fatal,3
3689,28,Ratu Chatti,23.4180934,85.2132359,2021-11-21,17:58:00,Sunday,Stormy,Main Road,Low,Auto-Rickshaw,Minor,0
3718,28,Ratu Chatti,23.4180934,85.2132359,2024-03-04,19:12:00,Monday,Stormy,Main Road,High,Two-Wheeler,Serious,1
3765,28,Ratu Chatti,23.4180934,85.2132359,2021-02-04,09:45:00,Thursday,Clear,Chowk/Intersection,Medium,Truck,Minor,0
3770,28,Ratu Chatti,23.4180934,85.2132359,2021-09-11,17:58:00,Saturday,Clear,Highway,Low,Car,Minor,0
3771,28,Ratu Chatti,23.4180934,85.2132359,2023-01-09,09:04:00,Monday,Rainy,Residential Road,High,Car,Minor,1
3834,28,Ratu Chatti,23.4180934,85.2132359,2024-11-10,20:51:00,Sunday,Clear,Chowk/Intersection,High,Two-Wheeler,Minor,0
3838,28,Ratu Chatti,23.4180934,85.2132359,2022-04-11,09:17:00,Monday,Rainy,Chowk/Intersection,Medium,Car,Minor,0
3958,28,Ratu Chatti,23.4180934,85.2132359,2022-06-19,10:55:00,Sunday,Rainy,Highway,High,Car,Minor,1
4089,28,Ratu Chatti,23.4180934,85.2132359,2021-08-13,07:17:00,Friday,Rainy,Main Road,Medium,Two-Wheeler,Minor,1
4146,28,Ratu Chatti,23.4180934,85.2132359,2021-09-21,08:55:00,Tuesday,Clear,Highway,Medium,Car,Minor,0
4175,28,Ratu Chatti,23.4180934,85.2132359,2025-10-02,16:57:00,Thursday,Clear,Residential Road,Medium,Car,Serious,1
4186,28,Ratu Chatti,23.4180934,85.2132359,2021-03-27,18:40:00,Saturday,Foggy,Residential Road,Low,Two-Wheeler,Minor,0
4254,28,Ratu Chatti,23.4180934,85.2132359,2024-09-08,07:57:00,Sunday,Rainy,Residential Road,High,Two-Wheeler,Minor,0
4277,28,Ratu Chatti,23.4180934,85.2132359,2022-09-20,07:55:00,Tuesday,Clear,Chowk/Intersection,Low,Car,Minor,0
4282,28,Ratu Chatti,23.4180934,85.2132359,2021-12-31,20:56:00,Friday,Clear,Main Road,Medium,Auto-Rickshaw,Minor,1
4322,28,Ratu Chatti,23.4180934,85.2132359,2023-09-11,15:40:00,Monday,Clear,Residential Road,Medium,Auto-Rickshaw,Minor,0
4338,28,Ratu Chatti,23.4180934,85.2132359,2025-01-24,17:59:00,Friday,Foggy,Main Road,High,Car,Fatal,4
4339,28,Ratu Chatti,23.4180934,85.2132359,2025-10-14,08:48:00,Tuesday,Clear,Residential Road,Medium,Two-Wheeler,Minor,0
4342,28,Ratu Chatti,23.4180934,85.2132359,2021-10-14,10:13:00,Thursday,Clear,Main Road,Low,Two-Wheeler,Minor,1
4387,28,Ratu Chatti,23.4180934,85.2132359,2022-02-21,09:48:00,Monday,Rainy,Chowk/Intersection,Low,Two-Wheeler,Serious,1
4388,28,Ratu Chatti,23.4180934,85.2132359,2025-11-07,17:24:00,Friday,Rainy,Chowk/Intersection,Low,Auto-Rickshaw,Minor,1
4390,28,Ratu Chatti,23.4180934,85.2132359,2022-05-13,19:34:00,Friday,Rainy,Chowk/Intersection,High,Car,Serious,2
4435,28,Ratu Chatti,23.4180934,85.2132359,2024-03-22,18:36:00,Friday,Clear,Main Road,Low,Two-Wheeler,Minor,1
4440,28,Ratu Chatti,23.4180934,85.2132359,2021-03-16,16:14:00,Tuesday,Clear,Highway,Medium,Auto-Rickshaw,Minor,0
4446,28,Ratu Chatti,23.4180934,85.2132359,2024-07-21,18:43:00,Sunday,Rainy,Highway,Low,Auto-Rickshaw,Minor,1
4461,28,Ratu Chatti,23.4180934,85.2132359,2025-11-06,09:20:00,Thursday,Clear,Main Road,Medium,Truck,Serious,1
4464,28,Ratu Chatti,23.4180934,85.2132359,2023-06-08,10:03:00,Thursday,Clear,Chowk/Intersection,Medium,Two-Wheeler,Minor,0
4499,28,Ratu Chatti,23.4180934,85.2132359,2024-04-25,08:06:00,Thursday,Clear,Main Road,Medium,Car,Fatal,1
4515,28,Ratu Chatti,23.4180934,85.2132359,2022-08-28,05:15:00,Sunday,Rainy,Highway,Low,Two-Wheeler,Minor,0
4559,28,Ratu Chatti,23.4180934,85.2132359,2021-09-10,11:39:00,Friday,Clear,Highway,High,Auto-Rickshaw,Fatal,1
4564,28,Ratu Chatti,23.4180934,85.2132359,2022-09-18,08:59:00,Sunday,Clear,Chowk/Intersection,High,Auto-Rickshaw,Minor,0
4675,28,Ratu Chatti,23.4180934,85.2132359,2022-04-21,18:29:00,Thursday,Clear,Main Road,Medium,Two-Wheeler,Serious,3
4691,28,Ratu Chatti,23.4180934,85.2132359,2025-11-12,17:37:00,Wednesday,Clear,Chowk/Intersection,High,Two-Wheeler,Serious,1
4728,28,Ratu Chatti,23.4180934,85.2132359,2024-02-15,07:48:00,Thursday,Stormy,Chowk/Intersection,Low,Two-Wheeler,Minor,1
4759,28,Ratu Chatti,23.4180934,85.2132359,2022-03-21,19:23:00,Monday,Clear,Chowk/Intersection,High,Two-Wheeler,Minor,0
4764,28,Ratu Chatti,23.4180934,85.2132359,2023-08-27,09:15:00,Sunday,Foggy,Chowk/Intersection,High,Car,Minor,0
4778,28,Ratu Chatti,23.4180934,85.2132359,2024-09-02,09:02:00,Monday,Rainy,Chowk/Intersection,Medium,Two-Wheeler,Minor,1
4874,28,Ratu Chatti,23.4180934,85.2132359,2025-09-25,20:38:00,Thursday,Clear,Highway,High,Car,Fatal,1
4929,28,Ratu Chatti,23.4180934,85.2132359,2024-09-04,10:06:00,Wednesday,Clear,Chowk/Intersection,Medium,Auto-Rickshaw,Minor,1
4933,28,Ratu Chatti,23.4180934,85.2132359,2022-10-21,16:55:00,Friday,Clear,Highway,High,Auto-Rickshaw,Serious,1
4948,28,Ratu Chatti,23.4180934,85.2132359,2025-03-03,10:49:00,Monday,Clear,Chowk/Intersection,High,Car,Minor,1
4989,28,Ratu Chatti,23.4180934,85.2132359,2024-03-24,16:01:00,Sunday,Clear,Residential Road,Medium,Two-Wheeler,Serious,1
5004,28,Ratu Chatti,23.4180934,85.2132359,2022-08-01,05:18:00,Monday,Rainy,Chowk/Intersection,Medium,Car,Minor,0
5012,28,Ratu Chatti,23.4180934,85.2132359,2024-04-05,16:53:00,Friday,Clear,Residential Road,High,Truck,Minor,1
5020,28,Ratu Chatti,23.4180934,85.2132359,2021-07-22,10:04:00,Thursday,Clear,Chowk/Intersection,Medium,Car,Minor,1
5032,28,Ratu Chatti,23.4180934,85.2132359,2023-12-22,17:24:00,Friday,Rainy,Chowk/Intersection,Low,Car,Minor,0
5042,28,Ratu Chatti,23.4180934,85.2132359,2024-06-24,20:24:00,Monday,Rainy,Chowk/Intersection,Medium,Auto-Rickshaw,Minor,0
5063,28,Ratu Chatti,23.4180934,85.2132359,2024-05-28,08:03:00,Tuesday,Clear,Highway,Medium,Bus,Minor,0
5125,28,Ratu Chatti,23.4180934,85.2132359,2024-06-14,07:41:00,Friday,Stormy,Chowk/Intersection,Low,Two-Wheeler,Minor,0
5149,28,Ratu Chatti,23.4180934,85.2132359,2025-01-24,10:34:00,Friday,Clear,Residential Road,High,Two-Wheeler,Minor,1
5169,28,Ratu Chatti,23.4180934,85.2132359,2021-12-02,08:59:00,Thursday,Clear,Residential Road,High,Car,Minor,0
5194,28,Ratu Chatti,23.4180934,85.2132359,2025-05-26,18:10:00,Monday,Clear,Highway,High,Two-Wheeler,Minor,0
5228,28,Ratu Chatti,23.4180934,85.2132359,2021-05-26,16:13:00,Wednesday,Rainy,Main Road,Medium,Two-Wheeler,Minor,0
5283,28,Ratu Chatti,23.4180934,85.2132359,2024-10-20,09:27:00,Sunday,Clear,Highway,High,Auto-Rickshaw,Minor,0
5322,28,Ratu Chatti,23.4180934,85.2132359,2024-11-08,18:07:00,Friday,Clear,Chowk/Intersection,Low,Car,Minor,0
5347,28,Ratu Chatti,23.4180934,85.2132359,2021-01-20,18:14:00,Wednesday,Clear,Chowk/Intersection,High,Auto-Rickshaw,Minor,0
5378,28,Ratu Chatti,23.4180934,85.2132359,2024-11-06,17:59:00,Wednesday,Clear,Main Road,Low,Bus,Serious,1
5382,28,Ratu Chatti,23.4180934,85.2132359,2023-04-26,16:02:00,Wednesday,Clear,Residential Road,Medium,Truck,Serious,3
5404,28,Ratu Chatti,23.4180934,85.2132359,2021-10-19,18:55:00,Tuesday,Foggy,Chowk/Intersection,Low,Two-Wheeler,Serious,1
5438,28,Ratu Chatti,23.4180934,85.2132359,2024-09-11,17:23:00,Wednesday,Clear,Highway,Low,Two-Wheeler,Minor,0
5452,28,Ratu Chatti,23.4180934,85.2132359,2021-11-21,12:35:00,Sunday,Clear,Chowk/Intersection,Medium,Two-Wheeler,Minor,1
5486,28,Ratu Chatti,23.4180934,85.2132359,2021-03-16,07:18:00,Tuesday,Clear,Main Road,High,Truck,Serious,1
5510,28,Ratu Chatti,23.4180934,85.2132359,2024-05-10,18:07:00,Friday,Clear,Highway,High,Two-Wheeler,Serious,3
5525,28,Ratu Chatti,23.4180934,85.2132359,2021-06-13,21:56:00,Sunday,Clear,Chowk/Intersection,High,Two-Wheeler,Minor,1
5528,28,Ratu Chatti,23.4180934,85.2132359,2021-07-10,17:11:00,Saturday,Rainy,Main Road,High,Auto-Rickshaw,Minor,0
5613,28,Ratu Chatti,23.4180934,85.2132359,2021-05-07,19:50:00,Friday,Clear,Main Road,Medium,Auto-Rickshaw,Serious,2
5622,28,Ratu Chatti,23.4180934,85.2132359,2022-05-27,07:33:00,Friday,Stormy,Chowk/Intersection,Medium,Two-Wheeler,Serious,1
5681,28,Ratu Chatti,23.4180934,85.2132359,2021-02-20,17:35:00,Saturday,Rainy,Chowk/Intersection,High,Two-Wheeler,Minor,1
5695,28,Ratu Chatti,23.4180934,85.2132359,2023-05-23,19:17:00,Tuesday,Clear,Residential Road,Medium,Car,Serious,2
5749,28,Ratu Chatti,23.4180934,85.2132359,2021-04-12,19:09:00,Monday,Clear,Main Road,High,Two-Wheeler,Serious,2
5770,28,Ratu Chatti,23.4180934,85.2132359,2024-09-24,15:36:00,Tuesday,Rainy,Chowk/Intersection,High,Car,Minor,0
5800,28,Ratu Chatti,23.4180934,85.2132359,2024-09-09,17:46:00,Monday,Clear,Chowk/Intersection,Low,Two-Wheeler,Serious,1
5818,28,Ratu Chatti,23.4180934,85.2132359,2021-05-01,06:38:00,Saturday,Clear,Main Road,Low,Auto-Rickshaw,Minor,0
5905,28,Ratu Chatti,23.4180934,85.2132359,2022-01-06,17:58:00,Thursday,Clear,Highway,Medium,Car,Fatal,2
5987,28,Ratu Chatti,23.4180934,85.2132359,2022-07-20,19:22:00,Wednesday,Rainy,Chowk/Intersection,High,Auto-Rickshaw,Minor,0
6176,28,Ratu Chatti,23.4180934,85.2132359,2021-11-07,07:37:00,Sunday,Clear,Chowk/Intersection,High,Two-Wheeler,Serious,1
6186,28,Ratu Chatti,23.4180934,85.2132359,2024-08-01,20:15:00,Thursday,Clear,Residential Road,High,Truck,Minor,0
6227,28,Ratu Chatti,23.4180934,85.2132359,2022-10-04,19:55:00,Tuesday,Clear,Residential Road,Medium,Two-Wheeler,Serious,1
6301,28,Ratu Chatti,23.4180934,85.2132359,2021-10-27,09:19:00,Wednesday,Clear,Residential Road,Medium,Auto-Rickshaw,Minor,0
6319,28,Ratu Chatti,23.4180934,85.2132359,2023-06-04,17:04:00,Sunday,Clear,Chowk/Intersection,Low,Truck,Minor,1
6432,28,Ratu Chatti,23.4180934,85.2132359,2024-05-28,08:36:00,Tuesday,Clear,Main Road,Low,Bus,Minor,0
6456,28,Ratu Chatti,23.4180934,85.2132359,2024-07-29,19:20:00,Monday,Clear,Chowk/Intersection,Medium,Auto-Rickshaw,Minor,0
6457,28,Ratu Chatti,23.4180934,85.2132359,2021-07-23,17:25:00,Friday,Rainy,Highway,Low,Two-Wheeler,Serious,1
6461,28,Ratu Chatti,23.4180934,85.2132359,2024-08-20,18:32:00,Tuesday,Clear,Chowk/Intersection,Medium,Bus,Minor,0
6489,28,Ratu Chatti,23.4180934,85.2132359,2022-08-04,11:45:00,Thursday,Stormy,Main Road,Medium,Car,Minor,1
6525,28,Ratu Chatti,23.4180934,85.2132359,2022-04-10,19:07:00,Sunday,Clear,Chowk/Intersection,High,Car,Minor,0
6551,28,Ratu Chatti,23.4180934,85.2132359,2023-08-23,09:43:00,Wednesday,Clear,Chowk/Intersection,High,Auto-Rickshaw,Minor,1
6690,28,Ratu Chatti,23.4180934,85.2132359,2022-10-30,08:30:00,Sunday,Clear,Chowk/Intersection,Low,Two-Wheeler,Minor,0
6725,28,Ratu Chatti,23.4180934,85.2132359,2023-04-17,18:32:00,Monday,Foggy,Main Road,Medium,Auto-Rickshaw,Fatal,1
6745,28,Ratu Chatti,23.4180934,85.2132359,2024-03-10,07:41:00,Sunday,Clear,Main Road,Medium,Truck,Minor,1
6762,28,Ratu Chatti,23.4180934,85.2132359,2025-08-29,06:42:00,Friday,Clear,Chowk/Intersection,High,Two-Wheeler,Minor,0
6781,28,Ratu Chatti,23.4180934,85.2132359,2021-06-23,17:36:00,Wednesday,Clear,Residential Road,High,Two-Wheeler,Minor,0
6829,28,Ratu Chatti,23.4180934,85.2132359,2021-05-06,07:39:00,Thursday,Rainy,Main Road,Low,Two-Wheeler,Fatal,1
6851,28,Ratu Chatti,23.4180934,85.2132359,2025-09-18,17:04:00,Thursday,Rainy,Main Road,High,Car,Fatal,1
6877,28,Ratu Chatti,23.4180934,85.2132359,2022-04-11,08:32:00,Monday,Clear,Highway,Medium,Auto-Rickshaw,Minor,1
6925,28,Ratu Chatti,23.4180934,85.2132359,2025-07-21,19:16:00,Monday,Clear,Main Road,Medium,Car,Minor,1
6928,28,Ratu Chatti,23.4180934,85.2132359,2024-08-19,11:03:00,Monday,Clear,Main Road,Medium,Auto-Rickshaw,Minor,0
6977,28,Ratu Chatti,23.4180934,85.2132359,2023-05-02,12:25:00,Tuesday,Foggy,Highway,High,Two-Wheeler,Serious,2
6990,28,Ratu Chatti,23.4180934,85.2132359,2023-09-12,08:49:00,Tuesday,Clear,Chowk/Intersection,High,Two-Wheeler,Minor,0
7095,28,Ratu Chatti,23.4180934,85.2132359,2021-10-07,15:49:00,Thursday,Rainy,Main Road,Medium,Two-Wheeler,Serious,1
7165,28,Ratu Chatti,23.4180934,85.2132359,2025-11-27,11:19:00,Thursday,Clear,Highway,High,Auto-Rickshaw,Minor,0
7187,28,Ratu Chatti,23.4180934,85.2132359,2025-10-04,09:24:00,Saturday,Clear,Chowk/Intersection,Medium,Auto-Rickshaw,Fatal,1
7287,28,Ratu Chatti,23.4180934,85.2132359,2025-10-19,17:47:00,Sunday,Stormy,Chowk/Intersection,High,Two-Wheeler,Minor,0
7315,28,Ratu Chatti,23.4180934,85.2132359,2025-11-24,09:33:00,Monday,Foggy,Residential Road,Medium,Truck,Fatal,2
7320,28,Ratu Chatti,23.4180934,85.2132359,2021-01-05,19:29:00,Tuesday,Stormy,Main Road,High,Two-Wheeler,Serious,1
7331,28,Ratu Chatti,23.4180934,85.2132359,2023-03-13,08:55:00,Monday,Clear,Chowk/Intersection,Low,Bus,Serious,1
7333,28,Ratu Chatti,23.4180934,85.2132359,2024-02-29,20:50:00,Thursday,Foggy,Highway,High,Car,Minor,0
7345,28,Ratu Chatti,23.4180934,85.2132359,2021-03-21,08:01:00,Sunday,Clear,Chowk/Intersection,Medium,Two-Wheeler,Minor,0
7360,28,Ratu Chatti,23.4180934,85.2132359,2024-07-05,19:31:00,Friday,Rainy,Chowk/Intersection,High,Two-Wheeler,Minor,0
7373,28,Ratu Chatti,23.4180934,85.2132359,2023-02-09,11:35:00,Thursday,Stormy,Chowk/Intersection,Medium,Bus,Serious,2
7412,28,Ratu Chatti,23.4180934,85.2132359,2021-04-13,19:45:00,Tuesday,Clear,Main Road,High,Car,Fatal,1
7422,28,Ratu Chatti,23.4180934,85.2132359,2025-07-31,19:24:00,Thursday,Clear,Chowk/Intersection,High,Car,Minor,1
7477,28,Ratu Chatti,23.4180934,85.2132359,2023-09-12,18:25:00,Tuesday,Rainy,Main Road,Medium,Two-Wheeler,Serious,2
7525,28,Ratu Chatti,23.4180934,85.2132359,2021-07-30,07:42:00,Friday,Clear,Main Road,Medium,Auto-Rickshaw,Minor,0
7607,28,Ratu Chatti,23.4180934,85.2132359,2022-05-06,21:09:00,Friday,Clear,Highway,Low,Car,Minor,0
7688,28,Ratu Chatti,23.4180934,85.2132359,2022-09-18,08:33:00,Sunday,Clear,Highway,High,Auto-Rickshaw,Serious,1
7744,28,Ratu Chatti,23.4180934,85.2132359,2021-12-16,18:11:00,Thursday,Clear,Highway,Medium,Two-Wheeler,Minor,0
7806,28,Ratu Chatti,23.4180934,85.2132359,2022-06-19,20:56:00,Sunday,Clear,Chowk/Intersection,High,Truck,Minor,0
7815,28,Ratu Chatti,23.4180934,85.2132359,2022-12-25,08:19:00,Sunday,Rainy,Chowk/Intersection,High,Car,Minor,1
7820,28,Ratu Chatti,23.4180934,85.2132359,2022-07-11,07:58:00,Monday,Clear,Main Road,Low,Two-Wheeler,Serious,2
7825,28,Ratu Chatti,23.4180934,85.2132359,2024-07-24,09:43:00,Wednesday,Clear,Highway,Medium,Two-Wheeler,Serious,2
7862,28,Ratu Chatti,23.4180934,85.2132359,2025-02-22,09:20:00,Saturday,Clear,Chowk/Intersection,Medium,Two-Wheeler,Minor,1
7879,28,Ratu Chatti,23.4180934,85.2132359,2025-02-25,17:20:00,Tuesday,Clear,Chowk/Intersection,High,Two-Wheeler,Serious,1
7919,28,Ratu Chatti,23.4180934,85.2132359,2024-01-31,10:59:00,Wednesday,Foggy,Chowk/Intersection,Low,Auto-Rickshaw,Fatal,1
7941,28,Ratu Chatti,23.4180934,85.2132359,2023-03-18,07:26:00,Saturday,Clear,Main Road,Medium,Two-Wheeler,Fatal,1
7973,28,Ratu Chatti,23.4180934,85.2132359,2022-06-08,08:23:00,Wednesday,Rainy,Highway,High,Auto-Rickshaw,Minor,1
15,29,Nagri,23.309508,85.2271619,2021-06-28,11:43:00,Monday,Stormy,Residential Road,Medium,Bus,Minor,0
55,29,Nagri,23.309508,85.2271619,2024-02-05,07:22:00,Monday,Rainy,Chowk/Intersection,Medium,Car,Fatal,4
75,29,Nagri,23.309508,85.2271619,2022-05-16,18:42:00,Monday,Rainy,Residential Road,High,Car,Minor,0
152,29,Nagri,23.309508,85.2271619,2023-08-21,11:21:00,Monday,Clear,Main Road,Low,Two-Wheeler,Minor,0
269,29,Nagri,23.309508,85.2271619,2023-12-12,18:48:00,Tuesday,Clear,Chowk/Intersection,Medium,Auto-Rickshaw,Minor,0
399,29,Nagri,23.309508,85.2271619,2024-12-15,17:20:00,Sunday,Clear,Chowk/Intersection,High,Car,Serious,3
427,29,Nagri,23.309508,85.2271619,2023-01-28,09:06:00,Saturday,Clear,Main Road,High,Truck,Fatal,1
506,29,Nagri,23.309508,85.2271619,2023-01-27,08:21:00,Friday,Rainy,Highway,Low,Two-Wheeler,Serious,3
523,29,Nagri,23.309508,85.2271619,2022-12-09,12:47:00,Friday,Clear,Residential Road,Medium,Two-Wheeler,Serious,3
525,29,Nagri,23.309508,85.2271619,2025-04-16,09:18:00,Wednesday,Clear,Main Road,Low,Bus,Minor,1
606,29,Nagri,23.309508,85.2271619,2021-12-25,19:37:00,Saturday,Clear,Highway,High,Two-Wheeler,Serious,2
701,29,Nagri,23.309508,85.2271619,2024-05-20,08:39:00,Monday,Foggy,Residential Road,High,Car,Minor,0
732,29,Nagri,23.309508,85.2271619,2024-06-20,18:46:00,Thursday,Clear,Residential Road,Low,Two-Wheeler,Minor,0
837,29,Nagri,23.309508,85.2271619,2021-09-04,19:47:00,Saturday,Rainy,Residential Road,High,Truck,Serious,1
843,29,Nagri,23.309508,85.2271619,2024-11-13,07:00:00,Wednesday,Clear,Residential Road,Medium,Bus,Minor,1
925,29,Nagri,23.309508,85.2271619,2021-07-09,18:35:00,Friday,Clear,Chowk/Intersection,High,Car,Minor,0
1077,29,Nagri,23.309508,85.2271619,2024-08-23,19:47:00,Friday,Clear,Highway,Low,Bus,Fatal,4
1113,29,Nagri,23.309508,85.2271619,2022-03-31,19:51:00,Thursday,Clear,Chowk/Intersection,Medium,Car,Serious,1
1125,29,Nagri,23.309508,85.2271619,2024-04-16,09:26:00,Tuesday,Rainy,Chowk/Intersection,Low,Two-Wheeler,Minor,0
1223,29,Nagri,23.309508,85.2271619,2022-05-03,16:28:00,Tuesday,Clear,Residential Road,High,Two-Wheeler,Minor,0
1258,29,Nagri,23.309508,85.2271619,2022-08-17,09:01:00,Wednesday,Clear,Main Road,Medium,Auto-Rickshaw,Minor,0
1280,29,Nagri,23.309508,85.2271619,2024-03-17,11:24:00,Sunday,Clear,Chowk/Intersection,High,Car,Minor,0
1286,29,Nagri,23.309508,85.2271619,2022-03-16,18:36:00,Wednesday,Clear,Main Road,High,Car,Minor,0
1307,29,Nagri,23.309508,85.2271619,2024-05-05,07:01:00,Sunday,Clear,Chowk/Intersection,Medium,Truck,Minor,0
1383,29,Nagri,23.309508,85.2271619,2023-01-04,07:50:00,Wednesday,Foggy,Residential Road,Medium,Two-Wheeler,Minor,1
1520,29,Nagri,23.309508,85.2271619,2021-01-27,07:40:00,Wednesday,Clear,Chowk/Intersection,High,Car,Minor,0
1572,29,Nagri,23.309508,85.2271619,2021-03-13,08:12:00,Saturday,Clear,Main Road,High,Car,Minor,1
1613,29,Nagri,23.309508,85.2271619,2025-04-11,10:25:00,Friday,Clear,Chowk/Intersection,Medium,Two-Wheeler,Serious,3
1667,29,Nagri,23.309508,85.2271619,2022-04-28,19:44:00,Thursday,Rainy,Main Road,High,Two-Wheeler,Serious,3
1761,29,Nagri,23.309508,85.2271619,2022-11-03,08:39:00,Thursday,Clear,Chowk/Intersection,Medium,Two-Wheeler,Minor,1
1818,29,Nagri,23.309508,85.2271619,2025-10-24,09:39:00,Friday,Rainy,Main Road,High,Auto-Rickshaw,Minor,0
1876,29,Nagri,23.309508,85.2271619,2021-07-18,18:15:00,Sunday,Clear,Residential Road,Low,Bus,Serious,1
1945,29,Nagri,23.309508,85.2271619,2021-10-29,09:58:00,Friday,Clear,Chowk/Intersection,Medium,Auto-Rickshaw,Minor,1
1955,29,Nagri,23.309508,85.2271619,2023-08-06,09:02:00,Sunday,Clear,Main Road,Low,Two-Wheeler,Serious,1
2033,29,Nagri,23.309508,85.2271619,2025-08-30,17:02:00,Saturday,Clear,Chowk/Intersection,Medium,Auto-Rickshaw,Serious,1
2088,29,Nagri,23.309508,85.2271619,2025-03-01,18:42:00,Saturday,Rainy,Highway,High,Auto-Rickshaw,Fatal,1
2147,29,Nagri,23.309508,85.2271619,2022-04-07,07:04:00,Thursday,Foggy,Residential Road,High,Car,Serious,1
2323,29,Nagri,23.309508,85.2271619,2025-08-01,18:44:00,Friday,Clear,Main Road,Low,Truck,Minor,0
2362,29,Nagri,23.309508,85.2271619,2022-09-21,07:36:00,Wednesday,Clear,Chowk/Intersection,Low,Two-Wheeler,Serious,1
2418,29,Nagri,23.309508,85.2271619,2025-07-26,07:10:00,Saturday,Clear,Residential Road,High,Auto-Rickshaw,Minor,0
2549,29,Nagri,23.309508,85.2271619,2024-10-20,18:22:00,Sunday,Clear,Highway,High,Car,Minor,0
2553,29,Nagri,23.309508,85.2271619,2023-02-13,20:15:00,Monday,Rainy,Chowk/Intersection,Low,Car,Minor,0
2562,29,Nagri,23.309508,85.2271619,2023-10-22,21:22:00,Sunday,Clear,Main Road,Low,Two-Wheeler,Minor,1
2589,29,Nagri,23.309508,85.2271619,2025-12-06,18:40:00,Saturday,Foggy,Chowk/Intersection,Low,Two-Wheeler,Minor,1
2757,29,Nagri,23.309508,85.2271619,2024-02-02,17:29:00,Friday,Clear,Chowk/Intersection,Medium,Auto-Rickshaw,Minor,0
2833,29,Nagri,23.309508,85.2271619,2024-06-11,20:38:00,Tuesday,Clear,Chowk/Intersection,Medium,Car,Minor,0
2893,29,Nagri,23.309508,85.2271619,2024-01-30,09:58:00,Tuesday,Clear,Chowk/Intersection,Medium,Truck,Minor,0
2950,29,Nagri,23.309508,85.2271619,2024-01-19,07:29:00,Friday,Rainy,Main Road,Medium,Car,Serious,2
3002,29,Nagri,23.309508,85.2271619,2022-11-29,08:07:00,Tuesday,Clear,Residential Road,High,Car,Serious,2
3156,29,Nagri,23.309508,85.2271619,2023-09-06,17:29:00,Wednesday,Stormy,Chowk/Intersection,Low,Car,Minor,0
3201,29,Nagri,23.309508,85.2271619,2024-12-26,16:09:00,Thursday,Clear,Residential Road,High,Bus,Minor,0
3210,29,Nagri,23.309508,85.2271619,2022-03-05,21:20:00,Saturday,Clear,Chowk/Intersection,High,Two-Wheeler,Serious,2
3217,29,Nagri,23.309508,85.2271619,2024-05-26,09:26:00,Sunday,Clear,Highway,Medium,Bus,Serious,2
3231,29,Nagri,23.309508,85.2271619,2024-02-05,19:25:00,Monday,Clear,Chowk/Intersection,Medium,Car,Minor,0
3252,29,Nagri,23.309508,85.2271619,2024-06-14,15:39:00,Friday,Foggy,Highway,High,Two-Wheeler,Fatal,1
3365,29,Nagri,23.309508,85.2271619,2024-10-25,21:21:00,Friday,Foggy,Chowk/Intersection,High,Car,Serious,2
3373,29,Nagri,23.309508,85.2271619,2024-09-20,18:11:00,Friday,Clear,Main Road,High,Truck,Serious,2
3448,29,Nagri,23.309508,85.2271619,2024-01-27,18:12:00,Saturday,Clear,Main Road,Medium,Two-Wheeler,Fatal,1
3493,29,Nagri,23.309508,85.2271619,2025-02-07,18:42:00,Friday,Clear,Main Road,High,Two-Wheeler,Minor,1
3504,29,Nagri,23.309508,85.2271619,2025-01-01,20:27:00,Wednesday,Foggy,Highway,Low,Two-Wheeler,Minor,0
3514,29,Nagri,23.309508,85.2271619,2025-01-05,20:29:00,Sunday,Rainy,Highway,High,Two-Wheeler,Serious,3
3534,29,Nagri,23.309508,85.2271619,2025-07-03,20:14:00,Thursday,Clear,Main Road,Medium,Bus,Serious,2
3608,29,Nagri,23.309508,85.2271619,2024-09-09,09:39:00,Monday,Foggy,Main Road,High,Two-Wheeler,Minor,0
3664,29,Nagri,23.309508,85.2271619,2024-05-11,11:54:00,Saturday,Clear,Chowk/Intersection,High,Car,Minor,0
3751,29,Nagri,23.309508,85.2271619,2021-06-23,20:31:00,Wednesday,Rainy,Chowk/Intersection,High,Bus,Minor,0
3811,29,Nagri,23.309508,85.2271619,2023-11-11,09:16:00,Saturday,Clear,Main Road,Medium,Two-Wheeler,Minor,1
3832,29,Nagri,23.309508,85.2271619,2024-11-04,17:35:00,Monday,Clear,Main Road,Low,Car,Serious,1
3923,29,Nagri,23.309508,85.2271619,2022-01-18,17:38:00,Tuesday,Rainy,Chowk/Intersection,Medium,Car,Fatal,1
3925,29,Nagri,23.309508,85.2271619,2022-10-04,06:09:00,Tuesday,Clear,Highway,Low,Two-Wheeler,Fatal,3
3940,29,Nagri,23.309508,85.2271619,2025-03-22,14:48:00,Saturday,Clear,Highway,Medium,Car,Minor,1
4008,29,Nagri,23.309508,85.2271619,2025-12-04,18:59:00,Thursday,Clear,Main Road,Medium,Car,Minor,0
4035,29,Nagri,23.309508,85.2271619,2025-12-20,16:35:00,Saturday,Rainy,Main Road,Medium,Auto-Rickshaw,Minor,0
4040,29,Nagri,23.309508,85.2271619,2023-01-09,17:57:00,Monday,Rainy,Highway,Medium,Two-Wheeler,Serious,1
4092,29,Nagri,23.309508,85.2271619,2023-03-18,18:11:00,Saturday,Foggy,Residential Road,High,Two-Wheeler,Serious,1
4267,29,Nagri,23.309508,85.2271619,2023-10-28,08:27:00,Saturday,Clear,Chowk/Intersection,Medium,Auto-Rickshaw,Serious,3
4291,29,Nagri,23.309508,85.2271619,2021-02-24,09:55:00,Wednesday,Clear,Main Road,High,Bus,Fatal,1
4317,29,Nagri,23.309508,85.2271619,2022-11-09,08:28:00,Wednesday,Clear,Highway,High,Two-Wheeler,Minor,0
4466,29,Nagri,23.309508,85.2271619,2025-10-16,08:34:00,Thursday,Clear,Main Road,Medium,Bus,Minor,1
4641,29,Nagri,23.309508,85.2271619,2023-06-03,18:47:00,Saturday,Clear,Main Road,Medium,Two-Wheeler,Fatal,1
4673,29,Nagri,23.309508,85.2271619,2021-04-02,19:22:00,Friday,Clear,Chowk/Intersection,Medium,Auto-Rickshaw,Minor,0
4730,29,Nagri,23.309508,85.2271619,2025-03-11,18:43:00,Tuesday,Rainy,Chowk/Intersection,Medium,Two-Wheeler,Minor,0
4739,29,Nagri,23.309508,85.2271619,2022-10-23,16:04:00,Sunday,Clear,Main Road,High,Two-Wheeler,Serious,1
4773,29,Nagri,23.309508,85.2271619,2022-12-03,08:18:00,Saturday,Rainy,Highway,Medium,Two-Wheeler,Serious,1
4953,29,Nagri,23.309508,85.2271619,2025-05-05,15:31:00,Monday,Rainy,Main Road,Low,Two-Wheeler,Minor,0
5040,29,Nagri,23.309508,85.2271619,2023-11-04,08:16:00,Saturday,Clear,Main Road,High,Two-Wheeler,Minor,1
5189,29,Nagri,23.309508,85.2271619,2025-10-02,07:12:00,Thursday,Foggy,Chowk/Intersection,High,Two-Wheeler,Serious,2
5412,29,Nagri,23.309508,85.2271619,2024-03-15,17:02:00,Friday,Clear,Chowk/Intersection,Medium,Auto-Rickshaw,Minor,0
5435,29,Nagri,23.309508,85.2271619,2024-04-04,07:30:00,Thursday,Rainy,Chowk/Intersection,Medium,Auto-Rickshaw,Fatal,1
5443,29,Nagri,23.309508,85.2271619,2023-11-12,17:28:00,Sunday,Clear,Main Road,Medium,Two-Wheeler,Minor,0
5476,29,Nagri,23.309508,85.2271619,2022-11-22,20:30:00,Tuesday,Rainy,Chowk/Intersection,High,Auto-Rickshaw,Serious,2
5518,29,Nagri,23.309508,85.2271619,2024-06-13,19:19:00,Thursday,Clear,Chowk/Intersection,Medium,Auto-Rickshaw,Minor,1
5557,29,Nagri,23.309508,85.2271619,2024-05-02,10:37:00,Thursday,Clear,Highway,Low,Car,Serious,1
5606,29,Nagri,23.309508,85.2271619,2023-03-20,19:33:00,Monday,Clear,Main Road,High,Auto-Rickshaw,Serious,2
5645,29,Nagri,23.309508,85.2271619,2022-05-28,09:57:00,Saturday,Rainy,Highway,Low,Car,Serious,1
5734,29,Nagri,23.309508,85.2271619,2022-04-08,19:00:00,Friday,Rainy,Chowk/Intersection,High,Two-Wheeler,Serious,2
5825,29,Nagri,23.309508,85.2271619,2024-08-04,17:44:00,Sunday,Clear,Residential Road,Medium,Two-Wheeler,Minor,0
5831,29,Nagri,23.309508,85.2271619,2025-08-20,19:09:00,Wednesday,Stormy,Main Road,High,Car,Minor,1
5834,29,Nagri,23.309508,85.2271619,2024-10-11,09:01:00,Friday,Clear,Highway,High,Truck,Minor,0
5973,29,Nagri,23.309508,85.2271619,2021-07-19,19:36:00,Monday,Clear,Highway,Medium,Auto-Rickshaw,Minor,1
6165,29,Nagri,23.309508,85.2271619,2022-10-29,18:17:00,Saturday,Clear,Chowk/Intersection,High,Auto-Rickshaw,Serious,3
6245,29,Nagri,23.309508,85.2271619,2023-03-09,20:06:00,Thursday,Clear,Main Road,Medium,Two-Wheeler,Minor,0
6294,29,Nagri,23.309508,85.2271619,2023-03-18,08:20:00,Saturday,Foggy,Residential Road,Medium,Bus,Minor,0
6333,29,Nagri,23.309508,85.2271619,2021-04-18,07:09:00,Sunday,Clear,Chowk/Intersection,Low,Auto-Rickshaw,Minor,0
6344,29,Nagri,23.309508,85.2271619,2024-09-03,18:02:00,Tuesday,Clear,Highway,High,Auto-Rickshaw,Minor,1
6363,29,Nagri,23.309508,85.2271619,2022-02-22,17:02:00,Tuesday,Clear,Main Road,Low,Car,Minor,0
6488,29,Nagri,23.309508,85.2271619,2021-07-10,18:12:00,Saturday,Clear,Chowk/Intersection,Medium,Two-Wheeler,Serious,3
6585,29,Nagri,23.309508,85.2271619,2021-02-03,17:04:00,Wednesday,Clear,Residential Road,Medium,Auto-Rickshaw,Fatal,2
6637,29,Nagri,23.309508,85.2271619,2022-07-15,17:46:00,Friday,Rainy,Residential Road,High,Truck,Minor,0
6646,29,Nagri,23.309508,85.2271619,2021-08-09,18:25:00,Monday,Clear,Chowk/Intersection,Low,Car,Serious,2
6662,29,Nagri,23.309508,85.2271619,2022-05-18,11:22:00,Wednesday,Clear,Highway,High,Two-Wheeler,Minor,1
6759,29,Nagri,23.309508,85.2271619,2024-08-04,09:54:00,Sunday,Clear,Highway,Medium,Two-Wheeler,Minor,0
6760,29,Nagri,23.309508,85.2271619,2022-09-19,11:58:00,Monday,Clear,Highway,High,Two-Wheeler,Minor,0
6818,29,Nagri,23.309508,85.2271619,2022-05-12,07:14:00,Thursday,Clear,Highway,High,Two-Wheeler,Minor,1
6886,29,Nagri,23.309508,85.2271619,2021-10-19,18:22:00,Tuesday,Foggy,Main Road,Medium,Auto-Rickshaw,Minor,0
6948,29,Nagri,23.309508,85.2271619,2021-02-12,08:07:00,Friday,Clear,Chowk/Intersection,High,Two-Wheeler,Minor,0
6980,29,Nagri,23.309508,85.2271619,2023-07-06,17:31:00,Thursday,Clear,Highway,Medium,Car,Serious,2
7085,29,Nagri,23.309508,85.2271619,2024-03-03,08:46:00,Sunday,Clear,Chowk/Intersection,High,Two-Wheeler,Serious,2
7215,29,Nagri,23.309508,85.2271619,2025-04-11,07:55:00,Friday,Clear,Highway,High,Two-Wheeler,Minor,0
7226,29,Nagri,23.309508,85.2271619,2021-12-20,18:00:00,Monday,Rainy,Highway,Medium,Bus,Serious,3
7495,29,Nagri,23.309508,85.2271619,2021-07-23,21:22:00,Friday,Clear,Residential Road,High,Two-Wheeler,Minor,1
7534,29,Nagri,23.309508,85.2271619,2022-09-18,09:09:00,Sunday,Stormy,Chowk/Intersection,Low,Bus,Minor,0
7539,29,Nagri,23.309508,85.2271619,2024-05-25,19:34:00,Saturday,Clear,Highway,High,Auto-Rickshaw,Minor,1
7565,29,Nagri,23.309508,85.2271619,2024-12-01,17:40:00,Sunday,Rainy,Chowk/Intersection,High,Bus,Minor,1
7786,29,Nagri,23.309508,85.2271619,2021-04-10,08:40:00,Saturday,Rainy,Highway,Low,Two-Wheeler,Minor,1
7838,29,Nagri,23.309508,85.2271619,2025-01-19,10:45:00,Sunday,Rainy,Highway,Medium,Truck,Minor,1
7842,29,Nagri,23.309508,85.2271619,2021-11-03,18:16:00,Wednesday,Clear,Residential Road,Medium,Auto-Rickshaw,Fatal,2
7935,29,Nagri,23.309508,85.2271619,2025-10-10,18:45:00,Friday,Clear,Chowk/Intersection,Low,Car,Minor,1
7944,29,Nagri,23.309508,85.2271619,2024-12-28,08:11:00,Saturday,Clear,Chowk/Intersection,High,Two-Wheeler,Fatal,2
7954,29,Nagri,23.309508,85.2271619,2023-02-06,16:20:00,Monday,Clear,Main Road,Low,Bus,Serious,3
7987,29,Nagri,23.309508,85.2271619,2023-11-27,18:55:00,Monday,Clear,Residential Road,Medium,Two-Wheeler,Serious,2
168,30,Angara,23.402472,85.510425,2024-08-27,18:49:00,Tuesday,Rainy,Chowk/Intersection,Medium,Two-Wheeler,Minor,0
182,30,Angara,23.402472,85.510425,2021-08-23,08:02:00,Monday,Foggy,Main Road,Low,Two-Wheeler,Serious,2
234,30,Angara,23.402472,85.510425,2022-03-22,06:17:00,Tuesday,Foggy,Highway,High,Car,Minor,0
249,30,Angara,23.402472,85.510425,2025-02-05,10:05:00,Wednesday,Clear,Chowk/Intersection,Low,Car,Minor,0
273,30,Angara,23.402472,85.510425,2023-04-21,15:42:00,Friday,Clear,Residential Road,Low,Car,Minor,0
374,30,Angara,23.402472,85.510425,2023-07-01,19:56:00,Saturday,Clear,Main Road,Medium,Two-Wheeler,Minor,0
377,30,Angara,23.402472,85.510425,2022-06-18,21:21:00,Saturday,Clear,Chowk/Intersection,Medium,Truck,Serious,1
413,30,Angara,23.402472,85.510425,2021-08-14,18:39:00,Saturday,Clear,Main Road,Medium,Truck,Minor,0
441,30,Angara,23.402472,85.510425,2024-12-07,10:44:00,Saturday,Clear,Chowk/Intersection,Low,Car,Minor,1
532,30,Angara,23.402472,85.510425,2021-07-21,10:41:00,Wednesday,Clear,Main Road,Low,Two-Wheeler,Minor,1
681,30,Angara,23.402472,85.510425,2024-02-09,18:14:00,Friday,Clear,Main Road,Low,Car,Minor,0
697,30,Angara,23.402472,85.510425,2022-12-09,10:43:00,Friday,Clear,Residential Road,Medium,Bus,Serious,1
727,30,Angara,23.402472,85.510425,2025-04-20,19:49:00,Sunday,Clear,Chowk/Intersection,Medium,Truck,Minor,0
741,30,Angara,23.402472,85.510425,2023-03-07,10:21:00,Tuesday,Clear,Chowk/Intersection,High,Two-Wheeler,Minor,0
756,30,Angara,23.402472,85.510425,2025-12-08,09:24:00,Monday,Rainy,Main Road,Medium,Truck,Serious,2
823,30,Angara,23.402472,85.510425,2023-11-09,19:10:00,Thursday,Clear,Main Road,Low,Car,Minor,0
904,30,Angara,23.402472,85.510425,2023-07-21,20:35:00,Friday,Clear,Main Road,Medium,Two-Wheeler,Minor,0
921,30,Angara,23.402472,85.510425,2021-05-13,10:51:00,Thursday,Clear,Chowk/Intersection,Medium,Two-Wheeler,Serious,1
960,30,Angara,23.402472,85.510425,2022-11-04,15:19:00,Friday,Rainy,Main Road,Medium,Truck,Minor,0
961,30,Angara,23.402472,85.510425,2022-09-08,18:16:00,Thursday,Clear,Chowk/Intersection,Low,Auto-Rickshaw,Minor,1
985,30,Angara,23.402472,85.510425,2022-01-12,10:50:00,Wednesday,Clear,Chowk/Intersection,Low,Bus,Minor,0
1011,30,Angara,23.402472,85.510425,2021-12-10,09:40:00,Friday,Clear,Main Road,High,Truck,Serious,1
1033,30,Angara,23.402472,85.510425,2023-04-09,18:26:00,Sunday,Clear,Residential Road,Low,Bus,Serious,1
1088,30,Angara,23.402472,85.510425,2025-07-23,07:42:00,Wednesday,Clear,Main Road,Medium,Bus,Minor,0
1104,30,Angara,23.402472,85.510425,2021-03-25,20:18:00,Thursday,Clear,Residential Road,Low,Truck,Minor,0
1153,30,Angara,23.402472,85.510425,2023-04-15,18:07:00,Saturday,Foggy,Residential Road,Medium,Two-Wheeler,Minor,0
1155,30,Angara,23.402472,85.510425,2021-10-28,06:17:00,Thursday,Clear,Chowk/Intersection,Medium,Two-Wheeler,Serious,1
1165,30,Angara,23.402472,85.510425,2025-11-21,19:28:00,Friday,Clear,Main Road,Low,Two-Wheeler,Minor,1
1302,30,Angara,23.402472,85.510425,2021-08-08,11:01:00,Sunday,Clear,Residential Road,Medium,Two-Wheeler,Minor,0
1417,30,Angara,23.402472,85.510425,2021-09-07,10:05:00,Tuesday,Clear,Highway,Medium,Two-Wheeler,Minor,1
1484,30,Angara,23.402472,85.510425,2022-07-23,09:02:00,Saturday,Clear,Residential Road,Medium,Car,Minor,0
1603,30,Angara,23.402472,85.510425,2023-04-07,06:36:00,Friday,Clear,Main Road,Medium,Car,Minor,0
1716,30,Angara,23.402472,85.510425,2021-05-10,16:20:00,Monday,Rainy,Highway,High,Two-Wheeler,Minor,1
1752,30,Angara,23.402472,85.510425,2025-06-13,09:31:00,Friday,Foggy,Chowk/Intersection,Medium,Two-Wheeler,Minor,1
1800,30,Angara,23.402472,85.510425,2021-05-05,16:19:00,Wednesday,Clear,Chowk/Intersection,Medium,Bus,Serious,2
1864,30,Angara,23.402472,85.510425,2021-03-22,18:07:00,Monday,Stormy,Chowk/Intersection,Medium,Two-Wheeler,Minor,0
1899,30,Angara,23.402472,85.510425,2025-09-28,10:15:00,Sunday,Stormy,Chowk/Intersection,Low,Truck,Serious,2
1953,30,Angara,23.402472,85.510425,2025-04-11,19:38:00,Friday,Clear,Main Road,Medium,Two-Wheeler,Serious,3
1965,30,Angara,23.402472,85.510425,2023-09-01,18:26:00,Friday,Rainy,Residential Road,High,Car,Serious,3
1998,30,Angara,23.402472,85.510425,2021-12-10,08:04:00,Friday,Rainy,Chowk/Intersection,High,Auto-Rickshaw,Minor,0
2002,30,Angara,23.402472,85.510425,2022-01-30,17:18:00,Sunday,Clear,Highway,Low,Two-Wheeler,Minor,1
2014,30,Angara,23.402472,85.510425,2021-10-09,10:12:00,Saturday,Clear,Chowk/Intersection,Medium,Two-Wheeler,Minor,0
2040,30,Angara,23.402472,85.510425,2023-06-12,19:25:00,Monday,Rainy,Chowk/Intersection,High,Two-Wheeler,Minor,0
2107,30,Angara,23.402472,85.510425,2021-07-04,17:09:00,Sunday,Clear,Residential Road,Low,Two-Wheeler,Minor,0
2117,30,Angara,23.402472,85.510425,2025-10-18,18:57:00,Saturday,Rainy,Chowk/Intersection,High,Two-Wheeler,Minor,0
2129,30,Angara,23.402472,85.510425,2022-09-08,10:13:00,Thursday,Clear,Main Road,Medium,Bus,Minor,0
2210,30,Angara,23.402472,85.510425,2022-11-24,15:02:00,Thursday,Rainy,Chowk/Intersection,Low,Two-Wheeler,Serious,1
2303,30,Angara,23.402472,85.510425,2024-01-06,07:04:00,Saturday,Clear,Chowk/Intersection,Medium,Two-Wheeler,Serious,2
2321,30,Angara,23.402472,85.510425,2024-02-05,09:53:00,Monday,Foggy,Residential Road,Low,Auto-Rickshaw,Minor,0
2522,30,Angara,23.402472,85.510425,2024-08-08,11:56:00,Thursday,Stormy,Chowk/Intersection,High,Car,Minor,0
2613,30,Angara,23.402472,85.510425,2021-05-15,06:41:00,Saturday,Clear,Main Road,Medium,Auto-Rickshaw,Minor,0
3041,30,Angara,23.402472,85.510425,2024-04-05,19:03:00,Friday,Rainy,Main Road,Medium,Two-Wheeler,Serious,1
3052,30,Angara,23.402472,85.510425,2021-06-18,16:15:00,Friday,Clear,Residential Road,Low,Two-Wheeler,Minor,0
3065,30,Angara,23.402472,85.510425,2024-07-21,16:23:00,Sunday,Rainy,Chowk/Intersection,Low,Two-Wheeler,Fatal,1
3228,30,Angara,23.402472,85.510425,2025-10-09,18:31:00,Thursday,Clear,Residential Road,Medium,Bus,Minor,0
3249,30,Angara,23.402472,85.510425,2023-01-19,18:35:00,Thursday,Clear,Residential Road,Medium,Two-Wheeler,Minor,1
3266,30,Angara,23.402472,85.510425,2024-05-22,07:35:00,Wednesday,Rainy,Chowk/Intersection,High,Two-Wheeler,Minor,0
3372,30,Angara,23.402472,85.510425,2023-06-26,17:47:00,Monday,Clear,Main Road,Medium,Car,Serious,2
3384,30,Angara,23.402472,85.510425,2023-07-28,17:18:00,Friday,Clear,Chowk/Intersection,High,Car,Serious,1
3385,30,Angara,23.402472,85.510425,2021-05-22,09:37:00,Saturday,Rainy,Main Road,Medium,Bus,Minor,0
3408,30,Angara,23.402472,85.510425,2024-06-29,20:29:00,Saturday,Clear,Chowk/Intersection,High,Two-Wheeler,Minor,0
3411,30,Angara,23.402472,85.510425,2022-02-15,17:27:00,Tuesday,Clear,Chowk/Intersection,High,Two-Wheeler,Serious,1
3433,30,Angara,23.402472,85.510425,2021-08-29,07:53:00,Sunday,Clear,Chowk/Intersection,Medium,Auto-Rickshaw,Minor,0
3479,30,Angara,23.402472,85.510425,2025-10-12,09:05:00,Sunday,Clear,Main Road,High,Two-Wheeler,Minor,0
3484,30,Angara,23.402472,85.510425,2025-07-25,19:12:00,Friday,Clear,Main Road,High,Auto-Rickshaw,Serious,1
3525,30,Angara,23.402472,85.510425,2024-07-18,16:56:00,Thursday,Clear,Highway,Medium,Two-Wheeler,Fatal,1
3565,30,Angara,23.402472,85.510425,2024-08-03,10:59:00,Saturday,Rainy,Chowk/Intersection,Low,Two-Wheeler,Minor,0
3606,30,Angara,23.402472,85.510425,2024-05-01,18:43:00,Wednesday,Clear,Main Road,High,Car,Minor,0
3617,30,Angara,23.402472,85.510425,2021-11-19,18:47:00,Friday,Rainy,Main Road,Low,Two-Wheeler,Minor,0
3627,30,Angara,23.402472,85.510425,2025-11-01,10:57:00,Saturday,Rainy,Main Road,Medium,Two-Wheeler,Serious,1
3649,30,Angara,23.402472,85.510425,2021-12-04,18:53:00,Saturday,Clear,Main Road,Low,Two-Wheeler,Minor,1
3690,30,Angara,23.402472,85.510425,2024-08-15,10:58:00,Thursday,Clear,Highway,Low,Bus,Minor,1
3714,30,Angara,23.402472,85.510425,2023-09-22,08:50:00,Friday,Clear,Main Road,Low,Car,Minor,1
3742,30,Angara,23.402472,85.510425,2022-05-17,08:38:00,Tuesday,Clear,Main Road,Medium,Auto-Rickshaw,Minor,1
3768,30,Angara,23.402472,85.510425,2024-09-11,18:07:00,Wednesday,Clear,Chowk/Intersection,Low,Bus,Serious,1
3784,30,Angara,23.402472,85.510425,2022-08-07,07:39:00,Sunday,Rainy,Highway,High,Auto-Rickshaw,Fatal,1
3889,30,Angara,23.402472,85.510425,2023-10-27,19:04:00,Friday,Clear,Chowk/Intersection,Medium,Bus,Minor,0
3898,30,Angara,23.402472,85.510425,2024-06-05,18:39:00,Wednesday,Clear,Main Road,Low,Auto-Rickshaw,Minor,0
3969,30,Angara,23.402472,85.510425,2021-11-10,08:45:00,Wednesday,Clear,Chowk/Intersection,Medium,Two-Wheeler,Minor,0
3981,30,Angara,23.402472,85.510425,2023-08-10,20:08:00,Thursday,Clear,Highway,Low,Truck,Fatal,2
4059,30,Angara,23.402472,85.510425,2025-03-30,08:16:00,Sunday,Clear,Chowk/Intersection,Medium,Truck,Minor,1
4157,30,Angara,23.402472,85.510425,2024-10-19,06:44:00,Saturday,Foggy,Chowk/Intersection,High,Car,Minor,0
4179,30,Angara,23.402472,85.510425,2023-04-05,07:26:00,Wednesday,Clear,Chowk/Intersection,High,Truck,Fatal,4
4180,30,Angara,23.402472,85.510425,2024-09-01,07:18:00,Sunday,Clear,Chowk/Intersection,Low,Two-Wheeler,Fatal,3
4271,30,Angara,23.402472,85.510425,2022-11-14,17:55:00,Monday,Clear,Chowk/Intersection,Medium,Two-Wheeler,Serious,1
4302,30,Angara,23.402472,85.510425,2022-05-21,20:34:00,Saturday,Clear,Residential Road,High,Car,Minor,0
4326,30,Angara,23.402472,85.510425,2025-01-03,06:08:00,Friday,Clear,Chowk/Intersection,High,Car,Minor,1
4507,30,Angara,23.402472,85.510425,2021-07-13,05:21:00,Tuesday,Clear,Chowk/Intersection,Low,Two-Wheeler,Minor,0
4527,30,Angara,23.402472,85.510425,2023-12-22,10:43:00,Friday,Rainy,Residential Road,Medium,Auto-Rickshaw,Minor,0
4567,30,Angara,23.402472,85.510425,2022-07-19,08:23:00,Tuesday,Rainy,Main Road,High,Auto-Rickshaw,Serious,2
4683,30,Angara,23.402472,85.510425,2023-05-17,17:51:00,Wednesday,Stormy,Chowk/Intersection,Low,Two-Wheeler,Fatal,1
4723,30,Angara,23.402472,85.510425,2022-03-24,08:13:00,Thursday,Clear,Main Road,Low,Truck,Serious,1
4735,30,Angara,23.402472,85.510425,2025-10-22,19:05:00,Wednesday,Rainy,Residential Road,High,Car,Serious,1
4920,30,Angara,23.402472,85.510425,2023-10-01,16:11:00,Sunday,Clear,Residential Road,High,Auto-Rickshaw,Fatal,1
4956,30,Angara,23.402472,85.510425,2024-11-19,06:19:00,Tuesday,Clear,Main Road,Medium,Two-Wheeler,Minor,1
4963,30,Angara,23.402472,85.510425,2022-07-23,08:20:00,Saturday,Clear,Residential Road,High,Car,Minor,0
5037,30,Angara,23.402472,85.510425,2024-12-10,18:44:00,Tuesday,Clear,Main Road,Medium,Car,Serious,1
5111,30,Angara,23.402472,85.510425,2022-11-03,19:21:00,Thursday,Clear,Chowk/Intersection,Medium,Auto-Rickshaw,Minor,0
5140,30,Angara,23.402472,85.510425,2023-08-09,10:40:00,Wednesday,Clear,Highway,Medium,Bus,Fatal,3
5153,30,Angara,23.402472,85.510425,2023-10-30,19:27:00,Monday,Rainy,Highway,Medium,Two-Wheeler,Serious,1
5173,30,Angara,23.402472,85.510425,2022-07-05,18:03:00,Tuesday,Clear,Main Road,Medium,Bus,Fatal,1
5206,30,Angara,23.402472,85.510425,2024-02-29,18:05:00,Thursday,Rainy,Main Road,Medium,Two-Wheeler,Minor,0
5223,30,Angara,23.402472,85.510425,2022-04-05,19:58:00,Tuesday,Stormy,Main Road,High,Two-Wheeler,Serious,2
5266,30,Angara,23.402472,85.510425,2025-10-06,17:32:00,Monday,Clear,Residential Road,High,Car,Minor,0
5274,30,Angara,23.402472,85.510425,2025-07-24,09:15:00,Thursday,Clear,Main Road,Medium,Car,Minor,1
5423,30,Angara,23.402472,85.510425,2025-11-19,10:57:00,Wednesday,Clear,Residential Road,High,Auto-Rickshaw,Minor,0
5488,30,Angara,23.402472,85.510425,2025-12-07,08:28:00,Sunday,Foggy,Main Road,Low,Auto-Rickshaw,Minor,1
5548,30,Angara,23.402472,85.510425,2022-11-04,11:00:00,Friday,Clear,Chowk/Intersection,Medium,Two-Wheeler,Minor,0
5635,30,Angara,23.402472,85.510425,2023-07-20,07:40:00,Thursday,Clear,Highway,Low,Auto-Rickshaw,Minor,0
5643,30,Angara,23.402472,85.510425,2022-08-23,16:29:00,Tuesday,Clear,Residential Road,High,Bus,Serious,2
5766,30,Angara,23.402472,85.510425,2022-10-29,08:10:00,Saturday,Clear,Chowk/Intersection,Low,Two-Wheeler,Minor,0
5858,30,Angara,23.402472,85.510425,2023-04-01,10:36:00,Saturday,Foggy,Chowk/Intersection,Medium,Two-Wheeler,Serious,3
5913,30,Angara,23.402472,85.510425,2023-11-30,07:54:00,Thursday,Rainy,Residential Road,Medium,Two-Wheeler,Fatal,1
6075,30,Angara,23.402472,85.510425,2024-12-31,08:06:00,Tuesday,Rainy,Main Road,Medium,Two-Wheeler,Minor,1
6144,30,Angara,23.402472,85.510425,2022-05-06,21:11:00,Friday,Rainy,Chowk/Intersection,High,Car,Minor,1
6193,30,Angara,23.402472,85.510425,2025-11-17,09:34:00,Monday,Foggy,Main Road,High,Car,Serious,1
6217,30,Angara,23.402472,85.510425,2024-06-05,09:57:00,Wednesday,Clear,Chowk/Intersection,Low,Bus,Fatal,1
6218,30,Angara,23.402472,85.510425,2022-03-15,08:36:00,Tuesday,Clear,Residential Road,Low,Car,Minor,0
6243,30,Angara,23.402472,85.510425,2024-05-28,10:13:00,Tuesday,Clear,Main Road,Medium,Auto-Rickshaw,Serious,3
6266,30,Angara,23.402472,85.510425,2022-10-30,17:59:00,Sunday,Clear,Chowk/Intersection,Medium,Two-Wheeler,Serious,1
6350,30,Angara,23.402472,85.510425,2025-01-11,20:57:00,Saturday,Clear,Main Road,High,Two-Wheeler,Minor,0
6408,30,Angara,23.402472,85.510425,2024-02-07,08:13:00,Wednesday,Clear,Chowk/Intersection,High,Two-Wheeler,Minor,0
6506,30,Angara,23.402472,85.510425,2021-08-21,17:31:00,Saturday,Rainy,Chowk/Intersection,Low,Truck,Minor,0
6631,30,Angara,23.402472,85.510425,2025-07-03,09:20:00,Thursday,Foggy,Main Road,Medium,Two-Wheeler,Minor,0
6670,30,Angara,23.402472,85.510425,2022-06-11,11:33:00,Saturday,Clear,Main Road,High,Two-Wheeler,Minor,1
6708,30,Angara,23.402472,85.510425,2022-08-28,10:12:00,Sunday,Clear,Residential Road,Medium,Two-Wheeler,Serious,1
6715,30,Angara,23.402472,85.510425,2022-11-25,08:35:00,Friday,Clear,Highway,High,Car,Minor,0
6724,30,Angara,23.402472,85.510425,2022-02-20,11:30:00,Sunday,Clear,Chowk/Intersection,High,Car,Serious,1
6748,30,Angara,23.402472,85.510425,2024-05-28,09:15:00,Tuesday,Foggy,Main Road,High,Car,Serious,1
6824,30,Angara,23.402472,85.510425,2021-07-13,09:45:00,Tuesday,Clear,Chowk/Intersection,Medium,Two-Wheeler,Minor,1
6832,30,Angara,23.402472,85.510425,2024-11-14,18:58:00,Thursday,Clear,Chowk/Intersection,Low,Car,Serious,1
6863,30,Angara,23.402472,85.510425,2023-03-08,18:42:00,Wednesday,Foggy,Residential Road,Medium,Auto-Rickshaw,Minor,0
6901,30,Angara,23.402472,85.510425,2024-02-20,16:05:00,Tuesday,Clear,Main Road,High,Car,Minor,1
6924,30,Angara,23.402472,85.510425,2024-09-18,18:04:00,Wednesday,Rainy,Main Road,Low,Two-Wheeler,Minor,1
6930,30,Angara,23.402472,85.510425,2023-03-29,16:01:00,Wednesday,Clear,Main Road,Low,Two-Wheeler,Minor,0
6997,30,Angara,23.402472,85.510425,2022-01-30,08:22:00,Sunday,Rainy,Chowk/Intersection,Medium,Two-Wheeler,Serious,3
7077,30,Angara,23.402472,85.510425,2024-10-16,18:09:00,Wednesday,Rainy,Highway,High,Two-Wheeler,Serious,1
7158,30,Angara,23.402472,85.510425,2021-12-27,10:38:00,Monday,Clear,Main Road,Low,Car,Minor,1
7219,30,Angara,23.402472,85.510425,2022-07-25,08:51:00,Monday,Clear,Highway,Medium,Two-Wheeler,Fatal,2
7230,30,Angara,23.402472,85.510425,2022-01-25,19:10:00,Tuesday,Rainy,Main Road,High,Car,Serious,1
7231,30,Angara,23.402472,85.510425,2025-01-17,06:58:00,Friday,Clear,Highway,Low,Car,Minor,0
7266,30,Angara,23.402472,85.510425,2023-11-07,08:06:00,Tuesday,Rainy,Residential Road,Low,Two-Wheeler,Serious,2
7355,30,Angara,23.402472,85.510425,2022-03-30,08:46:00,Wednesday,Stormy,Main Road,Low,Two-Wheeler,Fatal,1
7405,30,Angara,23.402472,85.510425,2021-03-11,16:08:00,Thursday,Clear,Highway,Medium,Two-Wheeler,Minor,0
7460,30,Angara,23.402472,85.510425,2021-12-05,19:47:00,Sunday,Rainy,Main Road,Medium,Two-Wheeler,Fatal,1
7491,30,Angara,23.402472,85.510425,2024-02-10,17:14:00,Saturday,Clear,Main Road,High,Auto-Rickshaw,Serious,3
7631,30,Angara,23.402472,85.510425,2025-12-30,09:03:00,Tuesday,Clear,Highway,High,Two-Wheeler,Minor,1
7739,30,Angara,23.402472,85.510425,2023-11-12,08:32:00,Sunday,Clear,Main Road,Medium,Bus,Minor,1
7761,30,Angara,23.402472,85.510425,2024-03-27,06:05:00,Wednesday,Clear,Residential Road,Medium,Two-Wheeler,Serious,1
7850,30,Angara,23.402472,85.510425,2023-01-02,19:13:00,Monday,Clear,Chowk/Intersection,High,Auto-Rickshaw,Serious,1
7966,30,Angara,23.402472,85.510425,2025-03-13,09:09:00,Thursday,Clear,Residential Road,High,Car,Fatal,1
6,31,Silli,23.3456773,85.7748956,2025-12-29,10:20:00,Monday,Foggy,Highway,High,Two-Wheeler,Minor,0
64,31,Silli,23.3456773,85.7748956,2022-07-10,19:57:00,Sunday,Clear,Chowk/Intersection,High,Two-Wheeler,Minor,0
103,31,Silli,23.3456773,85.7748956,2022-05-03,18:13:00,Tuesday,Clear,Main Road,Low,Car,Serious,2
390,31,Silli,23.3456773,85.7748956,2021-07-23,09:10:00,Friday,Clear,Chowk/Intersection,Medium,Bus,Minor,0
496,31,Silli,23.3456773,85.7748956,2021-04-01,10:27:00,Thursday,Clear,Chowk/Intersection,Low,Two-Wheeler,Minor,0
546,31,Silli,23.3456773,85.7748956,2022-03-07,09:21:00,Monday,Clear,Main Road,High,Car,Serious,2
551,31,Silli,23.3456773,85.7748956,2022-08-22,18:16:00,Monday,Clear,Main Road,Low,Two-Wheeler,Serious,2
605,31,Silli,23.3456773,85.7748956,2021-04-11,09:25:00,Sunday,Rainy,Chowk/Intersection,Medium,Two-Wheeler,Minor,0
693,31,Silli,23.3456773,85.7748956,2022-04-10,08:41:00,Sunday,Clear,Main Road,High,Car,Minor,0
711,31,Silli,23.3456773,85.7748956,2022-01-21,08:34:00,Friday,Rainy,Chowk/Intersection,High,Auto-Rickshaw,Minor,0
886,31,Silli,23.3456773,85.7748956,2025-03-23,08:40:00,Sunday,Clear,Main Road,Medium,Two-Wheeler,Minor,1
907,31,Silli,23.3456773,85.7748956,2022-07-23,10:34:00,Saturday,Rainy,Chowk/Intersection,High,Car,Minor,0
919,31,Silli,23.3456773,85.7748956,2023-04-08,10:20:00,Saturday,Clear,Main Road,High,Bus,Serious,2
1002,31,Silli,23.3456773,85.7748956,2023-05-02,07:27:00,Tuesday,Clear,Chowk/Intersection,Low,Truck,Minor,0
1059,31,Silli,23.3456773,85.7748956,2023-04-18,08:17:00,Tuesday,Foggy,Main Road,High,Two-Wheeler,Minor,0
1163,31,Silli,23.3456773,85.7748956,2021-05-16,07:03:00,Sunday,Clear,Main Road,Medium,Car,Serious,3
1283,31,Silli,23.3456773,85.7748956,2022-11-22,19:36:00,Tuesday,Stormy,Highway,Low,Two-Wheeler,Minor,0
1305,31,Silli,23.3456773,85.7748956,2023-10-05,09:51:00,Thursday,Clear,Main Road,Low,Two-Wheeler,Serious,3
1335,31,Silli,23.3456773,85.7748956,2025-08-01,18:50:00,Friday,Rainy,Chowk/Intersection,Medium,Car,Minor,0
1488,31,Silli,23.3456773,85.7748956,2021-03-10,11:31:00,Wednesday,Clear,Main Road,Medium,Two-Wheeler,Minor,0
1501,31,Silli,23.3456773,85.7748956,2023-07-24,11:56:00,Monday,Clear,Residential Road,High,Car,Minor,1
1513,31,Silli,23.3456773,85.7748956,2024-05-21,19:04:00,Tuesday,Clear,Main Road,High,Car,Fatal,2
1540,31,Silli,23.3456773,85.7748956,2024-06-29,19:09:00,Saturday,Rainy,Main Road,High,Auto-Rickshaw,Minor,0
1574,31,Silli,23.3456773,85.7748956,2023-09-20,17:22:00,Wednesday,Clear,Chowk/Intersection,Medium,Auto-Rickshaw,Serious,3
1623,31,Silli,23.3456773,85.7748956,2022-06-12,18:50:00,Sunday,Clear,Residential Road,Medium,Bus,Minor,0
1685,31,Silli,23.3456773,85.7748956,2022-04-22,07:29:00,Friday,Rainy,Highway,Medium,Two-Wheeler,Minor,0
1721,31,Silli,23.3456773,85.7748956,2024-08-10,09:44:00,Saturday,Rainy,Chowk/Intersection,Low,Car,Serious,2
1735,31,Silli,23.3456773,85.7748956,2023-03-24,10:35:00,Friday,Clear,Main Road,High,Two-Wheeler,Minor,1
1742,31,Silli,23.3456773,85.7748956,2021-02-05,20:22:00,Friday,Clear,Main Road,Medium,Car,Serious,2
1779,31,Silli,23.3456773,85.7748956,2024-12-13,10:38:00,Friday,Clear,Main Road,High,Two-Wheeler,Minor,0
1952,31,Silli,23.3456773,85.7748956,2023-10-17,18:21:00,Tuesday,Clear,Main Road,High,Car,Minor,0
2089,31,Silli,23.3456773,85.7748956,2024-11-21,17:47:00,Thursday,Rainy,Chowk/Intersection,Low,Car,Serious,1
2145,31,Silli,23.3456773,85.7748956,2022-08-25,18:19:00,Thursday,Clear,Chowk/Intersection,Medium,Two-Wheeler,Serious,2
2209,31,Silli,23.3456773,85.7748956,2023-06-19,09:15:00,Monday,Rainy,Main Road,Low,Car,Minor,0
2289,31,Silli,23.3456773,85.7748956,2023-09-08,09:09:00,Friday,Clear,Chowk/Intersection,Low,Two-Wheeler,Minor,1
2326,31,Silli,23.3456773,85.7748956,2025-03-15,09:46:00,Saturday,Clear,Main Road,High,Two-Wheeler,Minor,0
2363,31,Silli,23.3456773,85.7748956,2023-02-15,16:07:00,Wednesday,Clear,Highway,High,Two-Wheeler,Serious,1
2433,31,Silli,23.3456773,85.7748956,2024-05-26,16:19:00,Sunday,Clear,Chowk/Intersection,Low,Auto-Rickshaw,Fatal,2
2489,31,Silli,23.3456773,85.7748956,2021-10-21,08:22:00,Thursday,Clear,Main Road,High,Two-Wheeler,Serious,1
2502,31,Silli,23.3456773,85.7748956,2024-04-11,19:16:00,Thursday,Clear,Highway,Low,Two-Wheeler,Minor,0
2536,31,Silli,23.3456773,85.7748956,2025-04-27,17:10:00,Sunday,Clear,Chowk/Intersection,High,Two-Wheeler,Serious,2
2547,31,Silli,23.3456773,85.7748956,2021-01-03,17:03:00,Sunday,Foggy,Chowk/Intersection,Low,Two-Wheeler,Minor,0
2568,31,Silli,23.3456773,85.7748956,2025-12-09,20:42:00,Tuesday,Clear,Chowk/Intersection,High,Two-Wheeler,Minor,0
2595,31,Silli,23.3456773,85.7748956,2022-08-30,09:53:00,Tuesday,Clear,Chowk/Intersection,High,Car,Serious,2
2611,31,Silli,23.3456773,85.7748956,2023-04-16,22:58:00,Sunday,Clear,Main Road,Medium,Bus,Fatal,3
2634,31,Silli,23.3456773,85.7748956,2022-04-03,20:35:00,Sunday,Clear,Highway,Medium,Truck,Serious,1
2661,31,Silli,23.3456773,85.7748956,2024-08-10,06:54:00,Saturday,Clear,Main Road,High,Two-Wheeler,Minor,1
2805,31,Silli,23.3456773,85.7748956,2021-02-04,19:39:00,Thursday,Rainy,Chowk/Intersection,High,Car,Fatal,1
2815,31,Silli,23.3456773,85.7748956,2023-01-21,08:43:00,Saturday,Clear,Chowk/Intersection,Medium,Two-Wheeler,Serious,1
2852,31,Silli,23.3456773,85.7748956,2022-03-28,19:31:00,Monday,Foggy,Main Road,Medium,Bus,Minor,0
2960,31,Silli,23.3456773,85.7748956,2021-01-23,07:11:00,Saturday,Clear,Chowk/Intersection,Low,Car,Serious,1
3003,31,Silli,23.3456773,85.7748956,2021-01-21,10:23:00,Thursday,Clear,Main Road,Low,Auto-Rickshaw,Minor,1
3086,31,Silli,23.3456773,85.7748956,2021-07-01,18:43:00,Thursday,Clear,Main Road,Medium,Truck,Serious,1
3194,31,Silli,23.3456773,85.7748956,2024-11-10,10:45:00,Sunday,Stormy,Highway,High,Car,Minor,0
3202,31,Silli,23.3456773,85.7748956,2021-08-02,10:23:00,Monday,Clear,Residential Road,High,Two-Wheeler,Minor,0
3223,31,Silli,23.3456773,85.7748956,2021-07-16,08:00:00,Friday,Clear,Chowk/Intersection,Medium,Auto-Rickshaw,Minor,1
3250,31,Silli,23.3456773,85.7748956,2025-05-03,20:49:00,Saturday,Clear,Chowk/Intersection,Medium,Two-Wheeler,Minor,0
3278,31,Silli,23.3456773,85.7748956,2022-06-10,08:20:00,Friday,Clear,Highway,Medium,Two-Wheeler,Minor,0
3334,31,Silli,23.3456773,85.7748956,2023-06-23,19:06:00,Friday,Clear,Chowk/Intersection,High,Two-Wheeler,Minor,1
3375,31,Silli,23.3456773,85.7748956,2022-07-05,08:05:00,Tuesday,Clear,Residential Road,Low,Car,Minor,0
3458,31,Silli,23.3456773,85.7748956,2021-12-26,17:32:00,Sunday,Clear,Residential Road,High,Bus,Minor,0
3463,31,Silli,23.3456773,85.7748956,2022-03-28,17:24:00,Monday,Clear,Highway,Medium,Two-Wheeler,Minor,1
3474,31,Silli,23.3456773,85.7748956,2023-06-11,06:21:00,Sunday,Clear,Chowk/Intersection,Low,Two-Wheeler,Fatal,1
3487,31,Silli,23.3456773,85.7748956,2023-08-26,08:05:00,Saturday,Clear,Chowk/Intersection,High,Auto-Rickshaw,Minor,0
3634,31,Silli,23.3456773,85.7748956,2022-08-02,17:55:00,Tuesday,Clear,Chowk/Intersection,Low,Auto-Rickshaw,Minor,0
3672,31,Silli,23.3456773,85.7748956,2024-04-01,07:23:00,Monday,Rainy,Highway,High,Auto-Rickshaw,Serious,2
3720,31,Silli,23.3456773,85.7748956,2023-08-27,16:13:00,Sunday,Clear,Residential Road,High,Two-Wheeler,Minor,1
3793,31,Silli,23.3456773,85.7748956,2024-08-26,07:05:00,Monday,Clear,Highway,Medium,Bus,Fatal,2
4036,31,Silli,23.3456773,85.7748956,2021-02-12,17:08:00,Friday,Foggy,Chowk/Intersection,Medium,Car,Minor,0
4046,31,Silli,23.3456773,85.7748956,2025-02-10,17:07:00,Monday,Rainy,Chowk/Intersection,High,Car,Minor,0
4148,31,Silli,23.3456773,85.7748956,2024-11-11,08:02:00,Monday,Clear,Chowk/Intersection,Medium,Car,Minor,0
4166,31,Silli,23.3456773,85.7748956,2021-05-24,17:38:00,Monday,Foggy,Residential Road,Low,Bus,Fatal,1
4203,31,Silli,23.3456773,85.7748956,2025-05-13,09:28:00,Tuesday,Clear,Highway,Low,Truck,Fatal,3
4208,31,Silli,23.3456773,85.7748956,2023-03-22,08:52:00,Wednesday,Rainy,Main Road,High,Car,Minor,0
4250,31,Silli,23.3456773,85.7748956,2021-03-05,07:39:00,Friday,Clear,Main Road,Low,Two-Wheeler,Minor,1
4379,31,Silli,23.3456773,85.7748956,2022-01-11,07:22:00,Tuesday,Rainy,Highway,Medium,Two-Wheeler,Fatal,3
4432,31,Silli,23.3456773,85.7748956,2021-03-13,10:33:00,Saturday,Clear,Main Road,Medium,Bus,Serious,3
4477,31,Silli,23.3456773,85.7748956,2025-11-11,17:54:00,Tuesday,Clear,Main Road,High,Two-Wheeler,Serious,2
4604,31,Silli,23.3456773,85.7748956,2022-07-07,18:06:00,Thursday,Rainy,Chowk/Intersection,Low,Car,Fatal,1
4625,31,Silli,23.3456773,85.7748956,2025-10-01,09:30:00,Wednesday,Stormy,Residential Road,High,Truck,Minor,0
4825,31,Silli,23.3456773,85.7748956,2022-09-12,09:13:00,Monday,Clear,Main Road,Low,Two-Wheeler,Fatal,1
4827,31,Silli,23.3456773,85.7748956,2023-04-05,10:52:00,Wednesday,Clear,Chowk/Intersection,Low,Two-Wheeler,Minor,0
4992,31,Silli,23.3456773,85.7748956,2023-09-04,19:30:00,Monday,Clear,Main Road,High,Two-Wheeler,Minor,1
5029,31,Silli,23.3456773,85.7748956,2021-05-02,18:38:00,Sunday,Stormy,Residential Road,High,Car,Fatal,1
5055,31,Silli,23.3456773,85.7748956,2025-11-07,07:46:00,Friday,Clear,Highway,High,Two-Wheeler,Fatal,2
5097,31,Silli,23.3456773,85.7748956,2021-09-29,18:15:00,Wednesday,Clear,Residential Road,Medium,Bus,Fatal,4
5105,31,Silli,23.3456773,85.7748956,2024-12-22,18:44:00,Sunday,Clear,Residential Road,High,Two-Wheeler,Minor,0
5163,31,Silli,23.3456773,85.7748956,2022-07-16,18:25:00,Saturday,Clear,Chowk/Intersection,Low,Two-Wheeler,Minor,0
5236,31,Silli,23.3456773,85.7748956,2024-12-22,19:31:00,Sunday,Rainy,Chowk/Intersection,Medium,Two-Wheeler,Minor,0
5308,31,Silli,23.3456773,85.7748956,2025-04-19,12:48:00,Saturday,Clear,Chowk/Intersection,High,Truck,Serious,3
5399,31,Silli,23.3456773,85.7748956,2024-01-15,19:21:00,Monday,Clear,Highway,High,Two-Wheeler,Minor,1
5401,31,Silli,23.3456773,85.7748956,2025-07-16,17:56:00,Wednesday,Foggy,Chowk/Intersection,Low,Truck,Fatal,1
5420,31,Silli,23.3456773,85.7748956,2023-04-28,07:06:00,Friday,Clear,Highway,Medium,Bus,Serious,1
5508,31,Silli,23.3456773,85.7748956,2025-11-22,18:39:00,Saturday,Clear,Chowk/Intersection,High,Two-Wheeler,Serious,3
5550,31,Silli,23.3456773,85.7748956,2022-10-19,09:01:00,Wednesday,Stormy,Chowk/Intersection,High,Auto-Rickshaw,Serious,3
5579,31,Silli,23.3456773,85.7748956,2025-11-30,11:44:00,Sunday,Foggy,Chowk/Intersection,Medium,Two-Wheeler,Serious,2
5639,31,Silli,23.3456773,85.7748956,2024-07-28,19:50:00,Sunday,Clear,Chowk/Intersection,Low,Auto-Rickshaw,Minor,0
5663,31,Silli,23.3456773,85.7748956,2024-02-19,06:21:00,Monday,Foggy,Main Road,Medium,Two-Wheeler,Serious,2
5789,31,Silli,23.3456773,85.7748956,2023-04-16,18:18:00,Sunday,Clear,Residential Road,Low,Car,Minor,1
5797,31,Silli,23.3456773,85.7748956,2025-02-10,11:08:00,Monday,Rainy,Chowk/Intersection,Medium,Auto-Rickshaw,Minor,0
5894,31,Silli,23.3456773,85.7748956,2023-06-09,17:09:00,Friday,Clear,Main Road,High,Car,Fatal,1
5977,31,Silli,23.3456773,85.7748956,2024-07-02,17:23:00,Tuesday,Stormy,Chowk/Intersection,High,Two-Wheeler,Minor,0
6015,31,Silli,23.3456773,85.7748956,2021-02-02,07:07:00,Tuesday,Clear,Chowk/Intersection,Medium,Two-Wheeler,Minor,0
6017,31,Silli,23.3456773,85.7748956,2025-10-04,08:42:00,Saturday,Clear,Residential Road,Low,Car,Minor,0
6018,31,Silli,23.3456773,85.7748956,2023-08-30,11:42:00,Wednesday,Clear,Chowk/Intersection,Medium,Car,Fatal,1
6062,31,Silli,23.3456773,85.7748956,2022-09-02,09:50:00,Friday,Clear,Main Road,Low,Auto-Rickshaw,Minor,0
6138,31,Silli,23.3456773,85.7748956,2024-09-21,23:05:00,Saturday,Clear,Main Road,High,Car,Serious,1
6181,31,Silli,23.3456773,85.7748956,2024-01-20,08:08:00,Saturday,Clear,Highway,Low,Truck,Minor,1
6184,31,Silli,23.3456773,85.7748956,2024-02-20,09:05:00,Tuesday,Clear,Chowk/Intersection,High,Two-Wheeler,Serious,1
6219,31,Silli,23.3456773,85.7748956,2023-01-23,18:59:00,Monday,Clear,Main Road,Medium,Two-Wheeler,Serious,1
6324,31,Silli,23.3456773,85.7748956,2025-12-06,14:03:00,Saturday,Clear,Main Road,Low,Two-Wheeler,Minor,0
6397,31,Silli,23.3456773,85.7748956,2024-12-23,16:27:00,Monday,Clear,Residential Road,Medium,Two-Wheeler,Serious,1
6410,31,Silli,23.3456773,85.7748956,2023-12-09,20:46:00,Saturday,Rainy,Highway,High,Car,Minor,0
6470,31,Silli,23.3456773,85.7748956,2023-11-17,18:23:00,Friday,Rainy,Chowk/Intersection,Low,Two-Wheeler,Minor,0
6476,31,Silli,23.3456773,85.7748956,2021-06-16,17:32:00,Wednesday,Rainy,Main Road,Medium,Bus,Minor,1
6519,31,Silli,23.3456773,85.7748956,2022-04-02,06:11:00,Saturday,Clear,Highway,Medium,Two-Wheeler,Minor,0
6528,31,Silli,23.3456773,85.7748956,2025-04-18,09:59:00,Friday,Clear,Chowk/Intersection,High,Bus,Serious,2
6534,31,Silli,23.3456773,85.7748956,2024-08-07,19:06:00,Wednesday,Clear,Chowk/Intersection,Low,Bus,Fatal,1
6619,31,Silli,23.3456773,85.7748956,2025-08-27,10:22:00,Wednesday,Rainy,Main Road,High,Car,Minor,1
6622,31,Silli,23.3456773,85.7748956,2023-08-04,10:36:00,Friday,Clear,Highway,Low,Bus,Fatal,1
6623,31,Silli,23.3456773,85.7748956,2021-06-19,20:49:00,Saturday,Rainy,Highway,High,Auto-Rickshaw,Serious,1
6668,31,Silli,23.3456773,85.7748956,2023-12-26,18:34:00,Tuesday,Clear,Main Road,Medium,Truck,Serious,1
6687,31,Silli,23.3456773,85.7748956,2021-03-25,09:08:00,Thursday,Clear,Main Road,High,Two-Wheeler,Minor,0
6749,31,Silli,23.3456773,85.7748956,2024-06-29,08:30:00,Saturday,Clear,Chowk/Intersection,Low,Two-Wheeler,Minor,1
6793,31,Silli,23.3456773,85.7748956,2024-02-04,19:11:00,Sunday,Rainy,Chowk/Intersection,High,Auto-Rickshaw,Serious,2
6861,31,Silli,23.3456773,85.7748956,2021-08-17,19:12:00,Tuesday,Clear,Highway,Medium,Auto-Rickshaw,Minor,1
6934,31,Silli,23.3456773,85.7748956,2024-11-08,19:37:00,Friday,Clear,Residential Road,Medium,Car,Minor,0
7203,31,Silli,23.3456773,85.7748956,2021-10-01,22:39:00,Friday,Rainy,Chowk/Intersection,Low,Auto-Rickshaw,Minor,0
7268,31,Silli,23.3456773,85.7748956,2022-09-24,06:19:00,Saturday,Clear,Main Road,Low,Car,Minor,1
7279,31,Silli,23.3456773,85.7748956,2025-07-19,08:56:00,Saturday,Clear,Chowk/Intersection,Medium,Two-Wheeler,Serious,1
7294,31,Silli,23.3456773,85.7748956,2022-09-12,18:17:00,Monday,Clear,Main Road,High,Bus,Minor,0
7347,31,Silli,23.3456773,85.7748956,2024-03-16,17:34:00,Saturday,Clear,Main Road,Medium,Car,Serious,1
7394,31,Silli,23.3456773,85.7748956,2024-09-17,09:48:00,Tuesday,Clear,Chowk/Intersection,Medium,Bus,Minor,0
7452,31,Silli,23.3456773,85.7748956,2021-01-16,09:36:00,Saturday,Clear,Main Road,High,Two-Wheeler,Serious,2
7550,31,Silli,23.3456773,85.7748956,2022-03-19,09:42:00,Saturday,Clear,Main Road,Medium,Two-Wheeler,Minor,0
7596,31,Silli,23.3456773,85.7748956,2024-12-16,18:48:00,Monday,Foggy,Chowk/Intersection,Low,Car,Minor,1
7624,31,Silli,23.3456773,85.7748956,2025-07-18,07:15:00,Friday,Foggy,Residential Road,Low,Auto-Rickshaw,Serious,3
7654,31,Silli,23.3456773,85.7748956,2025-10-20,08:25:00,Monday,Clear,Highway,High,Bus,Fatal,1
7734,31,Silli,23.3456773,85.7748956,2025-11-06,09:46:00,Thursday,Clear,Highway,Low,Two-Wheeler,Serious,1
7802,31,Silli,23.3456773,85.7748956,2022-11-23,17:48:00,Wednesday,Clear,Chowk/Intersection,Low,Truck,Minor,0
7852,31,Silli,23.3456773,85.7748956,2023-08-26,19:58:00,Saturday,Clear,Highway,High,Bus,Serious,2
7933,31,Silli,23.3456773,85.7748956,2024-04-10,19:39:00,Wednesday,Clear,Main Road,High,Bus,Serious,3
7942,31,Silli,23.3456773,85.7748956,2023-03-09,17:46:00,Thursday,Clear,Chowk/Intersection,High,Two-Wheeler,Serious,1
7947,31,Silli,23.3456773,85.7748956,2023-02-28,20:17:00,Tuesday,Clear,Highway,Medium,Auto-Rickshaw,Minor,0
5,32,Khunti Road,23.0789115,85.2938259,2025-04-09,10:31:00,Wednesday,Clear,Main Road,Medium,Two-Wheeler,Serious,1
22,32,Khunti Road,23.0789115,85.2938259,2021-08-25,08:07:00,Wednesday,Rainy,Chowk/Intersection,High,Auto-Rickshaw,Minor,0
32,32,Khunti Road,23.0789115,85.2938259,2024-09-12,21:10:00,Thursday,Clear,Residential Road,Medium,Car,Minor,0
41,32,Khunti Road,23.0789115,85.2938259,2024-08-29,18:49:00,Thursday,Rainy,Highway,High,Auto-Rickshaw,Minor,0
58,32,Khunti Road,23.0789115,85.2938259,2022-01-30,18:36:00,Sunday,Rainy,Highway,Medium,Two-Wheeler,Minor,0
102,32,Khunti Road,23.0789115,85.2938259,2021-09-24,09:47:00,Friday,Rainy,Highway,Medium,Car,Minor,1
148,32,Khunti Road,23.0789115,85.2938259,2021-04-25,20:07:00,Sunday,Rainy,Residential Road,Medium,Two-Wheeler,Minor,1
181,32,Khunti Road,23.0789115,85.2938259,2023-04-03,07:20:00,Monday,Clear,Chowk/Intersection,Low,Auto-Rickshaw,Minor,0
218,32,Khunti Road,23.0789115,85.2938259,2025-06-18,09:04:00,Wednesday,Clear,Main Road,Low,Two-Wheeler,Minor,1
224,32,Khunti Road,23.0789115,85.2938259,2023-09-14,11:05:00,Thursday,Clear,Chowk/Intersection,Medium,Auto-Rickshaw,Minor,0
246,32,Khunti Road,23.0789115,85.2938259,2025-07-22,10:44:00,Tuesday,Clear,Chowk/Intersection,Medium,Two-Wheeler,Minor,0
252,32,Khunti Road,23.0789115,85.2938259,2022-03-04,19:48:00,Friday,Foggy,Main Road,High,Two-Wheeler,Minor,0
266,32,Khunti Road,23.0789115,85.2938259,2021-01-27,15:27:00,Wednesday,Clear,Chowk/Intersection,Medium,Two-Wheeler,Minor,1
281,32,Khunti Road,23.0789115,85.2938259,2024-04-29,12:31:00,Monday,Clear,Chowk/Intersection,High,Two-Wheeler,Minor,1
295,32,Khunti Road,23.0789115,85.2938259,2021-05-05,09:37:00,Wednesday,Rainy,Highway,Low,Two-Wheeler,Minor,1
326,32,Khunti Road,23.0789115,85.2938259,2023-10-22,12:39:00,Sunday,Rainy,Chowk/Intersection,Low,Car,Minor,0
361,32,Khunti Road,23.0789115,85.2938259,2024-09-02,09:43:00,Monday,Clear,Main Road,Medium,Car,Serious,2
368,32,Khunti Road,23.0789115,85.2938259,2023-11-13,17:47:00,Monday,Clear,Main Road,Medium,Two-Wheeler,Minor,0
372,32,Khunti Road,23.0789115,85.2938259,2023-12-02,08:17:00,Saturday,Clear,Chowk/Intersection,High,Two-Wheeler,Minor,0
373,32,Khunti Road,23.0789115,85.2938259,2025-06-25,20:23:00,Wednesday,Clear,Chowk/Intersection,High,Car,Minor,0
381,32,Khunti Road,23.0789115,85.2938259,2023-03-06,19:22:00,Monday,Rainy,Chowk/Intersection,Low,Two-Wheeler,Serious,2
412,32,Khunti Road,23.0789115,85.2938259,2021-04-04,12:26:00,Sunday,Foggy,Chowk/Intersection,Medium,Auto-Rickshaw,Minor,1
424,32,Khunti Road,23.0789115,85.2938259,2022-08-20,09:14:00,Saturday,Clear,Residential Road,Medium,Bus,Fatal,2
429,32,Khunti Road,23.0789115,85.2938259,2024-06-16,18:33:00,Sunday,Clear,Highway,Low,Auto-Rickshaw,Serious,2
447,32,Khunti Road,23.0789115,85.2938259,2025-02-18,18:42:00,Tuesday,Clear,Residential Road,Low,Two-Wheeler,Minor,0
452,32,Khunti Road,23.0789115,85.2938259,2021-12-07,18:53:00,Tuesday,Clear,Chowk/Intersection,Medium,Two-Wheeler,Fatal,1
468,32,Khunti Road,23.0789115,85.2938259,2023-08-13,20:44:00,Sunday,Foggy,Chowk/Intersection,Low,Bus,Minor,1
469,32,Khunti Road,23.0789115,85.2938259,2022-01-09,17:11:00,Sunday,Clear,Chowk/Intersection,Low,Two-Wheeler,Minor,0
478,32,Khunti Road,23.0789115,85.2938259,2022-06-19,06:07:00,Sunday,Clear,Main Road,Medium,Car,Serious,1
484,32,Khunti Road,23.0789115,85.2938259,2022-04-25,18:57:00,Monday,Clear,Residential Road,Medium,Two-Wheeler,Minor,0
488,32,Khunti Road,23.0789115,85.2938259,2021-12-05,05:42:00,Sunday,Foggy,Chowk/Intersection,Medium,Two-Wheeler,Serious,1
515,32,Khunti Road,23.0789115,85.2938259,2024-11-22,18:23:00,Friday,Clear,Main Road,High,Two-Wheeler,Minor,0
526,32,Khunti Road,23.0789115,85.2938259,2021-09-27,07:54:00,Monday,Clear,Chowk/Intersection,Low,Two-Wheeler,Minor,0
535,32,Khunti Road,23.0789115,85.2938259,2021-02-16,20:56:00,Tuesday,Clear,Highway,Medium,Two-Wheeler,Serious,2
539,32,Khunti Road,23.0789115,85.2938259,2024-05-22,19:55:00,Wednesday,Clear,Residential Road,Medium,Truck,Minor,0
549,32,Khunti Road,23.0789115,85.2938259,2023-01-30,19:45:00,Monday,Foggy,Chowk/Intersection,Low,Car,Serious,1
571,32,Khunti Road,23.0789115,85.2938259,2023-06-04,18:06:00,Sunday,Clear,Residential Road,Medium,Car,Serious,2
573,32,Khunti Road,23.0789115,85.2938259,2023-12-23,07:43:00,Saturday,Clear,Chowk/Intersection,Medium,Two-Wheeler,Minor,0
580,32,Khunti Road,23.0789115,85.2938259,2022-10-22,11:24:00,Saturday,Clear,Chowk/Intersection,Low,Two-Wheeler,Minor,0
597,32,Khunti Road,23.0789115,85.2938259,2024-11-19,19:27:00,Tuesday,Clear,Residential Road,Medium,Car,Minor,0
602,32,Khunti Road,23.0789115,85.2938259,2025-11-18,10:14:00,Tuesday,Clear,Highway,Low,Truck,Fatal,2
611,32,Khunti Road,23.0789115,85.2938259,2023-08-24,09:17:00,Thursday,Foggy,Highway,Low,Auto-Rickshaw,Fatal,3
617,32,Khunti Road,23.0789115,85.2938259,2023-08-22,10:55:00,Tuesday,Clear,Chowk/Intersection,Medium,Auto-Rickshaw,Minor,0
619,32,Khunti Road,23.0789115,85.2938259,2021-05-16,09:30:00,Sunday,Clear,Main Road,High,Two-Wheeler,Minor,0
630,32,Khunti Road,23.0789115,85.2938259,2024-09-04,18:59:00,Wednesday,Stormy,Chowk/Intersection,Low,Two-Wheeler,Minor,1
643,32,Khunti Road,23.0789115,85.2938259,2025-04-15,19:15:00,Tuesday,Clear,Main Road,Medium,Car,Serious,2
677,32,Khunti Road,23.0789115,85.2938259,2023-01-16,16:16:00,Monday,Clear,Main Road,High,Two-Wheeler,Serious,1
690,32,Khunti Road,23.0789115,85.2938259,2023-10-11,18:21:00,Wednesday,Foggy,Chowk/Intersection,Medium,Truck,Serious,2
691,32,Khunti Road,23.0789115,85.2938259,2023-03-05,18:24:00,Sunday,Clear,Highway,Medium,Two-Wheeler,Minor,0
707,32,Khunti Road,23.0789115,85.2938259,2023-05-24,08:24:00,Wednesday,Clear,Chowk/Intersection,Low,Car,Minor,0
712,32,Khunti Road,23.0789115,85.2938259,2023-12-10,19:32:00,Sunday,Rainy,Main Road,High,Two-Wheeler,Serious,2
730,32,Khunti Road,23.0789115,85.2938259,2025-01-16,08:55:00,Thursday,Rainy,Main Road,Medium,Two-Wheeler,Serious,1
744,32,Khunti Road,23.0789115,85.2938259,2023-08-22,11:41:00,Tuesday,Foggy,Main Road,High,Bus,Serious,3
761,32,Khunti Road,23.0789115,85.2938259,2025-06-26,07:39:00,Thursday,Clear,Residential Road,Low,Bus,Minor,0
768,32,Khunti Road,23.0789115,85.2938259,2023-09-29,08:05:00,Friday,Foggy,Residential Road,Low,Car,Minor,0
783,32,Khunti Road,23.0789115,85.2938259,2024-10-13,09:37:00,Sunday,Foggy,Highway,High,Car,Minor,1
814,32,Khunti Road,23.0789115,85.2938259,2025-01-20,18:08:00,Monday,Foggy,Main Road,Low,Two-Wheeler,Fatal,2
819,32,Khunti Road,23.0789115,85.2938259,2024-11-29,09:02:00,Friday,Rainy,Chowk/Intersection,High,Truck,Fatal,1
820,32,Khunti Road,23.0789115,85.2938259,2021-10-09,18:20:00,Saturday,Clear,Main Road,Medium,Car,Minor,0
835,32,Khunti Road,23.0789115,85.2938259,2025-02-28,16:04:00,Friday,Rainy,Chowk/Intersection,Medium,Two-Wheeler,Minor,0
842,32,Khunti Road,23.0789115,85.2938259,2025-01-12,08:51:00,Sunday,Rainy,Chowk/Intersection,High,Two-Wheeler,Serious,1
849,32,Khunti Road,23.0789115,85.2938259,2023-01-05,20:28:00,Thursday,Foggy,Highway,Low,Two-Wheeler,Fatal,4
857,32,Khunti Road,23.0789115,85.2938259,2025-06-14,20:51:00,Saturday,Clear,Chowk/Intersection,Low,Truck,Minor,0
863,32,Khunti Road,23.0789115,85.2938259,2024-12-05,05:51:00,Thursday,Clear,Main Road,Low,Car,Serious,2
908,32,Khunti Road,23.0789115,85.2938259,2022-02-24,11:42:00,Thursday,Clear,Main Road,Medium,Car,Serious,1
920,32,Khunti Road,23.0789115,85.2938259,2023-02-17,16:30:00,Friday,Rainy,Residential Road,Medium,Car,Minor,0
929,32,Khunti Road,23.0789115,85.2938259,2021-02-05,18:12:00,Friday,Clear,Main Road,High,Two-Wheeler,Minor,1
932,32,Khunti Road,23.0789115,85.2938259,2025-07-24,06:32:00,Thursday,Clear,Residential Road,Low,Car,Serious,2
944,32,Khunti Road,23.0789115,85.2938259,2023-02-06,12:29:00,Monday,Foggy,Residential Road,High,Two-Wheeler,Fatal,2
951,32,Khunti Road,23.0789115,85.2938259,2025-08-17,08:42:00,Sunday,Rainy,Highway,Medium,Two-Wheeler,Serious,1
986,32,Khunti Road,23.0789115,85.2938259,2022-11-17,08:56:00,Thursday,Clear,Chowk/Intersection,Medium,Two-Wheeler,Serious,3
989,32,Khunti Road,23.0789115,85.2938259,2021-10-30,10:42:00,Saturday,Rainy,Residential Road,Medium,Two-Wheeler,Fatal,1
1041,32,Khunti Road,23.0789115,85.2938259,2024-09-25,20:42:00,Wednesday,Clear,Chowk/Intersection,Medium,Two-Wheeler,Minor,0
1043,32,Khunti Road,23.0789115,85.2938259,2022-08-16,09:07:00,Tuesday,Clear,Residential Road,Medium,Two-Wheeler,Minor,0
1075,32,Khunti Road,23.0789115,85.2938259,2025-05-02,21:59:00,Friday,Clear,Chowk/Intersection,High,Two-Wheeler,Minor,0
1079,32,Khunti Road,23.0789115,85.2938259,2024-01-09,18:21:00,Tuesday,Clear,Main Road,Medium,Car,Serious,1
1096,32,Khunti Road,23.0789115,85.2938259,2024-07-27,17:54:00,Saturday,Clear,Residential Road,Low,Two-Wheeler,Serious,2
1105,32,Khunti Road,23.0789115,85.2938259,2023-02-05,18:55:00,Sunday,Clear,Residential Road,High,Auto-Rickshaw,Serious,3
1107,32,Khunti Road,23.0789115,85.2938259,2024-10-01,05:24:00,Tuesday,Rainy,Chowk/Intersection,High,Car,Serious,1
1131,32,Khunti Road,23.0789115,85.2938259,2025-12-18,07:24:00,Thursday,Clear,Main Road,High,Auto-Rickshaw,Minor,1
1141,32,Khunti Road,23.0789115,85.2938259,2022-06-07,18:10:00,Tuesday,Clear,Main Road,Medium,Truck,Serious,3
1146,32,Khunti Road,23.0789115,85.2938259,2024-03-12,19:54:00,Tuesday,Clear,Chowk/Intersection,Low,Two-Wheeler,Minor,0
1159,32,Khunti Road,23.0789115,85.2938259,2025-06-19,18:54:00,Thursday,Clear,Main Road,Low,Two-Wheeler,Minor,0
1176,32,Khunti Road,23.0789115,85.2938259,2021-09-06,10:28:00,Monday,Rainy,Chowk/Intersection,Medium,Two-Wheeler,Serious,2
1179,32,Khunti Road,23.0789115,85.2938259,2022-02-24,20:53:00,Thursday,Clear,Chowk/Intersection,Low,Two-Wheeler,Minor,0
1191,32,Khunti Road,23.0789115,85.2938259,2021-08-03,18:25:00,Tuesday,Rainy,Main Road,Medium,Auto-Rickshaw,Serious,3
1215,32,Khunti Road,23.0789115,85.2938259,2025-10-29,16:32:00,Wednesday,Rainy,Chowk/Intersection,Medium,Two-Wheeler,Minor,0
1227,32,Khunti Road,23.0789115,85.2938259,2022-07-11,07:15:00,Monday,Clear,Highway,High,Two-Wheeler,Serious,1
1266,32,Khunti Road,23.0789115,85.2938259,2023-11-03,17:28:00,Friday,Clear,Chowk/Intersection,High,Auto-Rickshaw,Minor,1
1285,32,Khunti Road,23.0789115,85.2938259,2025-01-17,08:50:00,Friday,Rainy,Chowk/Intersection,High,Auto-Rickshaw,Minor,0
1294,32,Khunti Road,23.0789115,85.2938259,2021-01-16,07:45:00,Saturday,Clear,Residential Road,Low,Two-Wheeler,Minor,1
1304,32,Khunti Road,23.0789115,85.2938259,2022-11-12,09:03:00,Saturday,Clear,Highway,High,Truck,Minor,1
1339,32,Khunti Road,23.0789115,85.2938259,2022-05-24,09:18:00,Tuesday,Rainy,Highway,Medium,Two-Wheeler,Serious,2
1388,32,Khunti Road,23.0789115,85.2938259,2022-09-27,09:42:00,Tuesday,Rainy,Main Road,Medium,Bus,Serious,2
1390,32,Khunti Road,23.0789115,85.2938259,2023-01-23,08:29:00,Monday,Clear,Chowk/Intersection,Low,Bus,Serious,1
1397,32,Khunti Road,23.0789115,85.2938259,2022-11-05,17:12:00,Saturday,Clear,Chowk/Intersection,High,Two-Wheeler,Minor,0
1433,32,Khunti Road,23.0789115,85.2938259,2024-05-02,07:01:00,Thursday,Clear,Residential Road,High,Auto-Rickshaw,Minor,0
1436,32,Khunti Road,23.0789115,85.2938259,2021-10-13,18:50:00,Wednesday,Clear,Main Road,Medium,Truck,Minor,0
1444,32,Khunti Road,23.0789115,85.2938259,2025-08-28,09:36:00,Thursday,Rainy,Chowk/Intersection,Low,Two-Wheeler,Serious,1
1459,32,Khunti Road,23.0789115,85.2938259,2025-06-13,18:59:00,Friday,Clear,Chowk/Intersection,High,Auto-Rickshaw,Minor,0
1468,32,Khunti Road,23.0789115,85.2938259,2022-07-21,18:25:00,Thursday,Clear,Main Road,Medium,Two-Wheeler,Fatal,1
1477,32,Khunti Road,23.0789115,85.2938259,2021-11-20,17:48:00,Saturday,Foggy,Highway,Low,Two-Wheeler,Minor,0
1523,32,Khunti Road,23.0789115,85.2938259,2021-07-11,07:56:00,Sunday,Clear,Chowk/Intersection,Low,Car,Fatal,2
1548,32,Khunti Road,23.0789115,85.2938259,2022-02-13,06:15:00,Sunday,Clear,Main Road,High,Two-Wheeler,Minor,0
1566,32,Khunti Road,23.0789115,85.2938259,2022-07-25,20:41:00,Monday,Foggy,Highway,Medium,Two-Wheeler,Serious,1
1588,32,Khunti Road,23.0789115,85.2938259,2025-07-29,18:43:00,Tuesday,Clear,Main Road,High,Two-Wheeler,Serious,1
1604,32,Khunti Road,23.0789115,85.2938259,2022-03-18,08:27:00,Friday,Clear,Main Road,Low,Car,Fatal,1
1632,32,Khunti Road,23.0789115,85.2938259,2025-05-12,07:15:00,Monday,Clear,Chowk/Intersection,Medium,Auto-Rickshaw,Minor,1
1633,32,Khunti Road,23.0789115,85.2938259,2023-02-21,15:09:00,Tuesday,Clear,Highway,Low,Two-Wheeler,Fatal,1
1673,32,Khunti Road,23.0789115,85.2938259,2023-02-09,07:43:00,Thursday,Rainy,Chowk/Intersection,Medium,Car,Minor,0
1692,32,Khunti Road,23.0789115,85.2938259,2023-04-03,07:00:00,Monday,Clear,Chowk/Intersection,Medium,Two-Wheeler,Minor,1
1707,32,Khunti Road,23.0789115,85.2938259,2024-11-12,10:26:00,Tuesday,Clear,Highway,High,Car,Fatal,1
1712,32,Khunti Road,23.0789115,85.2938259,2024-01-16,18:48:00,Tuesday,Clear,Highway,Medium,Two-Wheeler,Minor,0
1720,32,Khunti Road,23.0789115,85.2938259,2023-08-02,19:44:00,Wednesday,Stormy,Chowk/Intersection,Medium,Bus,Minor,0
1728,32,Khunti Road,23.0789115,85.2938259,2023-03-23,08:35:00,Thursday,Rainy,Chowk/Intersection,Medium,Car,Minor,0
1747,32,Khunti Road,23.0789115,85.2938259,2022-06-01,10:38:00,Wednesday,Clear,Residential Road,Medium,Two-Wheeler,Minor,1
1760,32,Khunti Road,23.0789115,85.2938259,2024-10-27,16:08:00,Sunday,Clear,Highway,Medium,Truck,Serious,2
1762,32,Khunti Road,23.0789115,85.2938259,2025-10-11,18:23:00,Saturday,Clear,Chowk/Intersection,Medium,Two-Wheeler,Minor,0
1772,32,Khunti Road,23.0789115,85.2938259,2023-09-16,20:50:00,Saturday,Clear,Main Road,Medium,Two-Wheeler,Serious,2
1787,32,Khunti Road,23.0789115,85.2938259,2022-11-05,15:50:00,Saturday,Foggy,Chowk/Intersection,Medium,Auto-Rickshaw,Minor,1
1795,32,Khunti Road,23.0789115,85.2938259,2025-01-18,08:47:00,Saturday,Rainy,Chowk/Intersection,Medium,Two-Wheeler,Minor,1
1805,32,Khunti Road,23.0789115,85.2938259,2021-06-26,16:55:00,Saturday,Clear,Main Road,Medium,Car,Minor,1
1823,32,Khunti Road,23.0789115,85.2938259,2023-10-29,17:57:00,Sunday,Clear,Chowk/Intersection,Medium,Two-Wheeler,Minor,0
1854,32,Khunti Road,23.0789115,85.2938259,2024-10-18,08:22:00,Friday,Clear,Highway,Medium,Two-Wheeler,Minor,1
1857,32,Khunti Road,23.0789115,85.2938259,2025-02-09,19:34:00,Sunday,Clear,Residential Road,Medium,Auto-Rickshaw,Minor,0
1871,32,Khunti Road,23.0789115,85.2938259,2025-08-08,07:43:00,Friday,Foggy,Main Road,High,Car,Minor,0
1874,32,Khunti Road,23.0789115,85.2938259,2025-11-10,17:27:00,Monday,Clear,Main Road,Low,Two-Wheeler,Minor,0
1877,32,Khunti Road,23.0789115,85.2938259,2022-10-14,07:38:00,Friday,Clear,Main Road,Medium,Car,Minor,0
1884,32,Khunti Road,23.0789115,85.2938259,2025-04-20,07:00:00,Sunday,Foggy,Chowk/Intersection,Low,Car,Minor,0
1893,32,Khunti Road,23.0789115,85.2938259,2024-07-08,11:22:00,Monday,Clear,Chowk/Intersection,High,Truck,Serious,3
1902,32,Khunti Road,23.0789115,85.2938259,2022-12-21,20:50:00,Wednesday,Clear,Main Road,Low,Truck,Minor,0
1906,32,Khunti Road,23.0789115,85.2938259,2023-10-23,16:19:00,Monday,Clear,Residential Road,Medium,Two-Wheeler,Serious,2
1928,32,Khunti Road,23.0789115,85.2938259,2025-03-06,08:08:00,Thursday,Clear,Highway,Low,Two-Wheeler,Serious,2
1931,32,Khunti Road,23.0789115,85.2938259,2024-07-21,15:16:00,Sunday,Rainy,Main Road,Medium,Car,Fatal,2
1960,32,Khunti Road,23.0789115,85.2938259,2022-11-12,07:48:00,Saturday,Clear,Main Road,High,Bus,Serious,1
1973,32,Khunti Road,23.0789115,85.2938259,2021-09-24,08:13:00,Friday,Rainy,Chowk/Intersection,Low,Car,Minor,1
1984,32,Khunti Road,23.0789115,85.2938259,2025-10-13,08:51:00,Monday,Clear,Main Road,High,Two-Wheeler,Fatal,1
1986,32,Khunti Road,23.0789115,85.2938259,2022-10-28,08:10:00,Friday,Clear,Residential Road,Medium,Truck,Minor,0
1995,32,Khunti Road,23.0789115,85.2938259,2021-12-18,19:10:00,Saturday,Clear,Chowk/Intersection,Medium,Auto-Rickshaw,Minor,0
2020,32,Khunti Road,23.0789115,85.2938259,2021-01-16,06:34:00,Saturday,Clear,Main Road,Medium,Two-Wheeler,Serious,3
2024,32,Khunti Road,23.0789115,85.2938259,2025-05-26,07:33:00,Monday,Rainy,Main Road,Medium,Truck,Minor,1
2037,32,Khunti Road,23.0789115,85.2938259,2022-09-03,20:05:00,Saturday,Clear,Chowk/Intersection,Medium,Two-Wheeler,Minor,0
2045,32,Khunti Road,23.0789115,85.2938259,2021-08-27,17:12:00,Friday,Clear,Main Road,High,Two-Wheeler,Minor,0
2098,32,Khunti Road,23.0789115,85.2938259,2021-03-03,17:01:00,Wednesday,Clear,Main Road,High,Truck,Minor,0
2112,32,Khunti Road,23.0789115,85.2938259,2022-07-25,18:15:00,Monday,Rainy,Residential Road,Medium,Bus,Minor,0
2178,32,Khunti Road,23.0789115,85.2938259,2023-03-22,07:53:00,Wednesday,Clear,Chowk/Intersection,High,Bus,Fatal,3
2179,32,Khunti Road,23.0789115,85.2938259,2021-06-29,19:27:00,Tuesday,Clear,Chowk/Intersection,Medium,Two-Wheeler,Minor,0
2188,32,Khunti Road,23.0789115,85.2938259,2022-12-14,16:33:00,Wednesday,Foggy,Chowk/Intersection,High,Auto-Rickshaw,Serious,2
2191,32,Khunti Road,23.0789115,85.2938259,2023-04-17,07:26:00,Monday,Clear,Highway,Medium,Two-Wheeler,Fatal,1
2214,32,Khunti Road,23.0789115,85.2938259,2022-11-04,16:44:00,Friday,Foggy,Chowk/Intersection,Low,Bus,Minor,1
2217,32,Khunti Road,23.0789115,85.2938259,2022-01-13,19:27:00,Thursday,Rainy,Residential Road,Low,Two-Wheeler,Serious,1
2219,32,Khunti Road,23.0789115,85.2938259,2021-03-11,18:25:00,Thursday,Rainy,Residential Road,Low,Auto-Rickshaw,Serious,1
2278,32,Khunti Road,23.0789115,85.2938259,2022-11-28,19:26:00,Monday,Clear,Main Road,Low,Two-Wheeler,Serious,2
2293,32,Khunti Road,23.0789115,85.2938259,2025-08-22,10:58:00,Friday,Rainy,Main Road,High,Car,Minor,0
2296,32,Khunti Road,23.0789115,85.2938259,2025-10-06,05:19:00,Monday,Clear,Main Road,Low,Auto-Rickshaw,Minor,0
2304,32,Khunti Road,23.0789115,85.2938259,2024-12-07,10:09:00,Saturday,Stormy,Residential Road,High,Bus,Fatal,1
2312,32,Khunti Road,23.0789115,85.2938259,2023-07-17,15:10:00,Monday,Rainy,Main Road,Low,Two-Wheeler,Minor,0
2328,32,Khunti Road,23.0789115,85.2938259,2023-04-28,09:04:00,Friday,Stormy,Chowk/Intersection,High,Bus,Fatal,2
2356,32,Khunti Road,23.0789115,85.2938259,2025-08-29,06:18:00,Friday,Clear,Highway,High,Two-Wheeler,Minor,1
2381,32,Khunti Road,23.0789115,85.2938259,2022-04-30,17:48:00,Saturday,Clear,Residential Road,High,Two-Wheeler,Minor,0
2383,32,Khunti Road,23.0789115,85.2938259,2024-09-05,10:29:00,Thursday,Clear,Chowk/Intersection,Medium,Two-Wheeler,Minor,0
2402,32,Khunti Road,23.0789115,85.2938259,2021-03-21,07:35:00,Sunday,Clear,Highway,Medium,Two-Wheeler,Fatal,1
2410,32,Khunti Road,23.0789115,85.2938259,2024-10-02,20:10:00,Wednesday,Clear,Residential Road,High,Two-Wheeler,Serious,1
2417,32,Khunti Road,23.0789115,85.2938259,2023-04-22,18:27:00,Saturday,Clear,Residential Road,Low,Car,Serious,2
2445,32,Khunti Road,23.0789115,85.2938259,2024-09-29,07:14:00,Sunday,Clear,Highway,High,Two-Wheeler,Serious,2
2455,32,Khunti Road,23.0789115,85.2938259,2025-09-11,07:58:00,Thursday,Rainy,Chowk/Intersection,High,Car,Serious,1
2460,32,Khunti Road,23.0789115,85.2938259,2021-01-31,07:10:00,Sunday,Clear,Main Road,High,Two-Wheeler,Serious,1
2473,32,Khunti Road,23.0789115,85.2938259,2023-10-06,09:47:00,Friday,Stormy,Main Road,Medium,Auto-Rickshaw,Minor,0
2484,32,Khunti Road,23.0789115,85.2938259,2022-05-19,09:12:00,Thursday,Clear,Highway,Medium,Two-Wheeler,Serious,1
2499,32,Khunti Road,23.0789115,85.2938259,2023-04-27,18:36:00,Thursday,Clear,Main Road,High,Bus,Minor,0
2519,32,Khunti Road,23.0789115,85.2938259,2022-01-20,10:39:00,Thursday,Foggy,Main Road,High,Truck,Minor,1
2520,32,Khunti Road,23.0789115,85.2938259,2023-02-06,08:41:00,Monday,Foggy,Residential Road,Low,Bus,Serious,2
2560,32,Khunti Road,23.0789115,85.2938259,2021-03-08,09:22:00,Monday,Rainy,Main Road,High,Auto-Rickshaw,Serious,2
2563,32,Khunti Road,23.0789115,85.2938259,2023-04-06,10:05:00,Thursday,Clear,Highway,High,Auto-Rickshaw,Minor,0
2570,32,Khunti Road,23.0789115,85.2938259,2022-07-28,07:09:00,Thursday,Clear,Main Road,High,Two-Wheeler,Minor,0
2577,32,Khunti Road,23.0789115,85.2938259,2024-06-27,18:03:00,Thursday,Rainy,Residential Road,Medium,Two-Wheeler,Serious,1
2583,32,Khunti Road,23.0789115,85.2938259,2021-01-18,17:27:00,Monday,Clear,Main Road,Medium,Car,Minor,0
2591,32,Khunti Road,23.0789115,85.2938259,2022-02-03,09:25:00,Thursday,Clear,Chowk/Intersection,High,Two-Wheeler,Minor,0
2599,32,Khunti Road,23.0789115,85.2938259,2023-06-23,08:07:00,Friday,Clear,Highway,Medium,Two-Wheeler,Minor,1
2617,32,Khunti Road,23.0789115,85.2938259,2022-09-06,18:15:00,Tuesday,Foggy,Chowk/Intersection,High,Car,Minor,0
2648,32,Khunti Road,23.0789115,85.2938259,2022-12-06,15:05:00,Tuesday,Rainy,Highway,Low,Two-Wheeler,Minor,0
2663,32,Khunti Road,23.0789115,85.2938259,2025-05-09,18:47:00,Friday,Clear,Highway,Medium,Car,Minor,0
2664,32,Khunti Road,23.0789115,85.2938259,2025-12-22,08:19:00,Monday,Foggy,Main Road,Low,Two-Wheeler,Minor,0
2672,32,Khunti Road,23.0789115,85.2938259,2023-03-04,18:46:00,Saturday,Clear,Highway,Medium,Two-Wheeler,Serious,1
2673,32,Khunti Road,23.0789115,85.2938259,2024-01-06,16:42:00,Saturday,Clear,Highway,High,Truck,Minor,0
2675,32,Khunti Road,23.0789115,85.2938259,2023-05-28,07:02:00,Sunday,Clear,Chowk/Intersection,Low,Car,Minor,1
2676,32,Khunti Road,23.0789115,85.2938259,2021-07-24,20:30:00,Saturday,Clear,Residential Road,Medium,Two-Wheeler,Minor,0
2681,32,Khunti Road,23.0789115,85.2938259,2023-07-18,08:05:00,Tuesday,Clear,Chowk/Intersection,High,Two-Wheeler,Serious,1
2692,32,Khunti Road,23.0789115,85.2938259,2021-02-14,06:35:00,Sunday,Stormy,Main Road,Low,Two-Wheeler,Fatal,1
2703,32,Khunti Road,23.0789115,85.2938259,2021-07-14,20:34:00,Wednesday,Stormy,Highway,High,Two-Wheeler,Serious,1
2716,32,Khunti Road,23.0789115,85.2938259,2025-10-09,09:46:00,Thursday,Clear,Chowk/Intersection,Low,Two-Wheeler,Serious,1
2720,32,Khunti Road,23.0789115,85.2938259,2022-01-09,18:25:00,Sunday,Clear,Highway,Medium,Two-Wheeler,Minor,0
2759,32,Khunti Road,23.0789115,85.2938259,2024-04-01,08:01:00,Monday,Clear,Main Road,High,Bus,Minor,0
2766,32,Khunti Road,23.0789115,85.2938259,2024-03-24,20:01:00,Sunday,Stormy,Residential Road,Medium,Auto-Rickshaw,Minor,0
2771,32,Khunti Road,23.0789115,85.2938259,2024-10-29,20:34:00,Tuesday,Rainy,Chowk/Intersection,Medium,Auto-Rickshaw,Minor,0
2786,32,Khunti Road,23.0789115,85.2938259,2025-10-25,06:17:00,Saturday,Rainy,Highway,High,Auto-Rickshaw,Minor,1
2787,32,Khunti Road,23.0789115,85.2938259,2024-12-30,06:37:00,Monday,Clear,Main Road,High,Auto-Rickshaw,Serious,2
2807,32,Khunti Road,23.0789115,85.2938259,2022-10-09,11:30:00,Sunday,Clear,Highway,Medium,Bus,Fatal,2
2821,32,Khunti Road,23.0789115,85.2938259,2021-12-31,09:13:00,Friday,Clear,Residential Road,Low,Car,Minor,0
2908,32,Khunti Road,23.0789115,85.2938259,2023-08-18,17:21:00,Friday,Clear,Main Road,Medium,Car,Serious,2
2911,32,Khunti Road,23.0789115,85.2938259,2022-12-17,17:53:00,Saturday,Rainy,Highway,High,Auto-Rickshaw,Minor,0
2929,32,Khunti Road,23.0789115,85.2938259,2022-09-27,20:14:00,Tuesday,Foggy,Main Road,High,Two-Wheeler,Serious,1
2953,32,Khunti Road,23.0789115,85.2938259,2023-10-24,05:36:00,Tuesday,Clear,Chowk/Intersection,High,Two-Wheeler,Minor,0
2962,32,Khunti Road,23.0789115,85.2938259,2021-01-08,09:07:00,Friday,Rainy,Main Road,High,Car,Minor,0
2976,32,Khunti Road,23.0789115,85.2938259,2024-09-05,16:59:00,Thursday,Rainy,Main Road,High,Car,Minor,1
2982,32,Khunti Road,23.0789115,85.2938259,2025-09-27,09:30:00,Saturday,Clear,Chowk/Intersection,High,Bus,Fatal,1
2993,32,Khunti Road,23.0789115,85.2938259,2023-06-29,08:50:00,Thursday,Foggy,Chowk/Intersection,High,Truck,Minor,0
3013,32,Khunti Road,23.0789115,85.2938259,2024-02-15,18:30:00,Thursday,Clear,Chowk/Intersection,High,Two-Wheeler,Serious,2
3028,32,Khunti Road,23.0789115,85.2938259,2025-08-30,07:41:00,Saturday,Rainy,Residential Road,Medium,Car,Serious,1
3029,32,Khunti Road,23.0789115,85.2938259,2024-04-30,19:21:00,Tuesday,Foggy,Main Road,High,Bus,Minor,0
3030,32,Khunti Road,23.0789115,85.2938259,2025-07-19,08:27:00,Saturday,Rainy,Highway,Medium,Two-Wheeler,Serious,3
3064,32,Khunti Road,23.0789115,85.2938259,2023-05-17,09:54:00,Wednesday,Clear,Chowk/Intersection,Medium,Two-Wheeler,Minor,0
3082,32,Khunti Road,23.0789115,85.2938259,2021-03-19,10:05:00,Friday,Rainy,Residential Road,Medium,Two-Wheeler,Minor,1
3089,32,Khunti Road,23.0789115,85.2938259,2021-11-17,18:46:00,Wednesday,Clear,Main Road,High,Truck,Minor,0
3134,32,Khunti Road,23.0789115,85.2938259,2023-03-10,08:30:00,Friday,Rainy,Chowk/Intersection,Medium,Car,Minor,0
3139,32,Khunti Road,23.0789115,85.2938259,2023-03-01,08:10:00,Wednesday,Rainy,Main Road,Medium,Truck,Serious,2
3147,32,Khunti Road,23.0789115,85.2938259,2022-03-31,19:20:00,Thursday,Clear,Main Road,Low,Two-Wheeler,Fatal,1
3160,32,Khunti Road,23.0789115,85.2938259,2024-09-21,10:44:00,Saturday,Foggy,Chowk/Intersection,Low,Car,Minor,0
3178,32,Khunti Road,23.0789115,85.2938259,2023-01-14,17:46:00,Saturday,Clear,Main Road,Low,Two-Wheeler,Minor,0
3193,32,Khunti Road,23.0789115,85.2938259,2025-05-17,14:30:00,Saturday,Clear,Residential Road,High,Car,Fatal,3
3240,32,Khunti Road,23.0789115,85.2938259,2021-01-02,14:57:00,Saturday,Stormy,Highway,Medium,Bus,Minor,0
3251,32,Khunti Road,23.0789115,85.2938259,2024-12-28,21:36:00,Saturday,Clear,Chowk/Intersection,Low,Car,Minor,0
3258,32,Khunti Road,23.0789115,85.2938259,2024-07-07,19:55:00,Sunday,Clear,Main Road,High,Auto-Rickshaw,Minor,1
3261,32,Khunti Road,23.0789115,85.2938259,2022-09-26,17:13:00,Monday,Rainy,Residential Road,Medium,Truck,Serious,1
3282,32,Khunti Road,23.0789115,85.2938259,2021-12-31,17:52:00,Friday,Clear,Chowk/Intersection,High,Truck,Minor,1
3308,32,Khunti Road,23.0789115,85.2938259,2025-09-13,10:04:00,Saturday,Clear,Chowk/Intersection,Low,Two-Wheeler,Minor,1
3337,32,Khunti Road,23.0789115,85.2938259,2021-12-06,11:22:00,Monday,Clear,Highway,Medium,Two-Wheeler,Minor,0
3346,32,Khunti Road,23.0789115,85.2938259,2023-10-20,09:03:00,Friday,Clear,Highway,Low,Auto-Rickshaw,Minor,0
3359,32,Khunti Road,23.0789115,85.2938259,2024-08-25,19:58:00,Sunday,Clear,Main Road,Medium,Two-Wheeler,Minor,1
3361,32,Khunti Road,23.0789115,85.2938259,2021-09-24,18:13:00,Friday,Clear,Main Road,Medium,Two-Wheeler,Minor,0
3381,32,Khunti Road,23.0789115,85.2938259,2025-07-29,18:28:00,Tuesday,Clear,Residential Road,High,Auto-Rickshaw,Minor,0
3391,32,Khunti Road,23.0789115,85.2938259,2024-04-08,17:43:00,Monday,Stormy,Highway,Medium,Two-Wheeler,Minor,1
3400,32,Khunti Road,23.0789115,85.2938259,2022-12-04,20:23:00,Sunday,Clear,Residential Road,Medium,Bus,Serious,2
3415,32,Khunti Road,23.0789115,85.2938259,2022-04-30,17:20:00,Saturday,Clear,Chowk/Intersection,Medium,Car,Minor,0
3428,32,Khunti Road,23.0789115,85.2938259,2025-06-13,16:18:00,Friday,Rainy,Chowk/Intersection,Low,Two-Wheeler,Minor,0
3451,32,Khunti Road,23.0789115,85.2938259,2022-06-29,07:14:00,Wednesday,Clear,Main Road,Low,Two-Wheeler,Minor,1
3473,32,Khunti Road,23.0789115,85.2938259,2021-06-23,18:48:00,Wednesday,Rainy,Highway,High,Two-Wheeler,Minor,1
3482,32,Khunti Road,23.0789115,85.2938259,2024-02-20,07:44:00,Tuesday,Clear,Residential Road,Medium,Bus,Minor,0
3535,32,Khunti Road,23.0789115,85.2938259,2024-10-18,19:55:00,Friday,Clear,Chowk/Intersection,High,Two-Wheeler,Minor,0
3544,32,Khunti Road,23.0789115,85.2938259,2024-06-13,08:38:00,Thursday,Clear,Chowk/Intersection,Medium,Two-Wheeler,Minor,0
3548,32,Khunti Road,23.0789115,85.2938259,2021-12-10,09:24:00,Friday,Clear,Highway,High,Auto-Rickshaw,Serious,2
3549,32,Khunti Road,23.0789115,85.2938259,2021-12-15,14:13:00,Wednesday,Clear,Chowk/Intersection,Medium,Two-Wheeler,Fatal,3
3557,32,Khunti Road,23.0789115,85.2938259,2025-01-05,08:27:00,Sunday,Rainy,Residential Road,Medium,Car,Serious,2
3578,32,Khunti Road,23.0789115,85.2938259,2021-07-09,19:35:00,Friday,Rainy,Chowk/Intersection,High,Two-Wheeler,Minor,1
3594,32,Khunti Road,23.0789115,85.2938259,2025-11-27,19:54:00,Thursday,Clear,Main Road,Low,Two-Wheeler,Minor,0
3595,32,Khunti Road,23.0789115,85.2938259,2024-04-10,20:32:00,Wednesday,Clear,Highway,High,Two-Wheeler,Minor,0
3597,32,Khunti Road,23.0789115,85.2938259,2024-09-09,17:44:00,Monday,Rainy,Main Road,Low,Two-Wheeler,Minor,1
3599,32,Khunti Road,23.0789115,85.2938259,2022-08-14,08:22:00,Sunday,Clear,Chowk/Intersection,High,Auto-Rickshaw,Minor,0
3611,32,Khunti Road,23.0789115,85.2938259,2025-10-21,19:31:00,Tuesday,Stormy,Chowk/Intersection,Medium,Car,Serious,2
3619,32,Khunti Road,23.0789115,85.2938259,2021-10-31,08:12:00,Sunday,Clear,Chowk/Intersection,High,Auto-Rickshaw,Minor,1
3629,32,Khunti Road,23.0789115,85.2938259,2024-01-20,09:55:00,Saturday,Rainy,Chowk/Intersection,Low,Two-Wheeler,Minor,1
3636,32,Khunti Road,23.0789115,85.2938259,2021-11-02,11:18:00,Tuesday,Clear,Highway,Medium,Two-Wheeler,Minor,0
3641,32,Khunti Road,23.0789115,85.2938259,2023-10-23,11:46:00,Monday,Clear,Highway,Medium,Two-Wheeler,Fatal,1
3643,32,Khunti Road,23.0789115,85.2938259,2023-01-31,18:45:00,Tuesday,Clear,Chowk/Intersection,High,Two-Wheeler,Minor,1
3663,32,Khunti Road,23.0789115,85.2938259,2023-09-12,19:16:00,Tuesday,Clear,Highway,Medium,Auto-Rickshaw,Minor,0
3665,32,Khunti Road,23.0789115,85.2938259,2025-09-14,09:10:00,Sunday,Clear,Highway,Medium,Car,Fatal,1
3683,32,Khunti Road,23.0789115,85.2938259,2023-03-18,10:59:00,Saturday,Rainy,Main Road,High,Auto-Rickshaw,Serious,2
3708,32,Khunti Road,23.0789115,85.2938259,2024-11-27,16:51:00,Wednesday,Clear,Highway,Medium,Two-Wheeler,Minor,0
3748,32,Khunti Road,23.0789115,85.2938259,2022-09-01,17:45:00,Thursday,Foggy,Main Road,Medium,Auto-Rickshaw,Minor,0
3753,32,Khunti Road,23.0789115,85.2938259,2022-01-14,16:23:00,Friday,Rainy,Main Road,High,Auto-Rickshaw,Minor,1
3772,32,Khunti Road,23.0789115,85.2938259,2022-02-18,09:31:00,Friday,Clear,Residential Road,Low,Two-Wheeler,Minor,1
3774,32,Khunti Road,23.0789115,85.2938259,2025-08-29,06:27:00,Friday,Stormy,Highway,Medium,Car,Serious,1
3796,32,Khunti Road,23.0789115,85.2938259,2021-07-08,17:21:00,Thursday,Clear,Highway,High,Two-Wheeler,Minor,0
3807,32,Khunti Road,23.0789115,85.2938259,2021-04-21,17:21:00,Wednesday,Rainy,Chowk/Intersection,High,Car,Minor,0
3828,32,Khunti Road,23.0789115,85.2938259,2022-03-30,07:05:00,Wednesday,Stormy,Residential Road,Medium,Two-Wheeler,Serious,2
3848,32,Khunti Road,23.0789115,85.2938259,2021-07-09,07:53:00,Friday,Clear,Highway,Medium,Car,Serious,2
3852,32,Khunti Road,23.0789115,85.2938259,2022-05-22,19:04:00,Sunday,Clear,Main Road,High,Two-Wheeler,Minor,0
3883,32,Khunti Road,23.0789115,85.2938259,2024-04-25,16:37:00,Thursday,Rainy,Chowk/Intersection,Low,Two-Wheeler,Fatal,1
3900,32,Khunti Road,23.0789115,85.2938259,2023-10-27,17:04:00,Friday,Clear,Chowk/Intersection,Medium,Bus,Minor,1
3916,32,Khunti Road,23.0789115,85.2938259,2021-12-15,07:37:00,Wednesday,Clear,Residential Road,Low,Two-Wheeler,Fatal,1
3944,32,Khunti Road,23.0789115,85.2938259,2022-04-21,07:58:00,Thursday,Rainy,Main Road,Low,Car,Minor,1
3948,32,Khunti Road,23.0789115,85.2938259,2024-02-18,18:49:00,Sunday,Clear,Residential Road,High,Car,Minor,1
3968,32,Khunti Road,23.0789115,85.2938259,2024-01-26,18:45:00,Friday,Clear,Chowk/Intersection,Low,Two-Wheeler,Minor,0
3983,32,Khunti Road,23.0789115,85.2938259,2021-03-21,09:07:00,Sunday,Clear,Main Road,High,Two-Wheeler,Fatal,2
4018,32,Khunti Road,23.0789115,85.2938259,2021-03-09,09:08:00,Tuesday,Stormy,Chowk/Intersection,Medium,Two-Wheeler,Minor,0
4020,32,Khunti Road,23.0789115,85.2938259,2025-07-30,09:16:00,Wednesday,Clear,Highway,Medium,Two-Wheeler,Serious,2
4030,32,Khunti Road,23.0789115,85.2938259,2025-06-06,18:58:00,Friday,Clear,Chowk/Intersection,High,Car,Fatal,4
4047,32,Khunti Road,23.0789115,85.2938259,2025-11-26,07:46:00,Wednesday,Rainy,Residential Road,Medium,Two-Wheeler,Fatal,2
4056,32,Khunti Road,23.0789115,85.2938259,2022-03-21,19:14:00,Monday,Stormy,Highway,Medium,Auto-Rickshaw,Serious,1
4057,32,Khunti Road,23.0789115,85.2938259,2021-09-30,17:33:00,Thursday,Clear,Residential Road,High,Car,Minor,0
4060,32,Khunti Road,23.0789115,85.2938259,2023-12-05,07:56:00,Tuesday,Rainy,Main Road,High,Bus,Minor,1
4062,32,Khunti Road,23.0789115,85.2938259,2021-02-23,10:00:00,Tuesday,Clear,Main Road,Low,Car,Serious,1
4068,32,Khunti Road,23.0789115,85.2938259,2021-11-05,10:35:00,Friday,Clear,Highway,High,Truck,Minor,0
4069,32,Khunti Road,23.0789115,85.2938259,2021-09-06,20:54:00,Monday,Clear,Highway,Low,Car,Minor,1
4085,32,Khunti Road,23.0789115,85.2938259,2025-09-08,18:34:00,Monday,Clear,Chowk/Intersection,Low,Auto-Rickshaw,Minor,1
4110,32,Khunti Road,23.0789115,85.2938259,2021-05-18,11:31:00,Tuesday,Foggy,Main Road,Medium,Two-Wheeler,Minor,1
4134,32,Khunti Road,23.0789115,85.2938259,2024-03-17,19:12:00,Sunday,Clear,Highway,High,Car,Minor,0
4138,32,Khunti Road,23.0789115,85.2938259,2024-10-29,06:02:00,Tuesday,Clear,Highway,High,Truck,Serious,1
4170,32,Khunti Road,23.0789115,85.2938259,2025-10-20,18:43:00,Monday,Clear,Chowk/Intersection,Low,Two-Wheeler,Minor,0
4206,32,Khunti Road,23.0789115,85.2938259,2024-07-30,09:56:00,Tuesday,Clear,Residential Road,Low,Two-Wheeler,Minor,0
4222,32,Khunti Road,23.0789115,85.2938259,2021-07-20,17:29:00,Tuesday,Clear,Main Road,High,Car,Minor,0
4244,32,Khunti Road,23.0789115,85.2938259,2023-07-15,17:03:00,Saturday,Clear,Highway,High,Truck,Minor,0
4273,32,Khunti Road,23.0789115,85.2938259,2021-05-02,08:44:00,Sunday,Clear,Residential Road,Medium,Two-Wheeler,Minor,0
4301,32,Khunti Road,23.0789115,85.2938259,2025-09-13,09:16:00,Saturday,Clear,Main Road,Low,Car,Minor,0
4304,32,Khunti Road,23.0789115,85.2938259,2023-07-25,18:42:00,Tuesday,Clear,Main Road,High,Bus,Serious,1
4335,32,Khunti Road,23.0789115,85.2938259,2023-12-20,22:15:00,Wednesday,Rainy,Main Road,Medium,Car,Minor,0
4370,32,Khunti Road,23.0789115,85.2938259,2025-10-27,07:35:00,Monday,Foggy,Residential Road,High,Car,Minor,0
4381,32,Khunti Road,23.0789115,85.2938259,2021-08-15,06:13:00,Sunday,Rainy,Residential Road,Low,Auto-Rickshaw,Minor,1
4398,32,Khunti Road,23.0789115,85.2938259,2022-03-24,06:44:00,Thursday,Rainy,Chowk/Intersection,High,Two-Wheeler,Minor,0
4399,32,Khunti Road,23.0789115,85.2938259,2022-05-29,18:08:00,Sunday,Clear,Highway,High,Two-Wheeler,Serious,3
4425,32,Khunti Road,23.0789115,85.2938259,2024-05-07,09:47:00,Tuesday,Clear,Residential Road,Medium,Car,Minor,0
4467,32,Khunti Road,23.0789115,85.2938259,2021-10-11,09:20:00,Monday,Clear,Main Road,Medium,Bus,Minor,0
4473,32,Khunti Road,23.0789115,85.2938259,2023-08-20,10:43:00,Sunday,Rainy,Main Road,Medium,Car,Minor,0
4484,32,Khunti Road,23.0789115,85.2938259,2025-05-16,18:23:00,Friday,Clear,Chowk/Intersection,High,Two-Wheeler,Minor,0
4488,32,Khunti Road,23.0789115,85.2938259,2025-11-28,22:25:00,Friday,Clear,Chowk/Intersection,Low,Bus,Fatal,1
4506,32,Khunti Road,23.0789115,85.2938259,2024-09-11,08:22:00,Wednesday,Rainy,Main Road,High,Two-Wheeler,Minor,1
4529,32,Khunti Road,23.0789115,85.2938259,2021-04-29,19:54:00,Thursday,Clear,Residential Road,Low,Two-Wheeler,Minor,0
4545,32,Khunti Road,23.0789115,85.2938259,2021-02-13,08:13:00,Saturday,Clear,Residential Road,High,Auto-Rickshaw,Serious,2
4554,32,Khunti Road,23.0789115,85.2938259,2025-10-06,07:35:00,Monday,Rainy,Main Road,Medium,Bus,Minor,0
4561,32,Khunti Road,23.0789115,85.2938259,2023-01-27,06:09:00,Friday,Foggy,Chowk/Intersection,Low,Auto-Rickshaw,Minor,0
4583,32,Khunti Road,23.0789115,85.2938259,2021-05-13,08:01:00,Thursday,Foggy,Highway,Medium,Two-Wheeler,Minor,0
4593,32,Khunti Road,23.0789115,85.2938259,2025-12-27,18:18:00,Saturday,Rainy,Chowk/Intersection,Medium,Car,Serious,1
4620,32,Khunti Road,23.0789115,85.2938259,2023-06-06,04:43:00,Tuesday,Rainy,Main Road,High,Auto-Rickshaw,Minor,0
4621,32,Khunti Road,23.0789115,85.2938259,2023-03-12,11:54:00,Sunday,Clear,Residential Road,Low,Two-Wheeler,Minor,0
4630,32,Khunti Road,23.0789115,85.2938259,2025-09-18,06:40:00,Thursday,Clear,Main Road,Medium,Bus,Minor,0
4653,32,Khunti Road,23.0789115,85.2938259,2024-11-10,18:56:00,Sunday,Clear,Main Road,Medium,Car,Minor,0
4676,32,Khunti Road,23.0789115,85.2938259,2022-05-29,18:50:00,Sunday,Clear,Highway,High,Two-Wheeler,Minor,1
4708,32,Khunti Road,23.0789115,85.2938259,2024-02-14,09:01:00,Wednesday,Foggy,Residential Road,Low,Auto-Rickshaw,Fatal,1
4718,32,Khunti Road,23.0789115,85.2938259,2022-06-04,07:05:00,Saturday,Clear,Main Road,High,Auto-Rickshaw,Minor,0
4720,32,Khunti Road,23.0789115,85.2938259,2022-03-26,08:52:00,Saturday,Clear,Main Road,Medium,Truck,Minor,1
4792,32,Khunti Road,23.0789115,85.2938259,2021-07-30,08:01:00,Friday,Clear,Chowk/Intersection,Medium,Car,Serious,2
4806,32,Khunti Road,23.0789115,85.2938259,2022-05-20,18:59:00,Friday,Clear,Chowk/Intersection,High,Auto-Rickshaw,Minor,1
4831,32,Khunti Road,23.0789115,85.2938259,2025-10-28,07:51:00,Tuesday,Rainy,Chowk/Intersection,High,Two-Wheeler,Serious,1
4842,32,Khunti Road,23.0789115,85.2938259,2023-07-18,10:17:00,Tuesday,Clear,Highway,Low,Two-Wheeler,Minor,0
4855,32,Khunti Road,23.0789115,85.2938259,2021-03-06,17:03:00,Saturday,Clear,Highway,High,Two-Wheeler,Minor,0
4859,32,Khunti Road,23.0789115,85.2938259,2022-03-04,10:00:00,Friday,Clear,Highway,High,Auto-Rickshaw,Minor,1
4871,32,Khunti Road,23.0789115,85.2938259,2023-01-23,05:31:00,Monday,Clear,Chowk/Intersection,High,Bus,Fatal,1
4888,32,Khunti Road,23.0789115,85.2938259,2025-04-11,20:19:00,Friday,Rainy,Residential Road,High,Auto-Rickshaw,Minor,1
4892,32,Khunti Road,23.0789115,85.2938259,2021-04-23,06:51:00,Friday,Clear,Residential Road,Medium,Car,Minor,1
4898,32,Khunti Road,23.0789115,85.2938259,2022-05-11,18:48:00,Wednesday,Foggy,Highway,Medium,Auto-Rickshaw,Minor,0
4902,32,Khunti Road,23.0789115,85.2938259,2023-10-18,08:17:00,Wednesday,Clear,Highway,High,Car,Serious,1
4905,32,Khunti Road,23.0789115,85.2938259,2024-12-09,10:55:00,Monday,Clear,Chowk/Intersection,Low,Car,Serious,1
4924,32,Khunti Road,23.0789115,85.2938259,2025-11-17,19:51:00,Monday,Foggy,Residential Road,Medium,Two-Wheeler,Fatal,2
4965,32,Khunti Road,23.0789115,85.2938259,2022-10-07,10:59:00,Friday,Clear,Residential Road,Low,Bus,Fatal,1
4981,32,Khunti Road,23.0789115,85.2938259,2021-07-27,16:44:00,Tuesday,Clear,Residential Road,High,Auto-Rickshaw,Minor,0
4985,32,Khunti Road,23.0789115,85.2938259,2024-01-16,07:32:00,Tuesday,Clear,Residential Road,Low,Auto-Rickshaw,Minor,1
4988,32,Khunti Road,23.0789115,85.2938259,2022-10-27,18:05:00,Thursday,Clear,Highway,High,Truck,Minor,1
5008,32,Khunti Road,23.0789115,85.2938259,2022-05-11,20:44:00,Wednesday,Clear,Chowk/Intersection,High,Truck,Serious,1
5031,32,Khunti Road,23.0789115,85.2938259,2025-01-16,06:56:00,Thursday,Rainy,Residential Road,High,Bus,Minor,0
5048,32,Khunti Road,23.0789115,85.2938259,2025-01-13,11:19:00,Monday,Clear,Main Road,Low,Bus,Fatal,1
5051,32,Khunti Road,23.0789115,85.2938259,2021-02-26,18:14:00,Friday,Foggy,Chowk/Intersection,High,Auto-Rickshaw,Minor,0
5069,32,Khunti Road,23.0789115,85.2938259,2023-10-20,15:55:00,Friday,Foggy,Chowk/Intersection,Low,Two-Wheeler,Minor,0
5070,32,Khunti Road,23.0789115,85.2938259,2023-10-05,19:24:00,Thursday,Clear,Residential Road,Low,Two-Wheeler,Minor,1
5090,32,Khunti Road,23.0789115,85.2938259,2021-03-01,09:42:00,Monday,Clear,Highway,Medium,Two-Wheeler,Minor,0
5099,32,Khunti Road,23.0789115,85.2938259,2021-02-10,07:17:00,Wednesday,Clear,Chowk/Intersection,High,Car,Minor,1
5101,32,Khunti Road,23.0789115,85.2938259,2024-01-03,17:40:00,Wednesday,Foggy,Residential Road,High,Truck,Minor,0
5131,32,Khunti Road,23.0789115,85.2938259,2025-05-19,08:43:00,Monday,Clear,Highway,Low,Two-Wheeler,Serious,1
5148,32,Khunti Road,23.0789115,85.2938259,2024-05-23,06:13:00,Thursday,Clear,Chowk/Intersection,Medium,Two-Wheeler,Minor,0
5152,32,Khunti Road,23.0789115,85.2938259,2023-07-27,17:40:00,Thursday,Clear,Chowk/Intersection,Low,Two-Wheeler,Minor,1
5156,32,Khunti Road,23.0789115,85.2938259,2024-08-08,17:45:00,Thursday,Clear,Residential Road,Low,Two-Wheeler,Minor,1
5164,32,Khunti Road,23.0789115,85.2938259,2022-08-26,08:24:00,Friday,Clear,Chowk/Intersection,High,Car,Fatal,3
5172,32,Khunti Road,23.0789115,85.2938259,2024-02-28,05:27:00,Wednesday,Clear,Residential Road,Medium,Two-Wheeler,Serious,3
5254,32,Khunti Road,23.0789115,85.2938259,2022-05-15,07:50:00,Sunday,Foggy,Chowk/Intersection,High,Two-Wheeler,Minor,0
5260,32,Khunti Road,23.0789115,85.2938259,2021-04-14,08:07:00,Wednesday,Clear,Main Road,Medium,Bus,Fatal,1
5278,32,Khunti Road,23.0789115,85.2938259,2024-04-03,15:01:00,Wednesday,Clear,Chowk/Intersection,Low,Two-Wheeler,Serious,2
5305,32,Khunti Road,23.0789115,85.2938259,2022-10-30,19:02:00,Sunday,Clear,Residential Road,Medium,Car,Minor,0
5310,32,Khunti Road,23.0789115,85.2938259,2021-10-06,09:48:00,Wednesday,Rainy,Chowk/Intersection,Low,Two-Wheeler,Minor,0
5319,32,Khunti Road,23.0789115,85.2938259,2025-06-11,18:17:00,Wednesday,Clear,Highway,Low,Two-Wheeler,Minor,0
5331,32,Khunti Road,23.0789115,85.2938259,2025-04-13,21:24:00,Sunday,Clear,Highway,Low,Bus,Serious,1
5338,32,Khunti Road,23.0789115,85.2938259,2024-12-01,09:49:00,Sunday,Clear,Main Road,High,Two-Wheeler,Minor,0
5339,32,Khunti Road,23.0789115,85.2938259,2025-04-29,09:45:00,Tuesday,Clear,Highway,Medium,Car,Minor,0
5364,32,Khunti Road,23.0789115,85.2938259,2021-03-31,10:19:00,Wednesday,Clear,Main Road,Low,Two-Wheeler,Serious,1
5380,32,Khunti Road,23.0789115,85.2938259,2024-06-18,15:27:00,Tuesday,Clear,Highway,Medium,Truck,Minor,0
5383,32,Khunti Road,23.0789115,85.2938259,2022-06-19,08:41:00,Sunday,Clear,Main Road,Medium,Two-Wheeler,Minor,0
5388,32,Khunti Road,23.0789115,85.2938259,2021-07-17,08:28:00,Saturday,Clear,Main Road,Medium,Car,Minor,0
5389,32,Khunti Road,23.0789115,85.2938259,2024-02-08,10:12:00,Thursday,Clear,Main Road,High,Auto-Rickshaw,Minor,1
5392,32,Khunti Road,23.0789115,85.2938259,2025-07-22,08:53:00,Tuesday,Clear,Residential Road,Medium,Two-Wheeler,Serious,1
5415,32,Khunti Road,23.0789115,85.2938259,2025-07-19,17:05:00,Saturday,Rainy,Main Road,Low,Two-Wheeler,Serious,1
5416,32,Khunti Road,23.0789115,85.2938259,2025-01-16,21:37:00,Thursday,Rainy,Chowk/Intersection,Low,Two-Wheeler,Minor,0
5439,32,Khunti Road,23.0789115,85.2938259,2022-02-14,07:04:00,Monday,Rainy,Main Road,Low,Two-Wheeler,Minor,0
5448,32,Khunti Road,23.0789115,85.2938259,2024-10-22,10:27:00,Tuesday,Rainy,Highway,High,Auto-Rickshaw,Fatal,1
5478,32,Khunti Road,23.0789115,85.2938259,2021-08-27,12:51:00,Friday,Clear,Highway,Medium,Truck,Serious,1
5490,32,Khunti Road,23.0789115,85.2938259,2021-05-24,18:05:00,Monday,Clear,Highway,High,Two-Wheeler,Minor,1
5523,32,Khunti Road,23.0789115,85.2938259,2021-02-18,17:37:00,Thursday,Clear,Chowk/Intersection,Low,Two-Wheeler,Fatal,2
5529,32,Khunti Road,23.0789115,85.2938259,2025-03-02,17:51:00,Sunday,Clear,Chowk/Intersection,Medium,Truck,Minor,0
5532,32,Khunti Road,23.0789115,85.2938259,2024-03-24,17:58:00,Sunday,Clear,Highway,High,Two-Wheeler,Minor,1
5561,32,Khunti Road,23.0789115,85.2938259,2025-10-15,07:38:00,Wednesday,Rainy,Main Road,Medium,Car,Minor,0
5592,32,Khunti Road,23.0789115,85.2938259,2022-08-15,09:13:00,Monday,Foggy,Chowk/Intersection,Low,Car,Minor,0
5611,32,Khunti Road,23.0789115,85.2938259,2021-03-11,07:10:00,Thursday,Rainy,Residential Road,High,Auto-Rickshaw,Minor,0
5652,32,Khunti Road,23.0789115,85.2938259,2025-08-10,09:20:00,Sunday,Stormy,Main Road,Medium,Bus,Minor,0
5659,32,Khunti Road,23.0789115,85.2938259,2021-12-07,08:45:00,Tuesday,Clear,Main Road,Medium,Two-Wheeler,Minor,1
5668,32,Khunti Road,23.0789115,85.2938259,2024-06-01,07:27:00,Saturday,Clear,Chowk/Intersection,Medium,Truck,Serious,1
5680,32,Khunti Road,23.0789115,85.2938259,2022-11-08,09:52:00,Tuesday,Rainy,Residential Road,High,Two-Wheeler,Serious,1
5685,32,Khunti Road,23.0789115,85.2938259,2023-07-08,20:19:00,Saturday,Rainy,Highway,Low,Truck,Fatal,1
5707,32,Khunti Road,23.0789115,85.2938259,2023-12-01,10:09:00,Friday,Stormy,Main Road,Low,Two-Wheeler,Minor,1
5708,32,Khunti Road,23.0789115,85.2938259,2025-04-26,09:16:00,Saturday,Clear,Residential Road,Medium,Auto-Rickshaw,Serious,1
5730,32,Khunti Road,23.0789115,85.2938259,2023-11-06,10:16:00,Monday,Rainy,Highway,Medium,Two-Wheeler,Serious,2
5738,32,Khunti Road,23.0789115,85.2938259,2022-06-18,18:39:00,Saturday,Clear,Main Road,Medium,Two-Wheeler,Serious,2
5740,32,Khunti Road,23.0789115,85.2938259,2025-11-04,18:58:00,Tuesday,Clear,Main Road,High,Truck,Serious,3
5763,32,Khunti Road,23.0789115,85.2938259,2023-08-22,17:55:00,Tuesday,Clear,Main Road,High,Car,Serious,3
5775,32,Khunti Road,23.0789115,85.2938259,2022-05-12,16:37:00,Thursday,Clear,Main Road,Medium,Two-Wheeler,Minor,0
5785,32,Khunti Road,23.0789115,85.2938259,2023-05-16,18:28:00,Tuesday,Clear,Main Road,Low,Car,Serious,1
5796,32,Khunti Road,23.0789115,85.2938259,2023-08-14,18:47:00,Monday,Clear,Chowk/Intersection,High,Auto-Rickshaw,Minor,1
5814,32,Khunti Road,23.0789115,85.2938259,2021-12-29,10:01:00,Wednesday,Clear,Main Road,High,Auto-Rickshaw,Minor,0
5837,32,Khunti Road,23.0789115,85.2938259,2023-03-12,18:41:00,Sunday,Clear,Residential Road,High,Two-Wheeler,Minor,0
5853,32,Khunti Road,23.0789115,85.2938259,2023-10-09,09:38:00,Monday,Clear,Residential Road,Medium,Two-Wheeler,Minor,0
5857,32,Khunti Road,23.0789115,85.2938259,2024-03-27,09:31:00,Wednesday,Clear,Highway,High,Two-Wheeler,Minor,0
5881,32,Khunti Road,23.0789115,85.2938259,2023-04-09,18:14:00,Sunday,Clear,Chowk/Intersection,High,Bus,Fatal,3
5884,32,Khunti Road,23.0789115,85.2938259,2021-02-16,10:03:00,Tuesday,Rainy,Main Road,High,Bus,Minor,0
5895,32,Khunti Road,23.0789115,85.2938259,2023-11-08,19:50:00,Wednesday,Clear,Highway,High,Car,Minor,0
5931,32,Khunti Road,23.0789115,85.2938259,2022-08-22,13:14:00,Monday,Clear,Highway,Medium,Two-Wheeler,Minor,0
5949,32,Khunti Road,23.0789115,85.2938259,2025-11-05,07:04:00,Wednesday,Rainy,Chowk/Intersection,Medium,Two-Wheeler,Fatal,1
5955,32,Khunti Road,23.0789115,85.2938259,2023-05-23,09:35:00,Tuesday,Clear,Residential Road,Medium,Two-Wheeler,Fatal,2
5956,32,Khunti Road,23.0789115,85.2938259,2021-03-12,18:02:00,Friday,Stormy,Chowk/Intersection,Low,Bus,Serious,1
5983,32,Khunti Road,23.0789115,85.2938259,2024-02-11,08:41:00,Sunday,Clear,Highway,Low,Two-Wheeler,Fatal,1
5989,32,Khunti Road,23.0789115,85.2938259,2024-04-08,07:20:00,Monday,Clear,Chowk/Intersection,Low,Car,Minor,0
6011,32,Khunti Road,23.0789115,85.2938259,2021-06-05,19:29:00,Saturday,Clear,Residential Road,High,Car,Minor,0
6038,32,Khunti Road,23.0789115,85.2938259,2022-04-19,06:52:00,Tuesday,Clear,Chowk/Intersection,High,Two-Wheeler,Serious,1
6052,32,Khunti Road,23.0789115,85.2938259,2022-07-07,09:19:00,Thursday,Rainy,Chowk/Intersection,High,Two-Wheeler,Serious,3
6066,32,Khunti Road,23.0789115,85.2938259,2022-08-11,09:50:00,Thursday,Foggy,Highway,Medium,Two-Wheeler,Serious,2
6076,32,Khunti Road,23.0789115,85.2938259,2023-08-15,18:12:00,Tuesday,Clear,Highway,Low,Two-Wheeler,Minor,0
6090,32,Khunti Road,23.0789115,85.2938259,2021-11-24,19:55:00,Wednesday,Clear,Residential Road,Medium,Auto-Rickshaw,Minor,0
6105,32,Khunti Road,23.0789115,85.2938259,2024-05-13,20:46:00,Monday,Clear,Chowk/Intersection,Low,Two-Wheeler,Minor,1
6121,32,Khunti Road,23.0789115,85.2938259,2022-02-09,06:19:00,Wednesday,Clear,Main Road,High,Car,Serious,1
6159,32,Khunti Road,23.0789115,85.2938259,2024-09-08,17:09:00,Sunday,Clear,Chowk/Intersection,High,Two-Wheeler,Minor,1
6161,32,Khunti Road,23.0789115,85.2938259,2021-08-26,16:27:00,Thursday,Clear,Main Road,Medium,Car,Minor,1
6189,32,Khunti Road,23.0789115,85.2938259,2023-07-19,06:46:00,Wednesday,Rainy,Highway,Low,Bus,Serious,1
6211,32,Khunti Road,23.0789115,85.2938259,2022-05-09,17:01:00,Monday,Clear,Residential Road,Low,Two-Wheeler,Fatal,2
6214,32,Khunti Road,23.0789115,85.2938259,2023-01-02,19:07:00,Monday,Clear,Chowk/Intersection,Low,Two-Wheeler,Minor,0
6235,32,Khunti Road,23.0789115,85.2938259,2025-01-12,09:55:00,Sunday,Clear,Chowk/Intersection,Medium,Car,Minor,0
6258,32,Khunti Road,23.0789115,85.2938259,2022-05-31,18:27:00,Tuesday,Foggy,Residential Road,Medium,Car,Minor,0
6284,32,Khunti Road,23.0789115,85.2938259,2023-03-08,09:36:00,Wednesday,Rainy,Chowk/Intersection,Low,Auto-Rickshaw,Minor,1
6306,32,Khunti Road,23.0789115,85.2938259,2022-04-09,07:05:00,Saturday,Clear,Main Road,High,Auto-Rickshaw,Serious,2
6311,32,Khunti Road,23.0789115,85.2938259,2025-03-07,18:20:00,Friday,Rainy,Chowk/Intersection,Low,Two-Wheeler,Minor,0
6366,32,Khunti Road,23.0789115,85.2938259,2023-05-26,10:33:00,Friday,Clear,Residential Road,High,Two-Wheeler,Serious,2
6369,32,Khunti Road,23.0789115,85.2938259,2021-02-27,18:06:00,Saturday,Clear,Main Road,Medium,Two-Wheeler,Serious,2
6383,32,Khunti Road,23.0789115,85.2938259,2024-03-08,12:49:00,Friday,Stormy,Chowk/Intersection,Medium,Two-Wheeler,Serious,2
6402,32,Khunti Road,23.0789115,85.2938259,2024-04-06,08:53:00,Saturday,Foggy,Chowk/Intersection,Medium,Two-Wheeler,Minor,1
6443,32,Khunti Road,23.0789115,85.2938259,2023-01-18,17:26:00,Wednesday,Clear,Chowk/Intersection,Medium,Two-Wheeler,Minor,0
6447,32,Khunti Road,23.0789115,85.2938259,2025-05-24,18:34:00,Saturday,Rainy,Residential Road,Low,Two-Wheeler,Minor,1
6452,32,Khunti Road,23.0789115,85.2938259,2021-04-07,16:28:00,Wednesday,Rainy,Residential Road,Medium,Auto-Rickshaw,Minor,1
6474,32,Khunti Road,23.0789115,85.2938259,2024-09-13,19:00:00,Friday,Clear,Residential Road,Medium,Two-Wheeler,Serious,3
6493,32,Khunti Road,23.0789115,85.2938259,2023-11-11,21:31:00,Saturday,Clear,Residential Road,Low,Auto-Rickshaw,Minor,0
6502,32,Khunti Road,23.0789115,85.2938259,2023-06-22,18:31:00,Thursday,Clear,Main Road,Low,Bus,Minor,1
6508,32,Khunti Road,23.0789115,85.2938259,2023-01-07,08:32:00,Saturday,Clear,Residential Road,High,Car,Fatal,3
6533,32,Khunti Road,23.0789115,85.2938259,2025-10-15,19:52:00,Wednesday,Foggy,Highway,High,Truck,Fatal,1
6535,32,Khunti Road,23.0789115,85.2938259,2024-01-15,19:05:00,Monday,Foggy,Highway,High,Auto-Rickshaw,Minor,0
6536,32,Khunti Road,23.0789115,85.2938259,2021-02-10,19:31:00,Wednesday,Clear,Highway,Low,Two-Wheeler,Minor,1
6537,32,Khunti Road,23.0789115,85.2938259,2024-11-08,09:55:00,Friday,Clear,Highway,Medium,Two-Wheeler,Serious,1
6548,32,Khunti Road,23.0789115,85.2938259,2024-05-07,09:48:00,Tuesday,Clear,Residential Road,Medium,Auto-Rickshaw,Serious,1
6571,32,Khunti Road,23.0789115,85.2938259,2021-11-12,07:40:00,Friday,Clear,Main Road,High,Two-Wheeler,Minor,1
6592,32,Khunti Road,23.0789115,85.2938259,2024-06-06,09:57:00,Thursday,Rainy,Highway,Low,Car,Serious,2
6598,32,Khunti Road,23.0789115,85.2938259,2023-06-13,10:13:00,Tuesday,Clear,Chowk/Intersection,High,Car,Serious,3
6640,32,Khunti Road,23.0789115,85.2938259,2023-07-20,08:00:00,Thursday,Clear,Residential Road,Medium,Auto-Rickshaw,Minor,0
6641,32,Khunti Road,23.0789115,85.2938259,2023-03-22,09:34:00,Wednesday,Clear,Main Road,High,Car,Fatal,2
6661,32,Khunti Road,23.0789115,85.2938259,2024-08-24,17:16:00,Saturday,Clear,Main Road,Medium,Two-Wheeler,Minor,0
6678,32,Khunti Road,23.0789115,85.2938259,2022-11-11,20:16:00,Friday,Clear,Main Road,Medium,Two-Wheeler,Fatal,1
6731,32,Khunti Road,23.0789115,85.2938259,2024-07-13,17:37:00,Saturday,Clear,Highway,Medium,Car,Serious,3
6740,32,Khunti Road,23.0789115,85.2938259,2021-10-05,05:17:00,Tuesday,Rainy,Highway,High,Two-Wheeler,Minor,0
6771,32,Khunti Road,23.0789115,85.2938259,2023-04-12,17:16:00,Wednesday,Foggy,Highway,Low,Car,Minor,0
6782,32,Khunti Road,23.0789115,85.2938259,2021-12-14,19:12:00,Tuesday,Clear,Chowk/Intersection,High,Car,Minor,0
6785,32,Khunti Road,23.0789115,85.2938259,2025-09-11,17:48:00,Thursday,Clear,Highway,Low,Car,Fatal,2
6796,32,Khunti Road,23.0789115,85.2938259,2022-09-26,19:54:00,Monday,Clear,Main Road,Medium,Car,Fatal,2
6807,32,Khunti Road,23.0789115,85.2938259,2022-02-06,11:57:00,Sunday,Clear,Highway,High,Two-Wheeler,Minor,0
6821,32,Khunti Road,23.0789115,85.2938259,2021-06-07,20:12:00,Monday,Clear,Highway,Medium,Car,Fatal,2
6825,32,Khunti Road,23.0789115,85.2938259,2025-12-20,20:53:00,Saturday,Rainy,Highway,Low,Auto-Rickshaw,Fatal,3
6831,32,Khunti Road,23.0789115,85.2938259,2021-08-06,07:46:00,Friday,Rainy,Main Road,High,Two-Wheeler,Minor,0
6864,32,Khunti Road,23.0789115,85.2938259,2022-10-14,09:26:00,Friday,Rainy,Highway,High,Truck,Minor,1
6884,32,Khunti Road,23.0789115,85.2938259,2021-07-09,15:13:00,Friday,Clear,Highway,High,Two-Wheeler,Fatal,2
6899,32,Khunti Road,23.0789115,85.2938259,2023-02-01,11:19:00,Wednesday,Rainy,Main Road,Medium,Two-Wheeler,Serious,1
6903,32,Khunti Road,23.0789115,85.2938259,2024-07-08,09:18:00,Monday,Clear,Main Road,Medium,Two-Wheeler,Serious,1
6929,32,Khunti Road,23.0789115,85.2938259,2023-12-12,09:36:00,Tuesday,Clear,Main Road,Low,Two-Wheeler,Fatal,3
6937,32,Khunti Road,23.0789115,85.2938259,2022-03-07,07:17:00,Monday,Clear,Chowk/Intersection,Low,Two-Wheeler,Minor,1
6943,32,Khunti Road,23.0789115,85.2938259,2022-04-21,19:42:00,Thursday,Rainy,Highway,Low,Auto-Rickshaw,Fatal,3
6949,32,Khunti Road,23.0789115,85.2938259,2021-02-12,17:28:00,Friday,Clear,Residential Road,High,Auto-Rickshaw,Minor,0
6957,32,Khunti Road,23.0789115,85.2938259,2022-01-25,19:44:00,Tuesday,Clear,Highway,High,Car,Minor,0
6958,32,Khunti Road,23.0789115,85.2938259,2021-05-26,17:24:00,Wednesday,Clear,Chowk/Intersection,Low,Two-Wheeler,Minor,0
6965,32,Khunti Road,23.0789115,85.2938259,2021-01-11,20:00:00,Monday,Foggy,Chowk/Intersection,Low,Truck,Minor,1
6972,32,Khunti Road,23.0789115,85.2938259,2022-01-10,06:58:00,Monday,Clear,Chowk/Intersection,Low,Truck,Serious,1
6983,32,Khunti Road,23.0789115,85.2938259,2025-11-19,19:46:00,Wednesday,Clear,Chowk/Intersection,Low,Two-Wheeler,Serious,1
6996,32,Khunti Road,23.0789115,85.2938259,2023-07-09,06:53:00,Sunday,Rainy,Residential Road,Low,Two-Wheeler,Serious,1
6998,32,Khunti Road,23.0789115,85.2938259,2023-08-27,18:05:00,Sunday,Clear,Main Road,High,Two-Wheeler,Serious,3
7006,32,Khunti Road,23.0789115,85.2938259,2024-09-12,06:41:00,Thursday,Clear,Main Road,Medium,Two-Wheeler,Minor,0
7028,32,Khunti Road,23.0789115,85.2938259,2022-01-15,17:38:00,Saturday,Foggy,Highway,High,Two-Wheeler,Serious,2
7030,32,Khunti Road,23.0789115,85.2938259,2024-07-24,17:37:00,Wednesday,Foggy,Main Road,Low,Two-Wheeler,Minor,1
7035,32,Khunti Road,23.0789115,85.2938259,2023-08-09,10:30:00,Wednesday,Rainy,Chowk/Intersection,High,Car,Serious,1
7067,32,Khunti Road,23.0789115,85.2938259,2024-06-10,08:51:00,Monday,Rainy,Main Road,Medium,Car,Fatal,2
7084,32,Khunti Road,23.0789115,85.2938259,2021-10-16,17:58:00,Saturday,Clear,Residential Road,High,Auto-Rickshaw,Serious,1
7087,32,Khunti Road,23.0789115,85.2938259,2022-12-27,21:40:00,Tuesday,Clear,Chowk/Intersection,High,Bus,Minor,0
7090,32,Khunti Road,23.0789115,85.2938259,2022-08-18,08:35:00,Thursday,Foggy,Chowk/Intersection,Medium,Two-Wheeler,Minor,0
7108,32,Khunti Road,23.0789115,85.2938259,2024-05-01,18:57:00,Wednesday,Stormy,Chowk/Intersection,Medium,Two-Wheeler,Minor,0
7143,32,Khunti Road,23.0789115,85.2938259,2023-10-23,19:21:00,Monday,Clear,Residential Road,Medium,Two-Wheeler,Minor,1
7146,32,Khunti Road,23.0789115,85.2938259,2022-08-04,19:03:00,Thursday,Clear,Main Road,Low,Truck,Minor,0
7191,32,Khunti Road,23.0789115,85.2938259,2021-11-16,15:05:00,Tuesday,Rainy,Highway,High,Two-Wheeler,Fatal,3
7206,32,Khunti Road,23.0789115,85.2938259,2023-10-19,19:53:00,Thursday,Stormy,Highway,Low,Two-Wheeler,Minor,0
7214,32,Khunti Road,23.0789115,85.2938259,2022-03-13,16:38:00,Sunday,Clear,Residential Road,Low,Two-Wheeler,Minor,0
7222,32,Khunti Road,23.0789115,85.2938259,2022-06-10,08:45:00,Friday,Clear,Chowk/Intersection,Low,Car,Minor,0
7238,32,Khunti Road,23.0789115,85.2938259,2023-02-28,19:15:00,Tuesday,Clear,Main Road,Medium,Auto-Rickshaw,Fatal,4
7251,32,Khunti Road,23.0789115,85.2938259,2021-06-26,09:11:00,Saturday,Clear,Chowk/Intersection,High,Bus,Serious,1
7257,32,Khunti Road,23.0789115,85.2938259,2024-03-30,17:37:00,Saturday,Rainy,Chowk/Intersection,Medium,Truck,Serious,1
7281,32,Khunti Road,23.0789115,85.2938259,2022-02-22,07:05:00,Tuesday,Foggy,Chowk/Intersection,Low,Car,Minor,1
7308,32,Khunti Road,23.0789115,85.2938259,2023-11-23,09:33:00,Thursday,Rainy,Residential Road,Medium,Car,Minor,1
7352,32,Khunti Road,23.0789115,85.2938259,2021-11-27,19:30:00,Saturday,Foggy,Residential Road,Low,Car,Minor,0
7376,32,Khunti Road,23.0789115,85.2938259,2022-10-10,18:45:00,Monday,Clear,Highway,Medium,Two-Wheeler,Serious,1
7384,32,Khunti Road,23.0789115,85.2938259,2022-06-30,12:39:00,Thursday,Stormy,Chowk/Intersection,Medium,Two-Wheeler,Minor,1
7406,32,Khunti Road,23.0789115,85.2938259,2024-09-20,08:19:00,Friday,Stormy,Residential Road,Medium,Two-Wheeler,Minor,1
7424,32,Khunti Road,23.0789115,85.2938259,2021-04-03,22:16:00,Saturday,Rainy,Main Road,Medium,Auto-Rickshaw,Fatal,2
7427,32,Khunti Road,23.0789115,85.2938259,2022-03-08,18:12:00,Tuesday,Clear,Highway,High,Two-Wheeler,Minor,0
7444,32,Khunti Road,23.0789115,85.2938259,2023-10-19,09:06:00,Thursday,Clear,Highway,Medium,Auto-Rickshaw,Minor,1
7494,32,Khunti Road,23.0789115,85.2938259,2023-12-26,08:07:00,Tuesday,Clear,Main Road,Low,Two-Wheeler,Minor,0
7501,32,Khunti Road,23.0789115,85.2938259,2025-05-13,08:39:00,Tuesday,Clear,Highway,Medium,Two-Wheeler,Serious,3
7502,32,Khunti Road,23.0789115,85.2938259,2022-05-21,10:09:00,Saturday,Foggy,Residential Road,High,Auto-Rickshaw,Minor,1
7552,32,Khunti Road,23.0789115,85.2938259,2022-09-06,08:02:00,Tuesday,Clear,Chowk/Intersection,Medium,Auto-Rickshaw,Minor,0
7555,32,Khunti Road,23.0789115,85.2938259,2023-02-27,19:47:00,Monday,Clear,Highway,Low,Car,Fatal,1
7556,32,Khunti Road,23.0789115,85.2938259,2025-10-03,19:51:00,Friday,Clear,Chowk/Intersection,High,Truck,Minor,0
7572,32,Khunti Road,23.0789115,85.2938259,2024-09-02,21:46:00,Monday,Clear,Highway,High,Two-Wheeler,Serious,1
7577,32,Khunti Road,23.0789115,85.2938259,2023-10-23,10:34:00,Monday,Clear,Main Road,High,Car,Minor,1
7583,32,Khunti Road,23.0789115,85.2938259,2023-06-05,06:39:00,Monday,Clear,Main Road,Medium,Two-Wheeler,Minor,0
7648,32,Khunti Road,23.0789115,85.2938259,2022-07-12,20:13:00,Tuesday,Clear,Residential Road,High,Bus,Serious,2
7666,32,Khunti Road,23.0789115,85.2938259,2024-08-05,18:02:00,Monday,Clear,Chowk/Intersection,Medium,Auto-Rickshaw,Minor,0
7670,32,Khunti Road,23.0789115,85.2938259,2021-06-16,18:59:00,Wednesday,Rainy,Highway,Low,Two-Wheeler,Minor,0
7671,32,Khunti Road,23.0789115,85.2938259,2022-01-07,08:19:00,Friday,Foggy,Main Road,High,Two-Wheeler,Minor,0
7678,32,Khunti Road,23.0789115,85.2938259,2022-08-23,08:15:00,Tuesday,Foggy,Highway,Low,Truck,Minor,0
7691,32,Khunti Road,23.0789115,85.2938259,2025-12-11,11:44:00,Thursday,Clear,Chowk/Intersection,Medium,Car,Serious,1
7692,32,Khunti Road,23.0789115,85.2938259,2024-06-17,08:23:00,Monday,Clear,Main Road,Low,Auto-Rickshaw,Serious,1
7707,32,Khunti Road,23.0789115,85.2938259,2025-11-19,08:14:00,Wednesday,Rainy,Main Road,Low,Two-Wheeler,Minor,0
7708,32,Khunti Road,23.0789115,85.2938259,2025-05-05,10:48:00,Monday,Clear,Residential Road,Low,Two-Wheeler,Fatal,1
7710,32,Khunti Road,23.0789115,85.2938259,2025-07-09,11:10:00,Wednesday,Foggy,Highway,High,Two-Wheeler,Serious,3
7717,32,Khunti Road,23.0789115,85.2938259,2021-12-02,15:47:00,Thursday,Clear,Chowk/Intersection,High,Two-Wheeler,Minor,0
7741,32,Khunti Road,23.0789115,85.2938259,2023-10-16,04:41:00,Monday,Rainy,Residential Road,High,Car,Serious,2
7745,32,Khunti Road,23.0789115,85.2938259,2024-11-27,07:05:00,Wednesday,Rainy,Main Road,Medium,Two-Wheeler,Minor,0
7801,32,Khunti Road,23.0789115,85.2938259,2021-06-11,09:07:00,Friday,Rainy,Chowk/Intersection,Medium,Car,Minor,0
7804,32,Khunti Road,23.0789115,85.2938259,2025-10-10,10:40:00,Friday,Clear,Highway,Medium,Car,Serious,2
7823,32,Khunti Road,23.0789115,85.2938259,2022-04-20,09:39:00,Wednesday,Clear,Main Road,Low,Two-Wheeler,Serious,1
7824,32,Khunti Road,23.0789115,85.2938259,2025-06-04,07:28:00,Wednesday,Clear,Chowk/Intersection,Low,Two-Wheeler,Serious,2
7835,32,Khunti Road,23.0789115,85.2938259,2022-06-30,18:29:00,Thursday,Clear,Main Road,Medium,Car,Minor,0
7853,32,Khunti Road,23.0789115,85.2938259,2021-12-12,11:19:00,Sunday,Clear,Highway,High,Car,Serious,1
7871,32,Khunti Road,23.0789115,85.2938259,2021-02-14,19:41:00,Sunday,Clear,Main Road,Medium,Car,Minor,0
7873,32,Khunti Road,23.0789115,85.2938259,2021-06-24,07:33:00,Thursday,Clear,Main Road,Low,Two-Wheeler,Serious,1
7888,32,Khunti Road,23.0789115,85.2938259,2023-10-14,09:07:00,Saturday,Foggy,Highway,Medium,Auto-Rickshaw,Fatal,1
7899,32,Khunti Road,23.0789115,85.2938259,2023-02-25,08:58:00,Saturday,Stormy,Main Road,Medium,Car,Minor,1
7912,32,Khunti Road,23.0789115,85.2938259,2023-02-22,07:01:00,Wednesday,Clear,Main Road,Low,Two-Wheeler,Minor,1
7930,32,Khunti Road,23.0789115,85.2938259,2021-02-01,18:29:00,Monday,Foggy,Main Road,High,Two-Wheeler,Serious,2
7934,32,Khunti Road,23.0789115,85.2938259,2023-09-17,19:05:00,Sunday,Clear,Chowk/Intersection,High,Two-Wheeler,Minor,0
7937,32,Khunti Road,23.0789115,85.2938259,2023-12-10,17:59:00,Sunday,Clear,Highway,Medium,Car,Serious,3
7943,32,Khunti Road,23.0789115,85.2938259,2021-04-22,10:43:00,Thursday,Rainy,Main Road,Medium,Car,Minor,0
7971,32,Khunti Road,23.0789115,85.2938259,2025-01-04,08:41:00,Saturday,Clear,Chowk/Intersection,Medium,Auto-Rickshaw,Minor,1
7977,32,Khunti Road,23.0789115,85.2938259,2024-11-30,10:47:00,Saturday,Clear,Main Road,High,Two-Wheeler,Minor,0
7985,32,Khunti Road,23.0789115,85.2938259,2024-11-16,10:53:00,Saturday,Clear,Main Road,High,Two-Wheeler,Minor,0
7988,32,Khunti Road,23.0789115,85.2938259,2023-04-18,16:59:00,Tuesday,Clear,Main Road,Low,Auto-Rickshaw,Serious,1
7991,32,Khunti Road,23.0789115,85.2938259,2022-07-14,17:21:00,Thursday,Foggy,Highway,High,Truck,Minor,0
66,33,Itki Road,23.3563637,85.2394326,2021-09-19,09:43:00,Sunday,Clear,Main Road,Low,Two-Wheeler,Minor,0
121,33,Itki Road,23.3563637,85.2394326,2024-02-03,08:28:00,Saturday,Clear,Chowk/Intersection,Medium,Auto-Rickshaw,Minor,0
123,33,Itki Road,23.3563637,85.2394326,2021-07-11,09:29:00,Sunday,Foggy,Chowk/Intersection,Low,Car,Serious,2
138,33,Itki Road,23.3563637,85.2394326,2022-06-28,21:45:00,Tuesday,Rainy,Highway,High,Truck,Minor,0
139,33,Itki Road,23.3563637,85.2394326,2025-05-12,20:20:00,Monday,Clear,Chowk/Intersection,High,Truck,Fatal,1
292,33,Itki Road,23.3563637,85.2394326,2024-03-04,18:03:00,Monday,Clear,Highway,Medium,Two-Wheeler,Fatal,1
430,33,Itki Road,23.3563637,85.2394326,2022-06-01,09:47:00,Wednesday,Clear,Chowk/Intersection,Medium,Car,Serious,1
457,33,Itki Road,23.3563637,85.2394326,2022-06-04,16:00:00,Saturday,Clear,Main Road,Medium,Car,Serious,1
480,33,Itki Road,23.3563637,85.2394326,2023-01-05,19:00:00,Thursday,Clear,Chowk/Intersection,Medium,Bus,Minor,0
513,33,Itki Road,23.3563637,85.2394326,2025-03-10,06:41:00,Monday,Clear,Highway,High,Truck,Minor,0
536,33,Itki Road,23.3563637,85.2394326,2021-11-27,09:46:00,Saturday,Clear,Residential Road,High,Bus,Minor,1
554,33,Itki Road,23.3563637,85.2394326,2023-02-14,19:31:00,Tuesday,Foggy,Main Road,Medium,Car,Minor,0
604,33,Itki Road,23.3563637,85.2394326,2021-09-10,17:24:00,Friday,Foggy,Chowk/Intersection,High,Two-Wheeler,Minor,0
626,33,Itki Road,23.3563637,85.2394326,2021-10-25,19:59:00,Monday,Rainy,Residential Road,High,Car,Serious,1
665,33,Itki Road,23.3563637,85.2394326,2025-02-24,19:14:00,Monday,Clear,Chowk/Intersection,High,Two-Wheeler,Serious,2
763,33,Itki Road,23.3563637,85.2394326,2024-08-22,06:19:00,Thursday,Stormy,Chowk/Intersection,Medium,Two-Wheeler,Minor,0
817,33,Itki Road,23.3563637,85.2394326,2024-11-23,08:52:00,Saturday,Clear,Chowk/Intersection,Low,Auto-Rickshaw,Serious,1
850,33,Itki Road,23.3563637,85.2394326,2023-11-04,17:40:00,Saturday,Clear,Chowk/Intersection,Medium,Auto-Rickshaw,Minor,0
1020,33,Itki Road,23.3563637,85.2394326,2023-01-16,06:19:00,Monday,Clear,Highway,Low,Two-Wheeler,Minor,1
1045,33,Itki Road,23.3563637,85.2394326,2023-07-10,11:55:00,Monday,Clear,Chowk/Intersection,Medium,Two-Wheeler,Serious,2
1078,33,Itki Road,23.3563637,85.2394326,2025-06-25,06:58:00,Wednesday,Foggy,Chowk/Intersection,Medium,Two-Wheeler,Serious,1
1118,33,Itki Road,23.3563637,85.2394326,2025-05-15,18:55:00,Thursday,Clear,Main Road,High,Two-Wheeler,Serious,2
1147,33,Itki Road,23.3563637,85.2394326,2025-05-18,18:14:00,Sunday,Clear,Chowk/Intersection,High,Two-Wheeler,Minor,1
1222,33,Itki Road,23.3563637,85.2394326,2023-01-20,21:13:00,Friday,Clear,Highway,High,Car,Minor,0
1225,33,Itki Road,23.3563637,85.2394326,2021-03-14,18:11:00,Sunday,Clear,Main Road,High,Two-Wheeler,Serious,2
1228,33,Itki Road,23.3563637,85.2394326,2021-11-30,17:59:00,Tuesday,Rainy,Chowk/Intersection,High,Two-Wheeler,Serious,1
1320,33,Itki Road,23.3563637,85.2394326,2024-03-15,07:14:00,Friday,Rainy,Highway,Medium,Two-Wheeler,Minor,0
1325,33,Itki Road,23.3563637,85.2394326,2021-02-26,18:42:00,Friday,Clear,Main Road,High,Truck,Fatal,1
1330,33,Itki Road,23.3563637,85.2394326,2024-01-01,08:48:00,Monday,Foggy,Chowk/Intersection,High,Car,Minor,0
1365,33,Itki Road,23.3563637,85.2394326,2021-06-10,08:46:00,Thursday,Rainy,Chowk/Intersection,Medium,Auto-Rickshaw,Minor,0
1435,33,Itki Road,23.3563637,85.2394326,2022-09-12,17:35:00,Monday,Rainy,Residential Road,High,Car,Minor,0
1442,33,Itki Road,23.3563637,85.2394326,2025-08-14,18:43:00,Thursday,Clear,Chowk/Intersection,High,Two-Wheeler,Serious,1
1448,33,Itki Road,23.3563637,85.2394326,2025-07-31,17:10:00,Thursday,Rainy,Highway,Low,Two-Wheeler,Serious,1
1508,33,Itki Road,23.3563637,85.2394326,2022-12-24,18:33:00,Saturday,Clear,Highway,High,Auto-Rickshaw,Minor,0
1516,33,Itki Road,23.3563637,85.2394326,2021-12-30,17:39:00,Thursday,Clear,Chowk/Intersection,High,Truck,Minor,0
1568,33,Itki Road,23.3563637,85.2394326,2023-11-30,18:02:00,Thursday,Foggy,Chowk/Intersection,Medium,Car,Minor,1
1614,33,Itki Road,23.3563637,85.2394326,2021-07-02,06:12:00,Friday,Clear,Main Road,High,Two-Wheeler,Minor,0
1653,33,Itki Road,23.3563637,85.2394326,2025-07-25,06:57:00,Friday,Clear,Highway,Medium,Two-Wheeler,Minor,1
1674,33,Itki Road,23.3563637,85.2394326,2025-10-07,17:58:00,Tuesday,Rainy,Chowk/Intersection,High,Auto-Rickshaw,Minor,0
1682,33,Itki Road,23.3563637,85.2394326,2024-01-17,09:51:00,Wednesday,Clear,Main Road,Medium,Auto-Rickshaw,Minor,0
1726,33,Itki Road,23.3563637,85.2394326,2025-12-21,09:55:00,Sunday,Clear,Main Road,Medium,Two-Wheeler,Minor,0
1744,33,Itki Road,23.3563637,85.2394326,2021-04-17,19:30:00,Saturday,Foggy,Residential Road,High,Car,Fatal,2
1759,33,Itki Road,23.3563637,85.2394326,2022-10-20,19:20:00,Thursday,Clear,Main Road,Medium,Two-Wheeler,Fatal,3
1807,33,Itki Road,23.3563637,85.2394326,2024-06-10,10:08:00,Monday,Foggy,Highway,Medium,Two-Wheeler,Minor,0
1942,33,Itki Road,23.3563637,85.2394326,2025-10-04,07:47:00,Saturday,Clear,Highway,High,Car,Fatal,1
1943,33,Itki Road,23.3563637,85.2394326,2022-08-14,15:18:00,Sunday,Clear,Main Road,Low,Bus,Minor,1
1977,33,Itki Road,23.3563637,85.2394326,2021-03-08,09:06:00,Monday,Stormy,Highway,Low,Car,Minor,1
2044,33,Itki Road,23.3563637,85.2394326,2023-06-11,07:12:00,Sunday,Clear,Highway,Medium,Auto-Rickshaw,Fatal,1
2062,33,Itki Road,23.3563637,85.2394326,2022-04-24,05:59:00,Sunday,Stormy,Highway,Low,Car,Serious,3
2108,33,Itki Road,23.3563637,85.2394326,2022-06-30,18:25:00,Thursday,Foggy,Highway,Low,Car,Fatal,1
2149,33,Itki Road,23.3563637,85.2394326,2024-11-10,18:49:00,Sunday,Clear,Residential Road,High,Truck,Serious,2
2198,33,Itki Road,23.3563637,85.2394326,2024-11-23,15:58:00,Saturday,Clear,Main Road,High,Two-Wheeler,Minor,1
2201,33,Itki Road,23.3563637,85.2394326,2021-09-10,18:12:00,Friday,Rainy,Residential Road,Medium,Car,Minor,0
2320,33,Itki Road,23.3563637,85.2394326,2021-01-07,09:10:00,Thursday,Clear,Residential Road,High,Two-Wheeler,Minor,0
2339,33,Itki Road,23.3563637,85.2394326,2025-10-24,18:58:00,Friday,Clear,Highway,High,Auto-Rickshaw,Serious,2
2439,33,Itki Road,23.3563637,85.2394326,2024-01-12,07:04:00,Friday,Clear,Chowk/Intersection,Medium,Bus,Minor,0
2446,33,Itki Road,23.3563637,85.2394326,2022-05-06,19:25:00,Friday,Clear,Main Road,High,Car,Minor,0
2450,33,Itki Road,23.3563637,85.2394326,2023-05-29,06:04:00,Monday,Clear,Highway,Medium,Two-Wheeler,Serious,2
2468,33,Itki Road,23.3563637,85.2394326,2022-03-18,10:14:00,Friday,Clear,Main Road,Medium,Auto-Rickshaw,Minor,1
2501,33,Itki Road,23.3563637,85.2394326,2024-12-27,07:38:00,Friday,Rainy,Residential Road,High,Car,Serious,1
2518,33,Itki Road,23.3563637,85.2394326,2024-02-26,16:58:00,Monday,Clear,Main Road,High,Two-Wheeler,Fatal,2
2582,33,Itki Road,23.3563637,85.2394326,2021-06-30,08:22:00,Wednesday,Foggy,Highway,High,Auto-Rickshaw,Minor,0
2610,33,Itki Road,23.3563637,85.2394326,2025-07-11,19:17:00,Friday,Foggy,Chowk/Intersection,High,Two-Wheeler,Serious,3
2635,33,Itki Road,23.3563637,85.2394326,2022-06-16,17:27:00,Thursday,Rainy,Residential Road,High,Car,Serious,1
2637,33,Itki Road,23.3563637,85.2394326,2023-01-03,09:43:00,Tuesday,Clear,Chowk/Intersection,Low,Auto-Rickshaw,Minor,0
2687,33,Itki Road,23.3563637,85.2394326,2022-09-01,15:56:00,Thursday,Clear,Main Road,Low,Two-Wheeler,Serious,1
2744,33,Itki Road,23.3563637,85.2394326,2022-05-28,05:04:00,Saturday,Clear,Main Road,High,Car,Minor,1
2747,33,Itki Road,23.3563637,85.2394326,2023-04-20,10:51:00,Thursday,Clear,Chowk/Intersection,Medium,Truck,Minor,0
2885,33,Itki Road,23.3563637,85.2394326,2023-03-31,17:31:00,Friday,Clear,Chowk/Intersection,Medium,Two-Wheeler,Minor,1
2889,33,Itki Road,23.3563637,85.2394326,2024-03-20,05:38:00,Wednesday,Rainy,Highway,High,Two-Wheeler,Serious,2
2936,33,Itki Road,23.3563637,85.2394326,2023-05-29,17:06:00,Monday,Clear,Chowk/Intersection,Low,Two-Wheeler,Minor,1
3118,33,Itki Road,23.3563637,85.2394326,2025-06-26,07:05:00,Thursday,Clear,Chowk/Intersection,Medium,Auto-Rickshaw,Serious,1
3161,33,Itki Road,23.3563637,85.2394326,2025-06-09,11:48:00,Monday,Clear,Main Road,Medium,Two-Wheeler,Minor,1
3207,33,Itki Road,23.3563637,85.2394326,2022-12-25,16:18:00,Sunday,Clear,Main Road,Low,Two-Wheeler,Minor,0
3244,33,Itki Road,23.3563637,85.2394326,2024-03-29,20:37:00,Friday,Clear,Main Road,High,Bus,Serious,2
3276,33,Itki Road,23.3563637,85.2394326,2021-11-12,08:09:00,Friday,Clear,Residential Road,Low,Auto-Rickshaw,Minor,0
3309,33,Itki Road,23.3563637,85.2394326,2021-12-23,19:16:00,Thursday,Rainy,Chowk/Intersection,Low,Two-Wheeler,Fatal,1
3316,33,Itki Road,23.3563637,85.2394326,2022-11-02,19:05:00,Wednesday,Rainy,Chowk/Intersection,High,Two-Wheeler,Minor,0
3318,33,Itki Road,23.3563637,85.2394326,2023-02-02,09:22:00,Thursday,Clear,Highway,Low,Auto-Rickshaw,Minor,1
3320,33,Itki Road,23.3563637,85.2394326,2024-06-23,18:30:00,Sunday,Clear,Main Road,Medium,Two-Wheeler,Minor,0
3430,33,Itki Road,23.3563637,85.2394326,2024-04-28,08:01:00,Sunday,Clear,Residential Road,High,Car,Serious,3
3475,33,Itki Road,23.3563637,85.2394326,2025-03-01,20:56:00,Saturday,Foggy,Residential Road,Medium,Two-Wheeler,Serious,1
3537,33,Itki Road,23.3563637,85.2394326,2025-06-23,07:05:00,Monday,Rainy,Highway,Low,Two-Wheeler,Minor,0
3563,33,Itki Road,23.3563637,85.2394326,2024-06-21,06:02:00,Friday,Rainy,Main Road,Low,Two-Wheeler,Fatal,1
3587,33,Itki Road,23.3563637,85.2394326,2025-10-27,16:16:00,Monday,Clear,Chowk/Intersection,High,Two-Wheeler,Minor,0
3668,33,Itki Road,23.3563637,85.2394326,2024-02-26,09:33:00,Monday,Stormy,Highway,High,Two-Wheeler,Fatal,1
3743,33,Itki Road,23.3563637,85.2394326,2025-09-20,07:11:00,Saturday,Clear,Highway,Low,Two-Wheeler,Minor,0
3750,33,Itki Road,23.3563637,85.2394326,2025-08-29,19:40:00,Friday,Clear,Highway,High,Two-Wheeler,Minor,1
3781,33,Itki Road,23.3563637,85.2394326,2024-10-24,10:33:00,Thursday,Stormy,Main Road,Medium,Car,Minor,1
3879,33,Itki Road,23.3563637,85.2394326,2024-07-08,07:48:00,Monday,Clear,Main Road,Low,Car,Serious,1
3882,33,Itki Road,23.3563637,85.2394326,2024-01-30,16:16:00,Tuesday,Clear,Main Road,Low,Two-Wheeler,Serious,2
4007,33,Itki Road,23.3563637,85.2394326,2021-04-27,07:14:00,Tuesday,Clear,Main Road,Medium,Car,Minor,0
4019,33,Itki Road,23.3563637,85.2394326,2025-11-06,10:59:00,Thursday,Stormy,Main Road,Low,Auto-Rickshaw,Serious,3
4137,33,Itki Road,23.3563637,85.2394326,2025-03-05,17:42:00,Wednesday,Clear,Chowk/Intersection,Medium,Two-Wheeler,Serious,3
4182,33,Itki Road,23.3563637,85.2394326,2023-12-19,08:52:00,Tuesday,Clear,Highway,High,Auto-Rickshaw,Fatal,2
4313,33,Itki Road,23.3563637,85.2394326,2022-08-19,07:10:00,Friday,Clear,Highway,High,Two-Wheeler,Minor,0
4376,33,Itki Road,23.3563637,85.2394326,2024-12-04,19:37:00,Wednesday,Clear,Main Road,Medium,Auto-Rickshaw,Fatal,3
4413,33,Itki Road,23.3563637,85.2394326,2023-01-23,17:46:00,Monday,Clear,Main Road,Low,Truck,Serious,1
4421,33,Itki Road,23.3563637,85.2394326,2022-08-28,18:32:00,Sunday,Foggy,Chowk/Intersection,Medium,Car,Serious,3
4423,33,Itki Road,23.3563637,85.2394326,2023-10-02,15:53:00,Monday,Clear,Residential Road,Medium,Car,Minor,0
4428,33,Itki Road,23.3563637,85.2394326,2024-04-22,19:27:00,Monday,Clear,Highway,Medium,Truck,Minor,0
4504,33,Itki Road,23.3563637,85.2394326,2022-12-11,08:16:00,Sunday,Clear,Highway,Low,Two-Wheeler,Fatal,2
4581,33,Itki Road,23.3563637,85.2394326,2025-12-31,20:41:00,Wednesday,Clear,Chowk/Intersection,Medium,Two-Wheeler,Minor,0
4587,33,Itki Road,23.3563637,85.2394326,2022-11-17,11:10:00,Thursday,Clear,Residential Road,Medium,Two-Wheeler,Minor,0
4634,33,Itki Road,23.3563637,85.2394326,2022-06-05,10:13:00,Sunday,Clear,Main Road,High,Two-Wheeler,Fatal,1
4644,33,Itki Road,23.3563637,85.2394326,2022-04-17,17:15:00,Sunday,Rainy,Highway,Low,Two-Wheeler,Fatal,1
4668,33,Itki Road,23.3563637,85.2394326,2021-08-09,09:37:00,Monday,Rainy,Highway,Medium,Two-Wheeler,Minor,1
4679,33,Itki Road,23.3563637,85.2394326,2024-07-09,08:32:00,Tuesday,Rainy,Chowk/Intersection,Low,Car,Minor,0
4699,33,Itki Road,23.3563637,85.2394326,2022-09-03,17:37:00,Saturday,Clear,Highway,Low,Two-Wheeler,Fatal,1
4807,33,Itki Road,23.3563637,85.2394326,2024-10-04,09:45:00,Friday,Clear,Highway,High,Two-Wheeler,Minor,1
4816,33,Itki Road,23.3563637,85.2394326,2025-05-23,08:26:00,Friday,Clear,Main Road,Low,Bus,Minor,0
4819,33,Itki Road,23.3563637,85.2394326,2023-07-04,20:29:00,Tuesday,Clear,Highway,Low,Car,Minor,0
4838,33,Itki Road,23.3563637,85.2394326,2024-12-23,18:33:00,Monday,Clear,Chowk/Intersection,Medium,Car,Minor,0
4844,33,Itki Road,23.3563637,85.2394326,2025-06-19,10:00:00,Thursday,Stormy,Main Road,High,Car,Serious,3
4890,33,Itki Road,23.3563637,85.2394326,2022-07-17,20:33:00,Sunday,Clear,Chowk/Intersection,High,Car,Minor,1
4917,33,Itki Road,23.3563637,85.2394326,2025-09-03,08:54:00,Wednesday,Rainy,Chowk/Intersection,Medium,Two-Wheeler,Serious,3
4927,33,Itki Road,23.3563637,85.2394326,2022-04-01,17:40:00,Friday,Stormy,Chowk/Intersection,High,Two-Wheeler,Minor,0
5082,33,Itki Road,23.3563637,85.2394326,2023-08-28,18:11:00,Monday,Stormy,Main Road,Medium,Two-Wheeler,Serious,1
5092,33,Itki Road,23.3563637,85.2394326,2023-10-03,15:02:00,Tuesday,Rainy,Highway,High,Two-Wheeler,Serious,1
5182,33,Itki Road,23.3563637,85.2394326,2024-02-01,18:59:00,Thursday,Rainy,Residential Road,High,Two-Wheeler,Minor,1
5220,33,Itki Road,23.3563637,85.2394326,2024-05-22,19:31:00,Wednesday,Clear,Main Road,High,Car,Serious,2
5313,33,Itki Road,23.3563637,85.2394326,2022-08-08,18:28:00,Monday,Clear,Main Road,Medium,Car,Minor,0
5327,33,Itki Road,23.3563637,85.2394326,2025-03-17,07:26:00,Monday,Clear,Highway,Medium,Car,Minor,0
5375,33,Itki Road,23.3563637,85.2394326,2025-12-25,08:54:00,Thursday,Clear,Residential Road,Medium,Bus,Minor,0
5414,33,Itki Road,23.3563637,85.2394326,2023-03-25,19:54:00,Saturday,Foggy,Chowk/Intersection,High,Two-Wheeler,Minor,0
5457,33,Itki Road,23.3563637,85.2394326,2025-05-02,09:04:00,Friday,Clear,Highway,Medium,Two-Wheeler,Minor,0
5461,33,Itki Road,23.3563637,85.2394326,2022-11-26,18:26:00,Saturday,Stormy,Chowk/Intersection,High,Car,Serious,2
5474,33,Itki Road,23.3563637,85.2394326,2023-08-31,08:24:00,Thursday,Clear,Chowk/Intersection,Low,Two-Wheeler,Minor,1
5517,33,Itki Road,23.3563637,85.2394326,2021-09-02,11:12:00,Thursday,Rainy,Chowk/Intersection,Low,Car,Minor,0
5586,33,Itki Road,23.3563637,85.2394326,2025-04-21,07:29:00,Monday,Rainy,Main Road,High,Car,Minor,1
5600,33,Itki Road,23.3563637,85.2394326,2023-11-22,16:56:00,Wednesday,Clear,Highway,High,Car,Minor,0
5610,33,Itki Road,23.3563637,85.2394326,2025-07-20,16:43:00,Sunday,Clear,Highway,Medium,Bus,Minor,0
5631,33,Itki Road,23.3563637,85.2394326,2021-08-02,17:55:00,Monday,Clear,Highway,High,Two-Wheeler,Fatal,2
5634,33,Itki Road,23.3563637,85.2394326,2021-08-02,06:44:00,Monday,Clear,Highway,Medium,Two-Wheeler,Minor,0
5650,33,Itki Road,23.3563637,85.2394326,2021-04-02,20:16:00,Friday,Clear,Highway,High,Two-Wheeler,Serious,2
5665,33,Itki Road,23.3563637,85.2394326,2024-09-03,10:20:00,Tuesday,Clear,Main Road,Medium,Auto-Rickshaw,Serious,3
5720,33,Itki Road,23.3563637,85.2394326,2024-11-20,18:47:00,Wednesday,Clear,Chowk/Intersection,High,Two-Wheeler,Serious,2
5743,33,Itki Road,23.3563637,85.2394326,2022-12-12,20:33:00,Monday,Clear,Main Road,High,Two-Wheeler,Minor,0
5847,33,Itki Road,23.3563637,85.2394326,2023-01-31,11:44:00,Tuesday,Rainy,Residential Road,Medium,Auto-Rickshaw,Minor,0
6008,33,Itki Road,23.3563637,85.2394326,2025-01-10,19:23:00,Friday,Clear,Chowk/Intersection,Low,Two-Wheeler,Minor,0
6050,33,Itki Road,23.3563637,85.2394326,2024-07-07,07:54:00,Sunday,Clear,Highway,Medium,Car,Serious,1
6065,33,Itki Road,23.3563637,85.2394326,2022-07-09,18:13:00,Saturday,Clear,Chowk/Intersection,Low,Auto-Rickshaw,Minor,1
6120,33,Itki Road,23.3563637,85.2394326,2024-05-07,09:52:00,Tuesday,Clear,Main Road,Low,Two-Wheeler,Minor,1
6172,33,Itki Road,23.3563637,85.2394326,2024-03-14,17:31:00,Thursday,Rainy,Chowk/Intersection,Low,Two-Wheeler,Serious,1
6190,33,Itki Road,23.3563637,85.2394326,2021-11-23,10:24:00,Tuesday,Foggy,Highway,High,Car,Minor,1
6269,33,Itki Road,23.3563637,85.2394326,2025-07-24,21:02:00,Thursday,Rainy,Highway,Low,Truck,Minor,0
6303,33,Itki Road,23.3563637,85.2394326,2024-05-22,20:40:00,Wednesday,Clear,Main Road,Medium,Two-Wheeler,Minor,0
6316,33,Itki Road,23.3563637,85.2394326,2024-08-19,09:42:00,Monday,Rainy,Main Road,Medium,Truck,Minor,1
6434,33,Itki Road,23.3563637,85.2394326,2021-02-13,07:19:00,Saturday,Clear,Main Road,Low,Auto-Rickshaw,Fatal,2
6468,33,Itki Road,23.3563637,85.2394326,2021-02-17,09:24:00,Wednesday,Clear,Main Road,Medium,Car,Serious,1
6576,33,Itki Road,23.3563637,85.2394326,2021-11-20,19:08:00,Saturday,Clear,Main Road,Low,Two-Wheeler,Serious,1
6582,33,Itki Road,23.3563637,85.2394326,2022-04-10,17:45:00,Sunday,Clear,Highway,High,Two-Wheeler,Minor,1
6618,33,Itki Road,23.3563637,85.2394326,2021-04-18,10:40:00,Sunday,Clear,Main Road,High,Auto-Rickshaw,Minor,0
6892,33,Itki Road,23.3563637,85.2394326,2024-12-22,10:47:00,Sunday,Foggy,Chowk/Intersection,Medium,Two-Wheeler,Minor,1
6923,33,Itki Road,23.3563637,85.2394326,2024-08-14,09:35:00,Wednesday,Foggy,Chowk/Intersection,Low,Two-Wheeler,Serious,3
6971,33,Itki Road,23.3563637,85.2394326,2023-04-06,19:40:00,Thursday,Clear,Highway,High,Auto-Rickshaw,Minor,1
7069,33,Itki Road,23.3563637,85.2394326,2022-07-19,14:27:00,Tuesday,Clear,Chowk/Intersection,High,Two-Wheeler,Serious,3
7223,33,Itki Road,23.3563637,85.2394326,2022-07-07,10:34:00,Thursday,Clear,Chowk/Intersection,Medium,Two-Wheeler,Minor,0
7237,33,Itki Road,23.3563637,85.2394326,2025-10-26,08:38:00,Sunday,Clear,Main Road,Low,Two-Wheeler,Fatal,1
7297,33,Itki Road,23.3563637,85.2394326,2021-01-04,17:09:00,Monday,Clear,Main Road,High,Car,Serious,2
7330,33,Itki Road,23.3563637,85.2394326,2024-11-20,16:01:00,Wednesday,Clear,Chowk/Intersection,Medium,Two-Wheeler,Minor,0
7332,33,Itki Road,23.3563637,85.2394326,2023-07-18,19:55:00,Tuesday,Rainy,Chowk/Intersection,High,Auto-Rickshaw,Minor,0
7387,33,Itki Road,23.3563637,85.2394326,2021-07-24,17:52:00,Saturday,Clear,Chowk/Intersection,Low,Auto-Rickshaw,Minor,1
7438,33,Itki Road,23.3563637,85.2394326,2023-08-09,19:47:00,Wednesday,Clear,Main Road,Low,Two-Wheeler,Serious,1
7568,33,Itki Road,23.3563637,85.2394326,2025-07-01,16:41:00,Tuesday,Clear,Highway,Medium,Car,Minor,0
7576,33,Itki Road,23.3563637,85.2394326,2023-03-05,07:47:00,Sunday,Clear,Highway,High,Car,Serious,1
7582,33,Itki Road,23.3563637,85.2394326,2023-11-28,17:34:00,Tuesday,Rainy,Main Road,Medium,Bus,Fatal,3
7598,33,Itki Road,23.3563637,85.2394326,2021-04-27,07:38:00,Tuesday,Stormy,Highway,Medium,Two-Wheeler,Minor,1
7700,33,Itki Road,23.3563637,85.2394326,2022-10-21,09:48:00,Friday,Rainy,Highway,Low,Car,Serious,2
7733,33,Itki Road,23.3563637,85.2394326,2025-10-13,18:49:00,Monday,Rainy,Residential Road,Low,Bus,Serious,3
7751,33,Itki Road,23.3563637,85.2394326,2024-10-22,19:56:00,Tuesday,Clear,Residential Road,High,Two-Wheeler,Fatal,1
7752,33,Itki Road,23.3563637,85.2394326,2023-08-18,10:48:00,Friday,Clear,Main Road,High,Two-Wheeler,Serious,3
7839,33,Itki Road,23.3563637,85.2394326,2022-05-26,10:16:00,Thursday,Clear,Residential Road,High,Car,Fatal,1
7889,33,Itki Road,23.3563637,85.2394326,2024-04-12,07:53:00,Friday,Rainy,Main Road,Low,Car,Serious,2
7895,33,Itki Road,23.3563637,85.2394326,2023-08-19,18:33:00,Saturday,Foggy,Chowk/Intersection,Low,Car,Serious,1
7953,33,Itki Road,23.3563637,85.2394326,2025-12-26,18:22:00,Friday,Rainy,Main Road,Medium,Car,Minor,1
7974,33,Itki Road,23.3563637,85.2394326,2021-05-11,09:33:00,Tuesday,Clear,Main Road,Low,Two-Wheeler,Minor,1
8000,33,Itki Road,23.3563637,85.2394326,2021-01-01,07:33:00,Friday,Clear,Residential Road,Medium,Two-Wheeler,Serious,1
174,34,Kokar,23.3565,85.2985,2023-06-25,18:08:00,Sunday,Stormy,Residential Road,Medium,Two-Wheeler,Minor,0
212,34,Kokar,23.3565,85.2985,2024-04-30,10:39:00,Tuesday,Foggy,Highway,Low,Two-Wheeler,Serious,1
315,34,Kokar,23.3565,85.2985,2022-05-28,09:54:00,Saturday,Clear,Highway,Medium,Car,Serious,2
333,34,Kokar,23.3565,85.2985,2021-04-24,10:50:00,Saturday,Clear,Highway,High,Car,Serious,2
524,34,Kokar,23.3565,85.2985,2024-10-13,08:09:00,Sunday,Clear,Main Road,Medium,Two-Wheeler,Serious,2
559,34,Kokar,23.3565,85.2985,2024-01-01,17:34:00,Monday,Stormy,Residential Road,Low,Car,Fatal,1
667,34,Kokar,23.3565,85.2985,2023-09-22,08:51:00,Friday,Clear,Main Road,Low,Two-Wheeler,Serious,2
695,34,Kokar,23.3565,85.2985,2023-12-20,07:20:00,Wednesday,Clear,Main Road,High,Car,Minor,0
796,34,Kokar,23.3565,85.2985,2025-07-11,16:08:00,Friday,Stormy,Main Road,Low,Two-Wheeler,Minor,0
956,34,Kokar,23.3565,85.2985,2024-10-09,07:05:00,Wednesday,Rainy,Highway,Medium,Auto-Rickshaw,Minor,0
1015,34,Kokar,23.3565,85.2985,2022-10-08,19:05:00,Saturday,Clear,Chowk/Intersection,Medium,Auto-Rickshaw,Minor,0
1036,34,Kokar,23.3565,85.2985,2024-10-06,06:45:00,Sunday,Stormy,Chowk/Intersection,High,Auto-Rickshaw,Minor,0
1051,34,Kokar,23.3565,85.2985,2023-12-19,09:01:00,Tuesday,Rainy,Chowk/Intersection,Medium,Car,Serious,3
1279,34,Kokar,23.3565,85.2985,2025-04-06,09:15:00,Sunday,Clear,Chowk/Intersection,High,Two-Wheeler,Minor,1
1431,34,Kokar,23.3565,85.2985,2024-10-28,19:31:00,Monday,Clear,Highway,Low,Auto-Rickshaw,Minor,0
1462,34,Kokar,23.3565,85.2985,2022-08-31,09:56:00,Wednesday,Rainy,Highway,Medium,Car,Minor,0
1505,34,Kokar,23.3565,85.2985,2023-08-05,16:56:00,Saturday,Clear,Chowk/Intersection,Low,Two-Wheeler,Fatal,2
1556,34,Kokar,23.3565,85.2985,2022-02-05,10:57:00,Saturday,Clear,Chowk/Intersection,Low,Auto-Rickshaw,Minor,1
1577,34,Kokar,23.3565,85.2985,2022-08-12,09:30:00,Friday,Rainy,Highway,High,Two-Wheeler,Serious,1
1725,34,Kokar,23.3565,85.2985,2022-04-03,16:42:00,Sunday,Clear,Main Road,High,Auto-Rickshaw,Serious,1
1855,34,Kokar,23.3565,85.2985,2021-03-17,08:06:00,Wednesday,Clear,Main Road,High,Car,Fatal,1
2015,34,Kokar,23.3565,85.2985,2022-11-11,09:20:00,Friday,Clear,Chowk/Intersection,High,Two-Wheeler,Minor,0
2158,34,Kokar,23.3565,85.2985,2025-02-21,20:15:00,Friday,Foggy,Main Road,Medium,Two-Wheeler,Minor,1
2305,34,Kokar,23.3565,85.2985,2022-02-11,08:28:00,Friday,Clear,Chowk/Intersection,Medium,Truck,Serious,1
2314,34,Kokar,23.3565,85.2985,2021-07-01,09:23:00,Thursday,Rainy,Residential Road,Medium,Truck,Serious,1
2492,34,Kokar,23.3565,85.2985,2022-03-07,14:08:00,Monday,Clear,Chowk/Intersection,Medium,Bus,Minor,0
2539,34,Kokar,23.3565,85.2985,2021-01-14,08:32:00,Thursday,Clear,Chowk/Intersection,High,Two-Wheeler,Serious,2
2643,34,Kokar,23.3565,85.2985,2024-05-20,16:15:00,Monday,Rainy,Chowk/Intersection,High,Car,Minor,0
2680,34,Kokar,23.3565,85.2985,2024-05-25,07:39:00,Saturday,Clear,Main Road,High,Car,Minor,0
2684,34,Kokar,23.3565,85.2985,2022-03-25,19:23:00,Friday,Clear,Main Road,Low,Car,Minor,0
2792,34,Kokar,23.3565,85.2985,2021-03-08,20:02:00,Monday,Clear,Main Road,Low,Two-Wheeler,Minor,0
2874,34,Kokar,23.3565,85.2985,2021-11-17,08:20:00,Wednesday,Rainy,Highway,High,Auto-Rickshaw,Serious,2
2955,34,Kokar,23.3565,85.2985,2024-04-20,15:25:00,Saturday,Rainy,Chowk/Intersection,High,Two-Wheeler,Minor,0
3111,34,Kokar,23.3565,85.2985,2025-06-24,06:09:00,Tuesday,Clear,Chowk/Intersection,Medium,Two-Wheeler,Minor,0
3206,34,Kokar,23.3565,85.2985,2024-10-30,20:33:00,Wednesday,Clear,Chowk/Intersection,Medium,Auto-Rickshaw,Minor,0
3264,34,Kokar,23.3565,85.2985,2024-07-06,09:32:00,Saturday,Clear,Main Road,Low,Two-Wheeler,Serious,1
3284,34,Kokar,23.3565,85.2985,2021-11-03,08:28:00,Wednesday,Clear,Main Road,Low,Two-Wheeler,Serious,2
3556,34,Kokar,23.3565,85.2985,2023-01-20,17:35:00,Friday,Clear,Chowk/Intersection,High,Auto-Rickshaw,Minor,1
3646,34,Kokar,23.3565,85.2985,2024-04-25,17:38:00,Thursday,Clear,Main Road,High,Two-Wheeler,Serious,1
3659,34,Kokar,23.3565,85.2985,2021-02-06,09:24:00,Saturday,Stormy,Main Road,High,Two-Wheeler,Minor,1
3694,34,Kokar,23.3565,85.2985,2024-08-05,19:26:00,Monday,Clear,Highway,High,Two-Wheeler,Serious,3
3778,34,Kokar,23.3565,85.2985,2022-08-25,09:30:00,Thursday,Foggy,Chowk/Intersection,High,Car,Minor,0
3999,34,Kokar,23.3565,85.2985,2024-10-01,07:44:00,Tuesday,Foggy,Chowk/Intersection,Low,Bus,Serious,1
4015,34,Kokar,23.3565,85.2985,2022-10-08,08:41:00,Saturday,Clear,Highway,Low,Two-Wheeler,Minor,0
4031,34,Kokar,23.3565,85.2985,2023-09-28,08:18:00,Thursday,Clear,Highway,Medium,Auto-Rickshaw,Minor,1
4049,34,Kokar,23.3565,85.2985,2022-03-04,06:42:00,Friday,Clear,Residential Road,Low,Two-Wheeler,Minor,1
4105,34,Kokar,23.3565,85.2985,2024-04-25,07:55:00,Thursday,Stormy,Highway,High,Two-Wheeler,Fatal,4
4245,34,Kokar,23.3565,85.2985,2024-08-25,09:17:00,Sunday,Rainy,Highway,Medium,Car,Minor,1
4269,34,Kokar,23.3565,85.2985,2025-01-20,19:50:00,Monday,Clear,Highway,Low,Two-Wheeler,Fatal,3
4451,34,Kokar,23.3565,85.2985,2021-03-10,20:03:00,Wednesday,Clear,Residential Road,High,Two-Wheeler,Minor,1
4454,34,Kokar,23.3565,85.2985,2025-11-21,20:17:00,Friday,Clear,Highway,High,Two-Wheeler,Minor,1
4472,34,Kokar,23.3565,85.2985,2025-02-15,08:26:00,Saturday,Clear,Highway,High,Two-Wheeler,Minor,1
4727,34,Kokar,23.3565,85.2985,2023-04-20,12:36:00,Thursday,Rainy,Main Road,Medium,Two-Wheeler,Minor,1
4863,34,Kokar,23.3565,85.2985,2024-05-18,17:18:00,Saturday,Foggy,Chowk/Intersection,Medium,Two-Wheeler,Minor,1
4967,34,Kokar,23.3565,85.2985,2025-05-31,07:07:00,Saturday,Clear,Highway,High,Car,Fatal,3
5024,34,Kokar,23.3565,85.2985,2025-05-17,10:18:00,Saturday,Clear,Chowk/Intersection,High,Car,Minor,0
5046,34,Kokar,23.3565,85.2985,2023-06-16,20:06:00,Friday,Clear,Chowk/Intersection,High,Two-Wheeler,Minor,0
5081,34,Kokar,23.3565,85.2985,2022-12-14,19:07:00,Wednesday,Clear,Highway,Low,Bus,Fatal,1
5174,34,Kokar,23.3565,85.2985,2024-12-16,08:49:00,Monday,Clear,Main Road,Medium,Car,Serious,3
5201,34,Kokar,23.3565,85.2985,2022-08-29,09:50:00,Monday,Clear,Chowk/Intersection,High,Car,Minor,0
5203,34,Kokar,23.3565,85.2985,2023-11-07,09:36:00,Tuesday,Clear,Chowk/Intersection,Medium,Two-Wheeler,Minor,1
5286,34,Kokar,23.3565,85.2985,2025-12-25,20:03:00,Thursday,Clear,Main Road,High,Auto-Rickshaw,Minor,0
5498,34,Kokar,23.3565,85.2985,2021-08-31,19:01:00,Tuesday,Clear,Highway,Medium,Two-Wheeler,Minor,1
5499,34,Kokar,23.3565,85.2985,2021-12-01,17:39:00,Wednesday,Clear,Residential Road,Medium,Car,Minor,1
5544,34,Kokar,23.3565,85.2985,2025-11-16,18:01:00,Sunday,Foggy,Main Road,High,Two-Wheeler,Minor,0
5623,34,Kokar,23.3565,85.2985,2024-07-12,18:58:00,Friday,Clear,Chowk/Intersection,Medium,Auto-Rickshaw,Fatal,2
5655,34,Kokar,23.3565,85.2985,2024-02-04,21:00:00,Sunday,Clear,Highway,Medium,Two-Wheeler,Minor,0
5694,34,Kokar,23.3565,85.2985,2022-11-11,19:35:00,Friday,Clear,Chowk/Intersection,Medium,Two-Wheeler,Minor,0
5746,34,Kokar,23.3565,85.2985,2023-03-29,09:04:00,Wednesday,Foggy,Main Road,High,Bus,Serious,1
5760,34,Kokar,23.3565,85.2985,2022-05-02,06:08:00,Monday,Clear,Main Road,Low,Truck,Minor,0
5842,34,Kokar,23.3565,85.2985,2022-06-20,10:04:00,Monday,Clear,Main Road,High,Car,Fatal,1
6063,34,Kokar,23.3565,85.2985,2021-09-03,16:53:00,Friday,Clear,Main Road,Medium,Car,Minor,0
6077,34,Kokar,23.3565,85.2985,2025-12-16,08:24:00,Tuesday,Clear,Chowk/Intersection,High,Auto-Rickshaw,Minor,0
6164,34,Kokar,23.3565,85.2985,2022-04-28,18:03:00,Thursday,Rainy,Main Road,High,Car,Minor,0
6276,34,Kokar,23.3565,85.2985,2022-04-03,17:50:00,Sunday,Clear,Chowk/Intersection,High,Two-Wheeler,Minor,0
6411,34,Kokar,23.3565,85.2985,2022-09-14,16:40:00,Wednesday,Clear,Chowk/Intersection,High,Two-Wheeler,Serious,1
6511,34,Kokar,23.3565,85.2985,2021-07-22,12:38:00,Thursday,Foggy,Chowk/Intersection,Medium,Two-Wheeler,Serious,1
6659,34,Kokar,23.3565,85.2985,2021-09-16,07:23:00,Thursday,Clear,Residential Road,Medium,Two-Wheeler,Minor,0
6763,34,Kokar,23.3565,85.2985,2024-06-08,18:45:00,Saturday,Rainy,Chowk/Intersection,Medium,Two-Wheeler,Minor,0
6872,34,Kokar,23.3565,85.2985,2022-02-16,16:03:00,Wednesday,Clear,Main Road,High,Two-Wheeler,Serious,2
6947,34,Kokar,23.3565,85.2985,2023-01-19,14:32:00,Thursday,Clear,Main Road,Medium,Car,Serious,2
6951,34,Kokar,23.3565,85.2985,2024-12-30,19:19:00,Monday,Foggy,Highway,Medium,Car,Fatal,2
6995,34,Kokar,23.3565,85.2985,2023-04-06,17:20:00,Thursday,Clear,Main Road,High,Truck,Minor,0
7065,34,Kokar,23.3565,85.2985,2022-03-04,08:57:00,Friday,Rainy,Highway,Low,Truck,Serious,3
7106,34,Kokar,23.3565,85.2985,2024-10-21,09:20:00,Monday,Clear,Highway,High,Bus,Serious,3
7161,34,Kokar,23.3565,85.2985,2021-08-27,07:28:00,Friday,Clear,Main Road,Medium,Two-Wheeler,Serious,1
7170,34,Kokar,23.3565,85.2985,2025-07-31,19:51:00,Thursday,Rainy,Highway,High,Auto-Rickshaw,Fatal,1
7225,34,Kokar,23.3565,85.2985,2024-07-29,17:57:00,Monday,Clear,Chowk/Intersection,Low,Two-Wheeler,Serious,3
7277,34,Kokar,23.3565,85.2985,2023-06-22,17:52:00,Thursday,Rainy,Main Road,Low,Two-Wheeler,Minor,0
7363,34,Kokar,23.3565,85.2985,2021-05-12,09:00:00,Wednesday,Clear,Chowk/Intersection,High,Car,Minor,0
7370,34,Kokar,23.3565,85.2985,2024-11-06,07:52:00,Wednesday,Clear,Chowk/Intersection,Medium,Two-Wheeler,Minor,1
7403,34,Kokar,23.3565,85.2985,2023-02-23,07:42:00,Thursday,Rainy,Highway,Medium,Two-Wheeler,Fatal,2
7416,34,Kokar,23.3565,85.2985,2023-08-31,08:11:00,Thursday,Clear,Chowk/Intersection,High,Auto-Rickshaw,Minor,0
7454,34,Kokar,23.3565,85.2985,2021-07-25,09:09:00,Sunday,Clear,Highway,Low,Car,Minor,0
7480,34,Kokar,23.3565,85.2985,2024-04-05,09:31:00,Friday,Clear,Chowk/Intersection,Low,Auto-Rickshaw,Serious,3
7540,34,Kokar,23.3565,85.2985,2024-12-24,19:19:00,Tuesday,Clear,Chowk/Intersection,Medium,Car,Serious,1
7561,34,Kokar,23.3565,85.2985,2022-06-03,10:07:00,Friday,Stormy,Highway,Medium,Car,Minor,1
7575,34,Kokar,23.3565,85.2985,2024-11-08,07:01:00,Friday,Clear,Residential Road,High,Auto-Rickshaw,Serious,1
7602,34,Kokar,23.3565,85.2985,2024-05-07,09:11:00,Tuesday,Clear,Main Road,High,Two-Wheeler,Minor,0
7881,34,Kokar,23.3565,85.2985,2021-04-18,11:41:00,Sunday,Foggy,Chowk/Intersection,Medium,Auto-Rickshaw,Minor,0
19,35,Hinoo,23.3289419,85.3170052,2023-12-31,17:31:00,Sunday,Rainy,Chowk/Intersection,High,Truck,Minor,0
21,35,Hinoo,23.3289419,85.3170052,2023-02-21,18:50:00,Tuesday,Foggy,Main Road,High,Two-Wheeler,Minor,0
31,35,Hinoo,23.3289419,85.3170052,2021-04-18,19:49:00,Sunday,Clear,Chowk/Intersection,Medium,Truck,Minor,1
93,35,Hinoo,23.3289419,85.3170052,2025-02-02,20:15:00,Sunday,Clear,Chowk/Intersection,Medium,Auto-Rickshaw,Minor,0
175,35,Hinoo,23.3289419,85.3170052,2022-08-11,06:54:00,Thursday,Rainy,Main Road,Medium,Car,Minor,0
271,35,Hinoo,23.3289419,85.3170052,2021-01-28,18:19:00,Thursday,Foggy,Highway,High,Bus,Serious,2
309,35,Hinoo,23.3289419,85.3170052,2025-05-27,16:19:00,Tuesday,Clear,Residential Road,High,Car,Minor,0
323,35,Hinoo,23.3289419,85.3170052,2021-09-18,17:19:00,Saturday,Clear,Chowk/Intersection,Low,Car,Serious,3
329,35,Hinoo,23.3289419,85.3170052,2022-04-28,08:51:00,Thursday,Foggy,Residential Road,High,Auto-Rickshaw,Minor,0
331,35,Hinoo,23.3289419,85.3170052,2024-02-04,10:08:00,Sunday,Clear,Chowk/Intersection,Low,Car,Minor,1
338,35,Hinoo,23.3289419,85.3170052,2025-01-14,10:03:00,Tuesday,Clear,Chowk/Intersection,Low,Two-Wheeler,Minor,1
341,35,Hinoo,23.3289419,85.3170052,2023-01-02,18:54:00,Monday,Rainy,Chowk/Intersection,High,Auto-Rickshaw,Fatal,1
405,35,Hinoo,23.3289419,85.3170052,2022-04-20,16:42:00,Wednesday,Rainy,Main Road,Medium,Two-Wheeler,Serious,1
411,35,Hinoo,23.3289419,85.3170052,2023-05-21,08:58:00,Sunday,Clear,Chowk/Intersection,Low,Car,Serious,2
440,35,Hinoo,23.3289419,85.3170052,2023-08-29,12:26:00,Tuesday,Clear,Chowk/Intersection,High,Two-Wheeler,Minor,0
541,35,Hinoo,23.3289419,85.3170052,2021-05-25,16:16:00,Tuesday,Clear,Residential Road,High,Car,Minor,0
566,35,Hinoo,23.3289419,85.3170052,2021-08-17,20:28:00,Tuesday,Clear,Highway,High,Car,Serious,1
576,35,Hinoo,23.3289419,85.3170052,2022-06-23,09:54:00,Thursday,Clear,Highway,Medium,Auto-Rickshaw,Serious,1
594,35,Hinoo,23.3289419,85.3170052,2025-06-24,19:54:00,Tuesday,Foggy,Chowk/Intersection,Medium,Truck,Minor,0
608,35,Hinoo,23.3289419,85.3170052,2025-06-26,17:30:00,Thursday,Clear,Chowk/Intersection,Medium,Two-Wheeler,Minor,1
655,35,Hinoo,23.3289419,85.3170052,2025-05-19,17:31:00,Monday,Rainy,Main Road,Medium,Car,Serious,1
747,35,Hinoo,23.3289419,85.3170052,2025-03-08,18:49:00,Saturday,Clear,Chowk/Intersection,High,Two-Wheeler,Serious,1
800,35,Hinoo,23.3289419,85.3170052,2025-08-06,11:36:00,Wednesday,Clear,Main Road,Medium,Two-Wheeler,Serious,1
821,35,Hinoo,23.3289419,85.3170052,2022-08-17,08:42:00,Wednesday,Clear,Highway,Low,Two-Wheeler,Serious,2
824,35,Hinoo,23.3289419,85.3170052,2024-06-29,10:35:00,Saturday,Clear,Main Road,High,Auto-Rickshaw,Minor,0
866,35,Hinoo,23.3289419,85.3170052,2021-07-12,10:47:00,Monday,Clear,Chowk/Intersection,Medium,Two-Wheeler,Minor,0
872,35,Hinoo,23.3289419,85.3170052,2022-05-26,07:49:00,Thursday,Rainy,Highway,Low,Two-Wheeler,Serious,1
884,35,Hinoo,23.3289419,85.3170052,2024-07-21,21:54:00,Sunday,Clear,Highway,Low,Car,Serious,3
914,35,Hinoo,23.3289419,85.3170052,2024-10-06,08:37:00,Sunday,Rainy,Residential Road,Medium,Two-Wheeler,Minor,0
941,35,Hinoo,23.3289419,85.3170052,2025-06-07,19:08:00,Saturday,Clear,Main Road,Low,Two-Wheeler,Minor,0
943,35,Hinoo,23.3289419,85.3170052,2023-08-07,10:03:00,Monday,Clear,Chowk/Intersection,Medium,Two-Wheeler,Minor,0
954,35,Hinoo,23.3289419,85.3170052,2023-05-25,19:16:00,Thursday,Clear,Residential Road,High,Two-Wheeler,Minor,0
963,35,Hinoo,23.3289419,85.3170052,2023-04-26,19:26:00,Wednesday,Clear,Main Road,Low,Car,Minor,0
973,35,Hinoo,23.3289419,85.3170052,2023-10-02,06:37:00,Monday,Rainy,Chowk/Intersection,Low,Car,Minor,0
1097,35,Hinoo,23.3289419,85.3170052,2021-04-07,17:55:00,Wednesday,Rainy,Main Road,Low,Car,Minor,0
1120,35,Hinoo,23.3289419,85.3170052,2025-09-12,17:59:00,Friday,Rainy,Chowk/Intersection,Medium,Car,Serious,1
1123,35,Hinoo,23.3289419,85.3170052,2021-04-29,06:38:00,Thursday,Clear,Chowk/Intersection,Medium,Auto-Rickshaw,Minor,1
1182,35,Hinoo,23.3289419,85.3170052,2024-07-10,10:33:00,Wednesday,Clear,Residential Road,Medium,Two-Wheeler,Minor,0
1196,35,Hinoo,23.3289419,85.3170052,2025-01-12,17:44:00,Sunday,Stormy,Chowk/Intersection,Medium,Two-Wheeler,Minor,0
1216,35,Hinoo,23.3289419,85.3170052,2024-08-15,07:16:00,Thursday,Foggy,Residential Road,Medium,Two-Wheeler,Serious,2
1217,35,Hinoo,23.3289419,85.3170052,2022-10-19,19:49:00,Wednesday,Rainy,Highway,Low,Two-Wheeler,Minor,0
1254,35,Hinoo,23.3289419,85.3170052,2025-02-09,09:20:00,Sunday,Clear,Highway,Medium,Two-Wheeler,Serious,2
1257,35,Hinoo,23.3289419,85.3170052,2023-09-29,18:29:00,Friday,Foggy,Highway,Low,Auto-Rickshaw,Serious,1
1300,35,Hinoo,23.3289419,85.3170052,2023-04-25,18:06:00,Tuesday,Clear,Main Road,High,Car,Minor,1
1301,35,Hinoo,23.3289419,85.3170052,2023-05-18,19:34:00,Thursday,Clear,Chowk/Intersection,High,Two-Wheeler,Serious,1
1331,35,Hinoo,23.3289419,85.3170052,2025-02-19,17:36:00,Wednesday,Stormy,Residential Road,Medium,Truck,Fatal,2
1343,35,Hinoo,23.3289419,85.3170052,2023-05-30,09:28:00,Tuesday,Clear,Main Road,Medium,Two-Wheeler,Minor,0
1354,35,Hinoo,23.3289419,85.3170052,2023-05-29,07:02:00,Monday,Rainy,Residential Road,Medium,Auto-Rickshaw,Minor,0
1355,35,Hinoo,23.3289419,85.3170052,2023-05-03,11:04:00,Wednesday,Rainy,Main Road,High,Truck,Minor,0
1384,35,Hinoo,23.3289419,85.3170052,2025-01-11,07:16:00,Saturday,Clear,Residential Road,Medium,Two-Wheeler,Minor,0
1404,35,Hinoo,23.3289419,85.3170052,2024-08-26,21:51:00,Monday,Clear,Highway,Medium,Two-Wheeler,Fatal,3
1440,35,Hinoo,23.3289419,85.3170052,2021-10-16,17:30:00,Saturday,Clear,Chowk/Intersection,Medium,Auto-Rickshaw,Minor,0
1446,35,Hinoo,23.3289419,85.3170052,2022-07-25,17:30:00,Monday,Clear,Residential Road,High,Car,Minor,0
1476,35,Hinoo,23.3289419,85.3170052,2023-06-16,17:50:00,Friday,Clear,Highway,High,Two-Wheeler,Minor,0
1480,35,Hinoo,23.3289419,85.3170052,2025-09-06,08:48:00,Saturday,Clear,Main Road,Low,Car,Serious,1
1500,35,Hinoo,23.3289419,85.3170052,2025-06-16,10:59:00,Monday,Foggy,Chowk/Intersection,Medium,Truck,Minor,0
1551,35,Hinoo,23.3289419,85.3170052,2024-03-18,11:53:00,Monday,Foggy,Residential Road,Medium,Two-Wheeler,Minor,0
1560,35,Hinoo,23.3289419,85.3170052,2023-01-25,18:28:00,Wednesday,Foggy,Chowk/Intersection,Medium,Two-Wheeler,Minor,0
1569,35,Hinoo,23.3289419,85.3170052,2025-02-02,08:19:00,Sunday,Clear,Chowk/Intersection,High,Two-Wheeler,Minor,1
1608,35,Hinoo,23.3289419,85.3170052,2022-09-25,08:38:00,Sunday,Rainy,Chowk/Intersection,Medium,Two-Wheeler,Minor,0
1622,35,Hinoo,23.3289419,85.3170052,2022-11-08,15:55:00,Tuesday,Foggy,Residential Road,High,Two-Wheeler,Serious,3
1689,35,Hinoo,23.3289419,85.3170052,2025-10-11,18:45:00,Saturday,Clear,Residential Road,Medium,Two-Wheeler,Minor,0
1714,35,Hinoo,23.3289419,85.3170052,2025-06-09,09:57:00,Monday,Clear,Chowk/Intersection,Low,Car,Minor,1
1719,35,Hinoo,23.3289419,85.3170052,2022-06-30,10:04:00,Thursday,Clear,Main Road,Medium,Two-Wheeler,Fatal,2
1776,35,Hinoo,23.3289419,85.3170052,2024-07-12,17:16:00,Friday,Clear,Residential Road,Medium,Car,Minor,1
1782,35,Hinoo,23.3289419,85.3170052,2023-01-30,19:56:00,Monday,Clear,Main Road,Medium,Auto-Rickshaw,Minor,0
1784,35,Hinoo,23.3289419,85.3170052,2025-03-07,19:46:00,Friday,Rainy,Main Road,High,Car,Serious,2
1921,35,Hinoo,23.3289419,85.3170052,2022-09-02,18:30:00,Friday,Clear,Highway,High,Car,Minor,0
1927,35,Hinoo,23.3289419,85.3170052,2021-09-02,07:59:00,Thursday,Clear,Chowk/Intersection,High,Two-Wheeler,Minor,1
1930,35,Hinoo,23.3289419,85.3170052,2023-08-21,18:09:00,Monday,Clear,Chowk/Intersection,Medium,Auto-Rickshaw,Serious,3
1968,35,Hinoo,23.3289419,85.3170052,2025-05-01,09:12:00,Thursday,Rainy,Main Road,High,Two-Wheeler,Serious,1
1975,35,Hinoo,23.3289419,85.3170052,2023-05-23,18:31:00,Tuesday,Clear,Chowk/Intersection,High,Two-Wheeler,Minor,1
1994,35,Hinoo,23.3289419,85.3170052,2021-12-14,07:00:00,Tuesday,Foggy,Highway,Medium,Auto-Rickshaw,Minor,0
2025,35,Hinoo,23.3289419,85.3170052,2022-10-19,18:45:00,Wednesday,Clear,Highway,High,Two-Wheeler,Minor,1
2091,35,Hinoo,23.3289419,85.3170052,2021-08-22,08:41:00,Sunday,Foggy,Main Road,High,Bus,Fatal,4
2096,35,Hinoo,23.3289419,85.3170052,2025-10-26,08:10:00,Sunday,Clear,Main Road,Medium,Two-Wheeler,Minor,0
2128,35,Hinoo,23.3289419,85.3170052,2024-08-28,18:54:00,Wednesday,Clear,Chowk/Intersection,High,Two-Wheeler,Minor,1
2130,35,Hinoo,23.3289419,85.3170052,2025-09-24,16:08:00,Wednesday,Clear,Chowk/Intersection,Medium,Two-Wheeler,Serious,2
2137,35,Hinoo,23.3289419,85.3170052,2021-01-06,08:26:00,Wednesday,Foggy,Main Road,Medium,Two-Wheeler,Minor,1
2213,35,Hinoo,23.3289419,85.3170052,2021-11-02,17:00:00,Tuesday,Clear,Highway,High,Bus,Serious,1
2264,35,Hinoo,23.3289419,85.3170052,2024-04-12,17:48:00,Friday,Clear,Main Road,High,Two-Wheeler,Minor,0
2267,35,Hinoo,23.3289419,85.3170052,2025-09-20,17:29:00,Saturday,Clear,Chowk/Intersection,Low,Two-Wheeler,Minor,1
2283,35,Hinoo,23.3289419,85.3170052,2025-07-17,07:28:00,Thursday,Rainy,Main Road,Low,Auto-Rickshaw,Minor,0
2297,35,Hinoo,23.3289419,85.3170052,2021-04-01,10:20:00,Thursday,Clear,Main Road,High,Auto-Rickshaw,Serious,1
2298,35,Hinoo,23.3289419,85.3170052,2025-11-07,12:12:00,Friday,Rainy,Chowk/Intersection,Low,Car,Minor,0
2359,35,Hinoo,23.3289419,85.3170052,2021-10-16,08:54:00,Saturday,Clear,Chowk/Intersection,High,Two-Wheeler,Serious,2
2384,35,Hinoo,23.3289419,85.3170052,2021-09-25,09:30:00,Saturday,Rainy,Highway,High,Truck,Minor,0
2401,35,Hinoo,23.3289419,85.3170052,2021-06-20,17:03:00,Sunday,Rainy,Highway,High,Bus,Serious,1
2429,35,Hinoo,23.3289419,85.3170052,2024-01-14,17:43:00,Sunday,Stormy,Chowk/Intersection,High,Car,Minor,0
2451,35,Hinoo,23.3289419,85.3170052,2023-07-16,20:23:00,Sunday,Clear,Main Road,Medium,Two-Wheeler,Minor,0
2453,35,Hinoo,23.3289419,85.3170052,2021-04-30,10:14:00,Friday,Clear,Main Road,Low,Auto-Rickshaw,Minor,1
2465,35,Hinoo,23.3289419,85.3170052,2025-08-26,08:19:00,Tuesday,Clear,Chowk/Intersection,High,Two-Wheeler,Minor,0
2470,35,Hinoo,23.3289419,85.3170052,2024-03-26,10:15:00,Tuesday,Clear,Chowk/Intersection,Medium,Car,Minor,1
2571,35,Hinoo,23.3289419,85.3170052,2021-04-27,19:44:00,Tuesday,Stormy,Highway,Medium,Two-Wheeler,Minor,1
2656,35,Hinoo,23.3289419,85.3170052,2021-09-17,08:50:00,Friday,Rainy,Residential Road,High,Two-Wheeler,Serious,1
2689,35,Hinoo,23.3289419,85.3170052,2021-12-23,17:06:00,Thursday,Clear,Main Road,Low,Car,Serious,1
2727,35,Hinoo,23.3289419,85.3170052,2025-04-07,19:26:00,Monday,Clear,Main Road,High,Two-Wheeler,Serious,3
2777,35,Hinoo,23.3289419,85.3170052,2023-10-29,20:09:00,Sunday,Foggy,Residential Road,Medium,Two-Wheeler,Minor,1
2785,35,Hinoo,23.3289419,85.3170052,2024-02-10,21:38:00,Saturday,Clear,Main Road,High,Truck,Serious,3
2806,35,Hinoo,23.3289419,85.3170052,2021-01-08,21:36:00,Friday,Clear,Highway,High,Bus,Serious,1
2824,35,Hinoo,23.3289419,85.3170052,2025-07-31,08:58:00,Thursday,Rainy,Chowk/Intersection,High,Car,Minor,0
2830,35,Hinoo,23.3289419,85.3170052,2025-12-24,20:23:00,Wednesday,Clear,Main Road,High,Two-Wheeler,Minor,0
2836,35,Hinoo,23.3289419,85.3170052,2025-09-17,20:46:00,Wednesday,Clear,Main Road,High,Two-Wheeler,Serious,2
2849,35,Hinoo,23.3289419,85.3170052,2023-03-29,17:38:00,Wednesday,Clear,Residential Road,Medium,Two-Wheeler,Serious,2
2871,35,Hinoo,23.3289419,85.3170052,2023-09-06,09:22:00,Wednesday,Rainy,Highway,Medium,Two-Wheeler,Minor,0
2872,35,Hinoo,23.3289419,85.3170052,2023-10-28,16:31:00,Saturday,Rainy,Chowk/Intersection,High,Two-Wheeler,Serious,1
2895,35,Hinoo,23.3289419,85.3170052,2024-06-02,17:01:00,Sunday,Rainy,Highway,Low,Auto-Rickshaw,Minor,0
2901,35,Hinoo,23.3289419,85.3170052,2022-10-30,07:39:00,Sunday,Rainy,Chowk/Intersection,Low,Auto-Rickshaw,Minor,0
2907,35,Hinoo,23.3289419,85.3170052,2025-08-04,20:16:00,Monday,Clear,Highway,Low,Truck,Serious,1
2948,35,Hinoo,23.3289419,85.3170052,2023-03-09,09:00:00,Thursday,Foggy,Main Road,Medium,Two-Wheeler,Minor,0
3073,35,Hinoo,23.3289419,85.3170052,2022-04-03,16:19:00,Sunday,Clear,Main Road,High,Two-Wheeler,Minor,0
3085,35,Hinoo,23.3289419,85.3170052,2022-05-13,18:07:00,Friday,Clear,Main Road,High,Auto-Rickshaw,Fatal,1
3093,35,Hinoo,23.3289419,85.3170052,2021-07-31,20:22:00,Saturday,Clear,Residential Road,Low,Car,Serious,2
3143,35,Hinoo,23.3289419,85.3170052,2022-07-30,07:33:00,Saturday,Clear,Main Road,High,Two-Wheeler,Serious,1
3153,35,Hinoo,23.3289419,85.3170052,2023-09-11,16:01:00,Monday,Rainy,Highway,Medium,Bus,Serious,3
3159,35,Hinoo,23.3289419,85.3170052,2024-09-16,08:39:00,Monday,Clear,Chowk/Intersection,High,Car,Minor,1
3163,35,Hinoo,23.3289419,85.3170052,2024-05-29,08:56:00,Wednesday,Clear,Highway,Medium,Two-Wheeler,Minor,0
3180,35,Hinoo,23.3289419,85.3170052,2023-03-26,19:07:00,Sunday,Clear,Main Road,Medium,Truck,Minor,0
3214,35,Hinoo,23.3289419,85.3170052,2022-10-22,09:47:00,Saturday,Clear,Highway,High,Two-Wheeler,Serious,2
3224,35,Hinoo,23.3289419,85.3170052,2024-06-14,18:45:00,Friday,Rainy,Main Road,High,Two-Wheeler,Serious,1
3246,35,Hinoo,23.3289419,85.3170052,2025-03-27,16:36:00,Thursday,Rainy,Residential Road,Low,Two-Wheeler,Minor,1
3247,35,Hinoo,23.3289419,85.3170052,2022-11-04,17:59:00,Friday,Rainy,Chowk/Intersection,High,Two-Wheeler,Minor,1
3275,35,Hinoo,23.3289419,85.3170052,2025-02-08,16:00:00,Saturday,Clear,Highway,Medium,Two-Wheeler,Serious,1
3343,35,Hinoo,23.3289419,85.3170052,2023-08-22,15:16:00,Tuesday,Clear,Main Road,Medium,Two-Wheeler,Serious,1
3426,35,Hinoo,23.3289419,85.3170052,2022-09-08,18:45:00,Thursday,Stormy,Residential Road,High,Two-Wheeler,Minor,1
3440,35,Hinoo,23.3289419,85.3170052,2023-10-12,19:04:00,Thursday,Clear,Chowk/Intersection,Medium,Two-Wheeler,Fatal,1
3447,35,Hinoo,23.3289419,85.3170052,2023-11-30,16:49:00,Thursday,Clear,Highway,Medium,Bus,Minor,0
3449,35,Hinoo,23.3289419,85.3170052,2022-05-08,17:02:00,Sunday,Clear,Chowk/Intersection,Medium,Two-Wheeler,Minor,0
3457,35,Hinoo,23.3289419,85.3170052,2025-05-22,07:21:00,Thursday,Clear,Highway,High,Bus,Fatal,1
3508,35,Hinoo,23.3289419,85.3170052,2023-08-31,17:43:00,Thursday,Rainy,Residential Road,Medium,Two-Wheeler,Minor,0
3623,35,Hinoo,23.3289419,85.3170052,2021-09-01,17:23:00,Wednesday,Clear,Residential Road,Medium,Auto-Rickshaw,Minor,0
3638,35,Hinoo,23.3289419,85.3170052,2022-05-27,11:23:00,Friday,Rainy,Chowk/Intersection,Low,Truck,Minor,0
3647,35,Hinoo,23.3289419,85.3170052,2022-02-24,10:38:00,Thursday,Foggy,Highway,Low,Two-Wheeler,Minor,0
3711,35,Hinoo,23.3289419,85.3170052,2023-01-10,20:55:00,Tuesday,Clear,Main Road,Medium,Two-Wheeler,Minor,0
3728,35,Hinoo,23.3289419,85.3170052,2021-04-02,19:48:00,Friday,Clear,Main Road,Low,Two-Wheeler,Minor,0
3730,35,Hinoo,23.3289419,85.3170052,2024-08-14,08:33:00,Wednesday,Clear,Highway,Low,Two-Wheeler,Minor,1
3759,35,Hinoo,23.3289419,85.3170052,2022-11-12,09:59:00,Saturday,Clear,Residential Road,Medium,Auto-Rickshaw,Serious,1
3789,35,Hinoo,23.3289419,85.3170052,2025-09-24,15:47:00,Wednesday,Clear,Chowk/Intersection,Medium,Two-Wheeler,Minor,0
3795,35,Hinoo,23.3289419,85.3170052,2022-06-11,07:39:00,Saturday,Rainy,Chowk/Intersection,Medium,Two-Wheeler,Minor,0
3818,35,Hinoo,23.3289419,85.3170052,2024-06-14,21:47:00,Friday,Clear,Highway,Medium,Two-Wheeler,Minor,0
3891,35,Hinoo,23.3289419,85.3170052,2022-01-21,09:44:00,Friday,Clear,Residential Road,Medium,Two-Wheeler,Minor,0
3947,35,Hinoo,23.3289419,85.3170052,2021-01-15,20:54:00,Friday,Clear,Residential Road,Medium,Two-Wheeler,Serious,1
3978,35,Hinoo,23.3289419,85.3170052,2021-06-24,08:50:00,Thursday,Rainy,Highway,High,Car,Fatal,1
3979,35,Hinoo,23.3289419,85.3170052,2025-04-03,17:37:00,Thursday,Rainy,Main Road,High,Auto-Rickshaw,Minor,1
4014,35,Hinoo,23.3289419,85.3170052,2023-08-19,08:52:00,Saturday,Rainy,Highway,Medium,Two-Wheeler,Minor,1
4088,35,Hinoo,23.3289419,85.3170052,2022-03-20,10:03:00,Sunday,Clear,Chowk/Intersection,Medium,Bus,Minor,1
4093,35,Hinoo,23.3289419,85.3170052,2021-04-13,20:49:00,Tuesday,Stormy,Highway,High,Truck,Fatal,2
4129,35,Hinoo,23.3289419,85.3170052,2024-01-20,19:36:00,Saturday,Clear,Highway,High,Bus,Minor,0
4132,35,Hinoo,23.3289419,85.3170052,2021-11-11,21:06:00,Thursday,Clear,Chowk/Intersection,Medium,Car,Minor,0
4158,35,Hinoo,23.3289419,85.3170052,2024-07-13,18:31:00,Saturday,Clear,Main Road,Medium,Two-Wheeler,Minor,1
4198,35,Hinoo,23.3289419,85.3170052,2021-04-14,19:28:00,Wednesday,Clear,Main Road,Medium,Truck,Minor,0
4238,35,Hinoo,23.3289419,85.3170052,2022-10-18,09:12:00,Tuesday,Foggy,Main Road,High,Two-Wheeler,Fatal,1
4252,35,Hinoo,23.3289419,85.3170052,2025-07-01,07:05:00,Tuesday,Rainy,Main Road,Medium,Two-Wheeler,Fatal,2
4280,35,Hinoo,23.3289419,85.3170052,2022-09-07,09:32:00,Wednesday,Clear,Chowk/Intersection,Low,Two-Wheeler,Minor,0
4346,35,Hinoo,23.3289419,85.3170052,2025-06-18,08:24:00,Wednesday,Rainy,Main Road,Medium,Truck,Serious,1
4352,35,Hinoo,23.3289419,85.3170052,2021-08-17,10:34:00,Tuesday,Clear,Chowk/Intersection,High,Car,Minor,0
4378,35,Hinoo,23.3289419,85.3170052,2022-12-13,10:40:00,Tuesday,Rainy,Chowk/Intersection,Medium,Bus,Fatal,2
4382,35,Hinoo,23.3289419,85.3170052,2025-11-01,07:29:00,Saturday,Rainy,Residential Road,High,Two-Wheeler,Minor,0
4405,35,Hinoo,23.3289419,85.3170052,2023-08-15,09:26:00,Tuesday,Clear,Chowk/Intersection,Medium,Two-Wheeler,Minor,0
4408,35,Hinoo,23.3289419,85.3170052,2022-07-05,14:36:00,Tuesday,Clear,Highway,High,Two-Wheeler,Minor,0
4418,35,Hinoo,23.3289419,85.3170052,2021-03-01,19:57:00,Monday,Clear,Chowk/Intersection,Low,Truck,Fatal,2
4468,35,Hinoo,23.3289419,85.3170052,2022-11-22,19:54:00,Tuesday,Stormy,Main Road,Low,Two-Wheeler,Minor,0
4474,35,Hinoo,23.3289419,85.3170052,2023-06-29,18:44:00,Thursday,Clear,Chowk/Intersection,Medium,Bus,Serious,1
4539,35,Hinoo,23.3289419,85.3170052,2022-01-21,07:51:00,Friday,Clear,Main Road,Low,Auto-Rickshaw,Minor,0
4546,35,Hinoo,23.3289419,85.3170052,2021-07-17,20:33:00,Saturday,Clear,Residential Road,High,Auto-Rickshaw,Serious,3
4603,35,Hinoo,23.3289419,85.3170052,2025-12-05,16:02:00,Friday,Clear,Highway,High,Two-Wheeler,Serious,2
4616,35,Hinoo,23.3289419,85.3170052,2021-08-24,09:43:00,Tuesday,Clear,Highway,Medium,Two-Wheeler,Serious,2
4622,35,Hinoo,23.3289419,85.3170052,2024-03-22,19:54:00,Friday,Clear,Chowk/Intersection,Medium,Car,Serious,1
4624,35,Hinoo,23.3289419,85.3170052,2025-01-22,18:36:00,Wednesday,Clear,Residential Road,High,Auto-Rickshaw,Minor,0
4636,35,Hinoo,23.3289419,85.3170052,2025-05-24,21:54:00,Saturday,Foggy,Highway,Low,Bus,Minor,0
4696,35,Hinoo,23.3289419,85.3170052,2025-11-25,19:46:00,Tuesday,Clear,Main Road,High,Two-Wheeler,Minor,0
4706,35,Hinoo,23.3289419,85.3170052,2025-06-20,08:05:00,Friday,Rainy,Main Road,High,Two-Wheeler,Serious,1
4763,35,Hinoo,23.3289419,85.3170052,2025-04-28,07:18:00,Monday,Rainy,Residential Road,Low,Two-Wheeler,Fatal,2
4767,35,Hinoo,23.3289419,85.3170052,2023-06-27,08:34:00,Tuesday,Clear,Main Road,Medium,Truck,Minor,0
4789,35,Hinoo,23.3289419,85.3170052,2021-12-06,20:06:00,Monday,Rainy,Chowk/Intersection,Medium,Auto-Rickshaw,Minor,0
4904,35,Hinoo,23.3289419,85.3170052,2025-04-30,09:53:00,Wednesday,Rainy,Residential Road,Low,Auto-Rickshaw,Serious,3
4912,35,Hinoo,23.3289419,85.3170052,2024-07-27,17:50:00,Saturday,Rainy,Main Road,Medium,Bus,Serious,3
4950,35,Hinoo,23.3289419,85.3170052,2025-06-04,19:45:00,Wednesday,Clear,Main Road,Low,Truck,Minor,1
5015,35,Hinoo,23.3289419,85.3170052,2025-04-27,17:52:00,Sunday,Clear,Highway,High,Two-Wheeler,Minor,0
5039,35,Hinoo,23.3289419,85.3170052,2022-07-04,19:05:00,Monday,Foggy,Highway,High,Two-Wheeler,Serious,1
5056,35,Hinoo,23.3289419,85.3170052,2022-03-04,17:21:00,Friday,Rainy,Chowk/Intersection,Medium,Two-Wheeler,Minor,1
5095,35,Hinoo,23.3289419,85.3170052,2023-02-15,17:27:00,Wednesday,Clear,Highway,Medium,Bus,Fatal,1
5151,35,Hinoo,23.3289419,85.3170052,2023-12-30,08:16:00,Saturday,Rainy,Main Road,Medium,Bus,Minor,0
5159,35,Hinoo,23.3289419,85.3170052,2022-08-05,17:07:00,Friday,Rainy,Highway,Medium,Two-Wheeler,Minor,0
5186,35,Hinoo,23.3289419,85.3170052,2022-06-02,07:09:00,Thursday,Stormy,Main Road,Medium,Two-Wheeler,Minor,0
5187,35,Hinoo,23.3289419,85.3170052,2023-07-28,17:58:00,Friday,Clear,Highway,High,Car,Minor,0
5190,35,Hinoo,23.3289419,85.3170052,2021-06-17,19:00:00,Thursday,Clear,Chowk/Intersection,Medium,Two-Wheeler,Serious,1
5199,35,Hinoo,23.3289419,85.3170052,2023-08-26,14:08:00,Saturday,Clear,Chowk/Intersection,Medium,Two-Wheeler,Minor,1
5214,35,Hinoo,23.3289419,85.3170052,2025-04-23,07:35:00,Wednesday,Clear,Main Road,Medium,Truck,Minor,0
5219,35,Hinoo,23.3289419,85.3170052,2023-10-03,07:32:00,Tuesday,Rainy,Main Road,High,Two-Wheeler,Minor,0
5225,35,Hinoo,23.3289419,85.3170052,2021-08-03,07:46:00,Tuesday,Clear,Main Road,High,Two-Wheeler,Minor,0
5255,35,Hinoo,23.3289419,85.3170052,2022-09-29,19:40:00,Thursday,Clear,Chowk/Intersection,Low,Two-Wheeler,Serious,1
5323,35,Hinoo,23.3289419,85.3170052,2023-02-10,10:46:00,Friday,Clear,Main Road,High,Car,Minor,0
5334,35,Hinoo,23.3289419,85.3170052,2023-11-02,10:50:00,Thursday,Clear,Highway,High,Two-Wheeler,Minor,0
5346,35,Hinoo,23.3289419,85.3170052,2022-12-06,07:29:00,Tuesday,Clear,Chowk/Intersection,Medium,Car,Serious,2
5362,35,Hinoo,23.3289419,85.3170052,2023-09-12,09:14:00,Tuesday,Clear,Main Road,High,Two-Wheeler,Serious,3
5366,35,Hinoo,23.3289419,85.3170052,2023-01-29,18:23:00,Sunday,Rainy,Main Road,High,Two-Wheeler,Minor,1
5503,35,Hinoo,23.3289419,85.3170052,2022-04-21,17:05:00,Thursday,Clear,Residential Road,Medium,Two-Wheeler,Minor,0
5547,35,Hinoo,23.3289419,85.3170052,2024-07-02,17:46:00,Tuesday,Clear,Chowk/Intersection,Low,Two-Wheeler,Fatal,2
5566,35,Hinoo,23.3289419,85.3170052,2025-11-19,09:08:00,Wednesday,Clear,Chowk/Intersection,High,Bus,Serious,2
5570,35,Hinoo,23.3289419,85.3170052,2025-05-15,08:43:00,Thursday,Clear,Main Road,Medium,Two-Wheeler,Minor,0
5573,35,Hinoo,23.3289419,85.3170052,2024-06-20,18:16:00,Thursday,Foggy,Residential Road,Low,Car,Minor,0
5575,35,Hinoo,23.3289419,85.3170052,2022-03-27,08:28:00,Sunday,Clear,Chowk/Intersection,High,Auto-Rickshaw,Serious,1
5577,35,Hinoo,23.3289419,85.3170052,2021-06-04,17:05:00,Friday,Clear,Main Road,Low,Two-Wheeler,Minor,0
5585,35,Hinoo,23.3289419,85.3170052,2025-08-31,18:02:00,Sunday,Rainy,Highway,Medium,Auto-Rickshaw,Fatal,2
5609,35,Hinoo,23.3289419,85.3170052,2023-06-29,18:34:00,Thursday,Clear,Main Road,High,Auto-Rickshaw,Minor,0
5638,35,Hinoo,23.3289419,85.3170052,2023-06-12,07:34:00,Monday,Clear,Highway,Medium,Car,Fatal,1
5649,35,Hinoo,23.3289419,85.3170052,2021-02-28,18:56:00,Sunday,Clear,Highway,Low,Car,Fatal,1
5724,35,Hinoo,23.3289419,85.3170052,2021-06-02,09:24:00,Wednesday,Clear,Chowk/Intersection,Medium,Two-Wheeler,Serious,1
5725,35,Hinoo,23.3289419,85.3170052,2022-08-31,05:13:00,Wednesday,Clear,Chowk/Intersection,Low,Truck,Serious,3
5759,35,Hinoo,23.3289419,85.3170052,2022-07-18,07:12:00,Monday,Clear,Chowk/Intersection,Medium,Two-Wheeler,Minor,0
5801,35,Hinoo,23.3289419,85.3170052,2025-09-17,17:58:00,Wednesday,Stormy,Main Road,Medium,Car,Minor,0
5803,35,Hinoo,23.3289419,85.3170052,2023-07-28,07:54:00,Friday,Stormy,Chowk/Intersection,Low,Auto-Rickshaw,Minor,1
5934,35,Hinoo,23.3289419,85.3170052,2021-06-22,06:50:00,Tuesday,Clear,Main Road,High,Two-Wheeler,Minor,0
5936,35,Hinoo,23.3289419,85.3170052,2025-10-03,09:55:00,Friday,Clear,Chowk/Intersection,Low,Two-Wheeler,Minor,0
5962,35,Hinoo,23.3289419,85.3170052,2025-12-18,19:42:00,Thursday,Foggy,Chowk/Intersection,Low,Two-Wheeler,Serious,1
6021,35,Hinoo,23.3289419,85.3170052,2022-12-14,08:28:00,Wednesday,Rainy,Highway,Medium,Two-Wheeler,Minor,0
6042,35,Hinoo,23.3289419,85.3170052,2021-09-14,07:15:00,Tuesday,Clear,Highway,Medium,Two-Wheeler,Serious,2
6047,35,Hinoo,23.3289419,85.3170052,2022-03-08,08:01:00,Tuesday,Clear,Chowk/Intersection,High,Two-Wheeler,Serious,1
6054,35,Hinoo,23.3289419,85.3170052,2021-11-28,08:10:00,Sunday,Stormy,Highway,High,Two-Wheeler,Fatal,1
6069,35,Hinoo,23.3289419,85.3170052,2023-09-23,17:56:00,Saturday,Clear,Highway,High,Car,Minor,0
6191,35,Hinoo,23.3289419,85.3170052,2022-03-27,07:59:00,Sunday,Stormy,Main Road,High,Two-Wheeler,Minor,0
6264,35,Hinoo,23.3289419,85.3170052,2024-12-18,21:55:00,Wednesday,Clear,Chowk/Intersection,Low,Auto-Rickshaw,Fatal,1
6290,35,Hinoo,23.3289419,85.3170052,2022-09-20,19:43:00,Tuesday,Rainy,Chowk/Intersection,Medium,Car,Minor,1
6293,35,Hinoo,23.3289419,85.3170052,2022-10-14,07:08:00,Friday,Clear,Highway,Medium,Car,Minor,1
6296,35,Hinoo,23.3289419,85.3170052,2024-05-05,08:49:00,Sunday,Clear,Main Road,High,Two-Wheeler,Minor,0
6332,35,Hinoo,23.3289419,85.3170052,2024-05-05,17:59:00,Sunday,Foggy,Chowk/Intersection,High,Auto-Rickshaw,Serious,3
6349,35,Hinoo,23.3289419,85.3170052,2024-12-12,19:53:00,Thursday,Clear,Main Road,Medium,Two-Wheeler,Minor,1
6379,35,Hinoo,23.3289419,85.3170052,2024-01-24,18:46:00,Wednesday,Clear,Main Road,Medium,Car,Minor,1
6403,35,Hinoo,23.3289419,85.3170052,2025-05-23,17:51:00,Friday,Clear,Main Road,High,Two-Wheeler,Fatal,3
6417,35,Hinoo,23.3289419,85.3170052,2021-05-12,10:57:00,Wednesday,Foggy,Main Road,Medium,Two-Wheeler,Minor,1
6427,35,Hinoo,23.3289419,85.3170052,2022-06-11,17:56:00,Saturday,Foggy,Chowk/Intersection,Medium,Two-Wheeler,Minor,0
6438,35,Hinoo,23.3289419,85.3170052,2025-02-06,17:02:00,Thursday,Clear,Highway,Low,Two-Wheeler,Minor,0
6445,35,Hinoo,23.3289419,85.3170052,2023-09-02,10:59:00,Saturday,Clear,Chowk/Intersection,High,Car,Minor,0
6446,35,Hinoo,23.3289419,85.3170052,2022-12-15,16:42:00,Thursday,Clear,Main Road,High,Bus,Serious,2
6451,35,Hinoo,23.3289419,85.3170052,2024-11-23,09:21:00,Saturday,Clear,Chowk/Intersection,High,Auto-Rickshaw,Minor,0
6458,35,Hinoo,23.3289419,85.3170052,2023-04-18,09:14:00,Tuesday,Rainy,Highway,Medium,Bus,Serious,1
6471,35,Hinoo,23.3289419,85.3170052,2022-06-06,10:55:00,Monday,Rainy,Chowk/Intersection,Low,Car,Minor,0
6478,35,Hinoo,23.3289419,85.3170052,2023-12-11,18:29:00,Monday,Clear,Highway,High,Two-Wheeler,Minor,0
6586,35,Hinoo,23.3289419,85.3170052,2025-03-12,09:46:00,Wednesday,Clear,Main Road,Low,Two-Wheeler,Minor,0
6666,35,Hinoo,23.3289419,85.3170052,2023-09-25,07:23:00,Monday,Clear,Main Road,High,Bus,Serious,1
6679,35,Hinoo,23.3289419,85.3170052,2023-05-07,20:42:00,Sunday,Clear,Residential Road,Low,Truck,Minor,0
6794,35,Hinoo,23.3289419,85.3170052,2025-09-09,11:06:00,Tuesday,Rainy,Chowk/Intersection,High,Two-Wheeler,Minor,0
6826,35,Hinoo,23.3289419,85.3170052,2022-09-26,08:29:00,Monday,Clear,Main Road,Low,Two-Wheeler,Minor,0
6827,35,Hinoo,23.3289419,85.3170052,2023-04-26,05:37:00,Wednesday,Rainy,Residential Road,High,Bus,Minor,1
6874,35,Hinoo,23.3289419,85.3170052,2022-09-27,10:56:00,Tuesday,Clear,Highway,High,Two-Wheeler,Fatal,2
6894,35,Hinoo,23.3289419,85.3170052,2021-10-16,08:29:00,Saturday,Clear,Residential Road,Medium,Car,Minor,0
6906,35,Hinoo,23.3289419,85.3170052,2023-10-16,09:36:00,Monday,Stormy,Residential Road,High,Car,Minor,0
6911,35,Hinoo,23.3289419,85.3170052,2021-06-25,08:18:00,Friday,Rainy,Residential Road,Low,Car,Minor,0
6916,35,Hinoo,23.3289419,85.3170052,2023-01-27,18:10:00,Friday,Clear,Chowk/Intersection,High,Two-Wheeler,Fatal,2
6968,35,Hinoo,23.3289419,85.3170052,2025-10-06,09:53:00,Monday,Foggy,Highway,Medium,Bus,Serious,2
6986,35,Hinoo,23.3289419,85.3170052,2021-09-09,19:24:00,Thursday,Rainy,Chowk/Intersection,Medium,Auto-Rickshaw,Minor,0
7003,35,Hinoo,23.3289419,85.3170052,2022-10-04,19:19:00,Tuesday,Clear,Chowk/Intersection,Low,Car,Minor,0
7025,35,Hinoo,23.3289419,85.3170052,2024-02-23,18:06:00,Friday,Rainy,Main Road,Medium,Auto-Rickshaw,Minor,0
7049,35,Hinoo,23.3289419,85.3170052,2024-01-14,19:31:00,Sunday,Rainy,Chowk/Intersection,High,Two-Wheeler,Minor,0
7056,35,Hinoo,23.3289419,85.3170052,2025-01-05,17:51:00,Sunday,Rainy,Main Road,Low,Auto-Rickshaw,Fatal,1
7076,35,Hinoo,23.3289419,85.3170052,2021-02-05,10:59:00,Friday,Stormy,Main Road,High,Two-Wheeler,Serious,1
7089,35,Hinoo,23.3289419,85.3170052,2023-05-29,14:34:00,Monday,Clear,Highway,Low,Car,Serious,1
7111,35,Hinoo,23.3289419,85.3170052,2025-11-08,18:08:00,Saturday,Stormy,Main Road,Low,Two-Wheeler,Minor,0
7233,35,Hinoo,23.3289419,85.3170052,2021-07-12,18:16:00,Monday,Clear,Main Road,Medium,Two-Wheeler,Minor,0
7260,35,Hinoo,23.3289419,85.3170052,2022-08-07,20:46:00,Sunday,Clear,Chowk/Intersection,High,Auto-Rickshaw,Minor,0
7318,35,Hinoo,23.3289419,85.3170052,2023-12-11,14:28:00,Monday,Rainy,Highway,Low,Two-Wheeler,Serious,1
7328,35,Hinoo,23.3289419,85.3170052,2022-12-25,06:16:00,Sunday,Rainy,Highway,Medium,Two-Wheeler,Minor,0
7358,35,Hinoo,23.3289419,85.3170052,2023-03-19,17:21:00,Sunday,Clear,Main Road,High,Auto-Rickshaw,Minor,0
7379,35,Hinoo,23.3289419,85.3170052,2022-08-19,07:43:00,Friday,Clear,Chowk/Intersection,High,Car,Serious,1
7459,35,Hinoo,23.3289419,85.3170052,2024-10-19,17:45:00,Saturday,Rainy,Main Road,Medium,Two-Wheeler,Minor,0
7469,35,Hinoo,23.3289419,85.3170052,2025-04-11,17:55:00,Friday,Clear,Chowk/Intersection,High,Two-Wheeler,Minor,0
7483,35,Hinoo,23.3289419,85.3170052,2023-11-09,19:17:00,Thursday,Clear,Main Road,High,Two-Wheeler,Minor,1
7529,35,Hinoo,23.3289419,85.3170052,2022-11-12,17:55:00,Saturday,Clear,Highway,Low,Truck,Minor,0
7549,35,Hinoo,23.3289419,85.3170052,2022-12-15,10:32:00,Thursday,Foggy,Chowk/Intersection,Medium,Auto-Rickshaw,Minor,0
7560,35,Hinoo,23.3289419,85.3170052,2023-07-12,09:00:00,Wednesday,Clear,Main Road,High,Two-Wheeler,Minor,1
7579,35,Hinoo,23.3289419,85.3170052,2021-06-05,20:05:00,Saturday,Clear,Chowk/Intersection,Medium,Two-Wheeler,Minor,0
7592,35,Hinoo,23.3289419,85.3170052,2025-11-07,07:12:00,Friday,Clear,Main Road,High,Car,Minor,0
7660,35,Hinoo,23.3289419,85.3170052,2022-07-17,08:28:00,Sunday,Rainy,Highway,High,Car,Fatal,1
7674,35,Hinoo,23.3289419,85.3170052,2024-06-18,18:52:00,Tuesday,Clear,Chowk/Intersection,High,Auto-Rickshaw,Serious,3
7724,35,Hinoo,23.3289419,85.3170052,2023-03-28,06:52:00,Tuesday,Clear,Chowk/Intersection,High,Two-Wheeler,Minor,0
7743,35,Hinoo,23.3289419,85.3170052,2021-03-24,20:35:00,Wednesday,Clear,Main Road,High,Two-Wheeler,Minor,1
7764,35,Hinoo,23.3289419,85.3170052,2025-11-28,09:09:00,Friday,Clear,Main Road,Medium,Car,Serious,1
7785,35,Hinoo,23.3289419,85.3170052,2021-11-12,08:30:00,Friday,Rainy,Highway,High,Car,Minor,0
7890,35,Hinoo,23.3289419,85.3170052,2025-11-27,09:25:00,Thursday,Clear,Chowk/Intersection,High,Car,Minor,0
7891,35,Hinoo,23.3289419,85.3170052,2022-02-05,19:27:00,Saturday,Rainy,Main Road,High,Car,Minor,1
7940,35,Hinoo,23.3289419,85.3170052,2021-05-06,19:10:00,Thursday,Clear,Main Road,High,Two-Wheeler,Minor,1
7982,35,Hinoo,23.3289419,85.3170052,2022-08-07,07:49:00,Sunday,Clear,Residential Road,Medium,Two-Wheeler,Serious,1
7996,35,Hinoo,23.3289419,85.3170052,2025-10-20,09:32:00,Monday,Clear,Main Road,Medium,Two-Wheeler,Serious,1
37,36,Tupudana,23.2672312,85.3081941,2023-01-12,17:36:00,Thursday,Rainy,Chowk/Intersection,High,Two-Wheeler,Serious,3
130,36,Tupudana,23.2672312,85.3081941,2023-06-29,19:19:00,Thursday,Clear,Chowk/Intersection,Low,Car,Minor,1
200,36,Tupudana,23.2672312,85.3081941,2025-09-11,07:41:00,Thursday,Foggy,Chowk/Intersection,Low,Auto-Rickshaw,Serious,3
265,36,Tupudana,23.2672312,85.3081941,2022-05-04,09:43:00,Wednesday,Clear,Chowk/Intersection,High,Two-Wheeler,Minor,0
303,36,Tupudana,23.2672312,85.3081941,2024-04-20,09:42:00,Saturday,Clear,Chowk/Intersection,High,Car,Serious,2
449,36,Tupudana,23.2672312,85.3081941,2021-06-09,17:03:00,Wednesday,Rainy,Chowk/Intersection,Medium,Car,Minor,0
516,36,Tupudana,23.2672312,85.3081941,2024-11-11,19:17:00,Monday,Clear,Main Road,Medium,Two-Wheeler,Minor,1
570,36,Tupudana,23.2672312,85.3081941,2023-09-26,09:57:00,Tuesday,Clear,Residential Road,Low,Two-Wheeler,Minor,0
583,36,Tupudana,23.2672312,85.3081941,2022-05-27,09:38:00,Friday,Clear,Main Road,Low,Two-Wheeler,Minor,0
703,36,Tupudana,23.2672312,85.3081941,2025-08-02,10:50:00,Saturday,Clear,Main Road,High,Bus,Serious,1
723,36,Tupudana,23.2672312,85.3081941,2024-03-13,10:48:00,Wednesday,Rainy,Chowk/Intersection,High,Truck,Fatal,1
781,36,Tupudana,23.2672312,85.3081941,2022-07-31,17:04:00,Sunday,Clear,Chowk/Intersection,High,Two-Wheeler,Minor,0
786,36,Tupudana,23.2672312,85.3081941,2021-03-29,17:26:00,Monday,Clear,Main Road,High,Auto-Rickshaw,Serious,2
939,36,Tupudana,23.2672312,85.3081941,2022-09-04,09:57:00,Sunday,Clear,Main Road,Medium,Two-Wheeler,Fatal,1
1093,36,Tupudana,23.2672312,85.3081941,2022-10-21,08:03:00,Friday,Rainy,Main Road,High,Two-Wheeler,Serious,1
1128,36,Tupudana,23.2672312,85.3081941,2025-03-11,04:23:00,Tuesday,Rainy,Main Road,Medium,Car,Serious,2
1181,36,Tupudana,23.2672312,85.3081941,2021-11-27,18:56:00,Saturday,Rainy,Main Road,Medium,Two-Wheeler,Minor,0
1198,36,Tupudana,23.2672312,85.3081941,2022-12-12,10:34:00,Monday,Stormy,Main Road,High,Two-Wheeler,Minor,1
1246,36,Tupudana,23.2672312,85.3081941,2023-08-24,06:45:00,Thursday,Clear,Chowk/Intersection,High,Bus,Serious,2
1303,36,Tupudana,23.2672312,85.3081941,2021-06-22,09:02:00,Tuesday,Clear,Main Road,Low,Auto-Rickshaw,Minor,1
1321,36,Tupudana,23.2672312,85.3081941,2024-11-11,18:42:00,Monday,Clear,Main Road,Medium,Two-Wheeler,Minor,0
1329,36,Tupudana,23.2672312,85.3081941,2021-03-04,17:54:00,Thursday,Clear,Chowk/Intersection,Medium,Two-Wheeler,Minor,0
1345,36,Tupudana,23.2672312,85.3081941,2024-07-14,09:34:00,Sunday,Clear,Main Road,High,Truck,Minor,1
1387,36,Tupudana,23.2672312,85.3081941,2023-08-03,18:52:00,Thursday,Clear,Main Road,Medium,Car,Fatal,1
1395,36,Tupudana,23.2672312,85.3081941,2023-02-17,19:52:00,Friday,Clear,Chowk/Intersection,High,Car,Serious,1
1710,36,Tupudana,23.2672312,85.3081941,2025-11-22,19:57:00,Saturday,Rainy,Main Road,High,Two-Wheeler,Minor,0
1861,36,Tupudana,23.2672312,85.3081941,2021-09-25,11:19:00,Saturday,Clear,Chowk/Intersection,High,Auto-Rickshaw,Minor,0
2086,36,Tupudana,23.2672312,85.3081941,2023-02-19,18:04:00,Sunday,Rainy,Main Road,Medium,Two-Wheeler,Serious,3
2184,36,Tupudana,23.2672312,85.3081941,2023-06-01,10:55:00,Thursday,Clear,Residential Road,High,Car,Minor,1
2459,36,Tupudana,23.2672312,85.3081941,2025-09-29,16:59:00,Monday,Clear,Chowk/Intersection,Medium,Auto-Rickshaw,Minor,0
2500,36,Tupudana,23.2672312,85.3081941,2021-10-20,19:03:00,Wednesday,Rainy,Residential Road,High,Bus,Minor,0
2530,36,Tupudana,23.2672312,85.3081941,2024-12-08,09:05:00,Sunday,Clear,Chowk/Intersection,Medium,Truck,Minor,1
2660,36,Tupudana,23.2672312,85.3081941,2021-08-22,16:22:00,Sunday,Clear,Chowk/Intersection,Medium,Two-Wheeler,Minor,0
2809,36,Tupudana,23.2672312,85.3081941,2022-09-24,08:28:00,Saturday,Clear,Residential Road,Medium,Two-Wheeler,Minor,0
2827,36,Tupudana,23.2672312,85.3081941,2025-01-22,08:12:00,Wednesday,Clear,Chowk/Intersection,Medium,Two-Wheeler,Minor,0
2843,36,Tupudana,23.2672312,85.3081941,2024-08-14,20:58:00,Wednesday,Clear,Highway,Medium,Auto-Rickshaw,Minor,1
3100,36,Tupudana,23.2672312,85.3081941,2023-09-04,09:15:00,Monday,Clear,Chowk/Intersection,Medium,Car,Serious,1
3173,36,Tupudana,23.2672312,85.3081941,2025-10-18,09:03:00,Saturday,Clear,Highway,Low,Auto-Rickshaw,Serious,2
3174,36,Tupudana,23.2672312,85.3081941,2023-12-24,19:42:00,Sunday,Rainy,Residential Road,Medium,Auto-Rickshaw,Minor,1
3332,36,Tupudana,23.2672312,85.3081941,2022-08-04,19:43:00,Thursday,Clear,Main Road,Medium,Car,Minor,0
3389,36,Tupudana,23.2672312,85.3081941,2021-11-30,08:38:00,Tuesday,Clear,Chowk/Intersection,High,Two-Wheeler,Serious,1
3410,36,Tupudana,23.2672312,85.3081941,2025-05-29,06:18:00,Thursday,Clear,Residential Road,High,Two-Wheeler,Minor,0
3540,36,Tupudana,23.2672312,85.3081941,2025-08-25,17:43:00,Monday,Clear,Main Road,Medium,Two-Wheeler,Minor,0
3661,36,Tupudana,23.2672312,85.3081941,2025-10-12,11:55:00,Sunday,Rainy,Residential Road,Medium,Two-Wheeler,Serious,3
3815,36,Tupudana,23.2672312,85.3081941,2022-01-16,18:32:00,Sunday,Clear,Residential Road,Medium,Auto-Rickshaw,Minor,1
3918,36,Tupudana,23.2672312,85.3081941,2021-06-22,08:32:00,Tuesday,Rainy,Residential Road,Medium,Car,Minor,0
3919,36,Tupudana,23.2672312,85.3081941,2022-01-24,18:18:00,Monday,Clear,Residential Road,Low,Bus,Serious,1
3926,36,Tupudana,23.2672312,85.3081941,2022-01-26,09:20:00,Wednesday,Clear,Residential Road,Medium,Auto-Rickshaw,Minor,0
3953,36,Tupudana,23.2672312,85.3081941,2022-01-22,19:47:00,Saturday,Clear,Chowk/Intersection,Medium,Car,Minor,0
3976,36,Tupudana,23.2672312,85.3081941,2022-09-14,07:46:00,Wednesday,Stormy,Main Road,Low,Car,Fatal,1
4005,36,Tupudana,23.2672312,85.3081941,2022-09-23,18:42:00,Friday,Clear,Main Road,High,Bus,Fatal,1
4114,36,Tupudana,23.2672312,85.3081941,2021-02-18,09:44:00,Thursday,Clear,Highway,High,Car,Minor,1
4154,36,Tupudana,23.2672312,85.3081941,2025-11-11,10:11:00,Tuesday,Foggy,Main Road,Medium,Bus,Serious,2
4419,36,Tupudana,23.2672312,85.3081941,2021-07-25,18:10:00,Sunday,Foggy,Chowk/Intersection,Medium,Two-Wheeler,Minor,0
4490,36,Tupudana,23.2672312,85.3081941,2025-04-25,07:13:00,Friday,Clear,Highway,Medium,Car,Minor,1
4519,36,Tupudana,23.2672312,85.3081941,2022-06-29,10:46:00,Wednesday,Clear,Main Road,Medium,Two-Wheeler,Minor,0
4526,36,Tupudana,23.2672312,85.3081941,2022-02-15,20:22:00,Tuesday,Rainy,Main Road,Medium,Two-Wheeler,Serious,1
4866,36,Tupudana,23.2672312,85.3081941,2022-04-22,20:10:00,Friday,Stormy,Highway,Medium,Two-Wheeler,Minor,1
4879,36,Tupudana,23.2672312,85.3081941,2024-10-29,05:38:00,Tuesday,Foggy,Chowk/Intersection,Medium,Two-Wheeler,Minor,0
4886,36,Tupudana,23.2672312,85.3081941,2022-08-19,19:49:00,Friday,Clear,Main Road,High,Two-Wheeler,Minor,0
5049,36,Tupudana,23.2672312,85.3081941,2025-07-23,07:03:00,Wednesday,Rainy,Highway,High,Truck,Minor,0
5147,36,Tupudana,23.2672312,85.3081941,2024-05-07,11:40:00,Tuesday,Rainy,Chowk/Intersection,Medium,Car,Serious,1
5424,36,Tupudana,23.2672312,85.3081941,2023-11-15,19:37:00,Wednesday,Clear,Chowk/Intersection,Medium,Auto-Rickshaw,Minor,0
5436,36,Tupudana,23.2672312,85.3081941,2022-02-21,17:59:00,Monday,Clear,Highway,High,Two-Wheeler,Minor,1
5539,36,Tupudana,23.2672312,85.3081941,2024-10-23,09:21:00,Wednesday,Clear,Residential Road,High,Two-Wheeler,Minor,0
5584,36,Tupudana,23.2672312,85.3081941,2021-05-03,07:51:00,Monday,Clear,Main Road,Medium,Car,Fatal,1
5705,36,Tupudana,23.2672312,85.3081941,2021-01-12,20:45:00,Tuesday,Clear,Highway,High,Two-Wheeler,Minor,0
5963,36,Tupudana,23.2672312,85.3081941,2023-10-01,19:20:00,Sunday,Clear,Residential Road,Low,Auto-Rickshaw,Minor,0
5971,36,Tupudana,23.2672312,85.3081941,2024-02-25,17:44:00,Sunday,Clear,Highway,High,Two-Wheeler,Minor,0
6014,36,Tupudana,23.2672312,85.3081941,2025-01-17,10:03:00,Friday,Foggy,Chowk/Intersection,Medium,Two-Wheeler,Minor,0
6034,36,Tupudana,23.2672312,85.3081941,2024-04-04,17:28:00,Thursday,Clear,Chowk/Intersection,Medium,Car,Minor,0
6233,36,Tupudana,23.2672312,85.3081941,2025-05-08,18:35:00,Thursday,Clear,Chowk/Intersection,High,Two-Wheeler,Minor,1
6328,36,Tupudana,23.2672312,85.3081941,2024-08-09,10:17:00,Friday,Clear,Residential Road,Medium,Auto-Rickshaw,Fatal,1
6340,36,Tupudana,23.2672312,85.3081941,2024-11-30,07:04:00,Saturday,Clear,Main Road,Medium,Two-Wheeler,Serious,1
6372,36,Tupudana,23.2672312,85.3081941,2021-04-07,09:01:00,Wednesday,Clear,Residential Road,High,Auto-Rickshaw,Minor,0
6467,36,Tupudana,23.2672312,85.3081941,2023-02-17,08:03:00,Friday,Clear,Main Road,High,Bus,Fatal,2
6477,36,Tupudana,23.2672312,85.3081941,2024-06-04,16:56:00,Tuesday,Clear,Main Road,Medium,Two-Wheeler,Minor,0
6570,36,Tupudana,23.2672312,85.3081941,2025-09-12,18:46:00,Friday,Clear,Main Road,Medium,Truck,Serious,3
6627,36,Tupudana,23.2672312,85.3081941,2022-04-26,06:12:00,Tuesday,Foggy,Residential Road,Low,Two-Wheeler,Minor,1
6630,36,Tupudana,23.2672312,85.3081941,2023-03-02,09:12:00,Thursday,Clear,Highway,Medium,Car,Fatal,4
6671,36,Tupudana,23.2672312,85.3081941,2021-10-14,16:45:00,Thursday,Clear,Chowk/Intersection,High,Auto-Rickshaw,Minor,0
6778,36,Tupudana,23.2672312,85.3081941,2022-12-28,08:07:00,Wednesday,Rainy,Residential Road,High,Car,Serious,3
6823,36,Tupudana,23.2672312,85.3081941,2022-06-08,07:00:00,Wednesday,Clear,Residential Road,Low,Car,Fatal,1
6846,36,Tupudana,23.2672312,85.3081941,2021-03-21,18:01:00,Sunday,Rainy,Chowk/Intersection,Low,Two-Wheeler,Fatal,2
7007,36,Tupudana,23.2672312,85.3081941,2022-07-17,18:24:00,Sunday,Rainy,Residential Road,Low,Two-Wheeler,Serious,2
7140,36,Tupudana,23.2672312,85.3081941,2021-08-28,18:00:00,Saturday,Clear,Residential Road,Low,Two-Wheeler,Serious,2
7177,36,Tupudana,23.2672312,85.3081941,2021-12-17,09:58:00,Friday,Clear,Main Road,Low,Two-Wheeler,Serious,1
7229,36,Tupudana,23.2672312,85.3081941,2022-03-11,14:52:00,Friday,Rainy,Main Road,High,Car,Minor,0
7234,36,Tupudana,23.2672312,85.3081941,2024-07-23,08:04:00,Tuesday,Foggy,Main Road,High,Bus,Serious,3
7397,36,Tupudana,23.2672312,85.3081941,2021-11-01,07:24:00,Monday,Clear,Main Road,Low,Two-Wheeler,Fatal,2
7593,36,Tupudana,23.2672312,85.3081941,2023-08-16,13:27:00,Wednesday,Foggy,Chowk/Intersection,Low,Two-Wheeler,Minor,0
7742,36,Tupudana,23.2672312,85.3081941,2023-04-04,07:33:00,Tuesday,Clear,Chowk/Intersection,Low,Two-Wheeler,Minor,1
7765,36,Tupudana,23.2672312,85.3081941,2023-10-03,11:46:00,Tuesday,Clear,Highway,High,Two-Wheeler,Minor,0
7867,36,Tupudana,23.2672312,85.3081941,2023-03-04,18:59:00,Saturday,Clear,Chowk/Intersection,Low,Car,Minor,0
7962,36,Tupudana,23.2672312,85.3081941,2024-03-28,08:51:00,Thursday,Clear,Highway,Low,Two-Wheeler,Minor,0
29,37,Ranchi University Road,23.3718004,85.3242526,2023-09-07,20:13:00,Thursday,Rainy,Main Road,Medium,Truck,Minor,1
39,37,Ranchi University Road,23.3718004,85.3242526,2021-04-18,09:32:00,Sunday,Clear,Highway,High,Car,Serious,1
65,37,Ranchi University Road,23.3718004,85.3242526,2025-07-09,19:50:00,Wednesday,Clear,Main Road,High,Car,Serious,3
100,37,Ranchi University Road,23.3718004,85.3242526,2025-03-06,09:18:00,Thursday,Foggy,Main Road,Low,Two-Wheeler,Serious,2
165,37,Ranchi University Road,23.3718004,85.3242526,2024-04-17,18:30:00,Wednesday,Foggy,Main Road,Medium,Two-Wheeler,Minor,0
187,37,Ranchi University Road,23.3718004,85.3242526,2023-05-28,09:48:00,Sunday,Clear,Chowk/Intersection,High,Car,Minor,0
196,37,Ranchi University Road,23.3718004,85.3242526,2025-11-13,07:31:00,Thursday,Clear,Main Road,Medium,Two-Wheeler,Minor,0
203,37,Ranchi University Road,23.3718004,85.3242526,2021-09-12,10:50:00,Sunday,Clear,Residential Road,High,Auto-Rickshaw,Minor,1
228,37,Ranchi University Road,23.3718004,85.3242526,2022-10-15,18:38:00,Saturday,Clear,Main Road,Medium,Bus,Serious,2
287,37,Ranchi University Road,23.3718004,85.3242526,2021-10-05,08:12:00,Tuesday,Clear,Chowk/Intersection,Medium,Car,Minor,0
310,37,Ranchi University Road,23.3718004,85.3242526,2023-08-25,17:11:00,Friday,Foggy,Main Road,High,Car,Minor,0
336,37,Ranchi University Road,23.3718004,85.3242526,2022-02-01,09:58:00,Tuesday,Clear,Chowk/Intersection,Medium,Two-Wheeler,Minor,1
380,37,Ranchi University Road,23.3718004,85.3242526,2021-03-11,19:01:00,Thursday,Stormy,Highway,Low,Bus,Minor,0
419,37,Ranchi University Road,23.3718004,85.3242526,2022-05-22,10:47:00,Sunday,Rainy,Chowk/Intersection,High,Two-Wheeler,Minor,0
438,37,Ranchi University Road,23.3718004,85.3242526,2025-07-03,20:45:00,Thursday,Clear,Main Road,Medium,Two-Wheeler,Minor,1
479,37,Ranchi University Road,23.3718004,85.3242526,2022-10-24,10:24:00,Monday,Foggy,Highway,Medium,Two-Wheeler,Fatal,1
485,37,Ranchi University Road,23.3718004,85.3242526,2024-03-28,07:01:00,Thursday,Clear,Chowk/Intersection,Medium,Car,Minor,1
555,37,Ranchi University Road,23.3718004,85.3242526,2023-02-17,08:04:00,Friday,Clear,Chowk/Intersection,Low,Two-Wheeler,Serious,1
565,37,Ranchi University Road,23.3718004,85.3242526,2024-01-16,16:38:00,Tuesday,Clear,Main Road,Medium,Bus,Serious,1
582,37,Ranchi University Road,23.3718004,85.3242526,2025-01-17,15:02:00,Friday,Clear,Highway,High,Auto-Rickshaw,Minor,0
591,37,Ranchi University Road,23.3718004,85.3242526,2021-04-09,19:03:00,Friday,Clear,Residential Road,Low,Two-Wheeler,Minor,1
672,37,Ranchi University Road,23.3718004,85.3242526,2021-06-18,07:14:00,Friday,Clear,Main Road,Medium,Car,Fatal,2
742,37,Ranchi University Road,23.3718004,85.3242526,2022-03-21,18:36:00,Monday,Foggy,Chowk/Intersection,High,Car,Minor,0
844,37,Ranchi University Road,23.3718004,85.3242526,2024-02-19,19:31:00,Monday,Rainy,Highway,High,Two-Wheeler,Serious,1
845,37,Ranchi University Road,23.3718004,85.3242526,2021-07-01,17:29:00,Thursday,Clear,Highway,Medium,Bus,Serious,2
846,37,Ranchi University Road,23.3718004,85.3242526,2025-01-27,18:09:00,Monday,Clear,Chowk/Intersection,Medium,Car,Minor,0
894,37,Ranchi University Road,23.3718004,85.3242526,2024-05-12,17:36:00,Sunday,Clear,Chowk/Intersection,High,Truck,Minor,1
922,37,Ranchi University Road,23.3718004,85.3242526,2023-06-13,18:58:00,Tuesday,Clear,Main Road,Medium,Two-Wheeler,Minor,1
950,37,Ranchi University Road,23.3718004,85.3242526,2024-09-26,18:46:00,Thursday,Clear,Highway,High,Two-Wheeler,Minor,0
1000,37,Ranchi University Road,23.3718004,85.3242526,2024-01-22,20:00:00,Monday,Clear,Highway,Medium,Truck,Fatal,1
1009,37,Ranchi University Road,23.3718004,85.3242526,2025-07-28,18:12:00,Monday,Foggy,Main Road,Medium,Two-Wheeler,Minor,0
1028,37,Ranchi University Road,23.3718004,85.3242526,2022-06-26,08:35:00,Sunday,Clear,Residential Road,Medium,Two-Wheeler,Serious,2
1076,37,Ranchi University Road,23.3718004,85.3242526,2021-04-21,08:44:00,Wednesday,Foggy,Main Road,Medium,Two-Wheeler,Serious,3
1116,37,Ranchi University Road,23.3718004,85.3242526,2025-12-13,10:02:00,Saturday,Stormy,Highway,High,Car,Minor,0
1121,37,Ranchi University Road,23.3718004,85.3242526,2023-10-16,10:18:00,Monday,Clear,Highway,High,Bus,Fatal,1
1184,37,Ranchi University Road,23.3718004,85.3242526,2022-04-20,19:34:00,Wednesday,Clear,Chowk/Intersection,Medium,Car,Minor,1
1201,37,Ranchi University Road,23.3718004,85.3242526,2023-02-19,19:39:00,Sunday,Clear,Chowk/Intersection,High,Car,Minor,1
1249,37,Ranchi University Road,23.3718004,85.3242526,2025-05-08,20:47:00,Thursday,Foggy,Main Road,Medium,Auto-Rickshaw,Serious,1
1318,37,Ranchi University Road,23.3718004,85.3242526,2024-04-23,08:07:00,Tuesday,Clear,Highway,Medium,Two-Wheeler,Minor,0
1362,37,Ranchi University Road,23.3718004,85.3242526,2021-07-04,08:37:00,Sunday,Clear,Chowk/Intersection,High,Two-Wheeler,Minor,0
1363,37,Ranchi University Road,23.3718004,85.3242526,2024-06-10,06:38:00,Monday,Clear,Highway,High,Car,Serious,1
1382,37,Ranchi University Road,23.3718004,85.3242526,2024-12-27,10:35:00,Friday,Foggy,Chowk/Intersection,Low,Car,Minor,1
1535,37,Ranchi University Road,23.3718004,85.3242526,2023-05-04,05:19:00,Thursday,Clear,Main Road,Medium,Two-Wheeler,Serious,1
1541,37,Ranchi University Road,23.3718004,85.3242526,2024-09-09,17:43:00,Monday,Clear,Main Road,Medium,Auto-Rickshaw,Minor,0
1547,37,Ranchi University Road,23.3718004,85.3242526,2025-01-15,21:17:00,Wednesday,Foggy,Highway,High,Two-Wheeler,Serious,1
1592,37,Ranchi University Road,23.3718004,85.3242526,2022-07-19,08:15:00,Tuesday,Rainy,Chowk/Intersection,Low,Car,Minor,1
1606,37,Ranchi University Road,23.3718004,85.3242526,2024-11-25,18:33:00,Monday,Clear,Main Road,Medium,Two-Wheeler,Minor,1
1634,37,Ranchi University Road,23.3718004,85.3242526,2025-02-18,19:06:00,Tuesday,Clear,Chowk/Intersection,High,Car,Minor,0
1670,37,Ranchi University Road,23.3718004,85.3242526,2024-06-18,09:22:00,Tuesday,Clear,Chowk/Intersection,High,Auto-Rickshaw,Minor,1
1733,37,Ranchi University Road,23.3718004,85.3242526,2021-01-21,16:10:00,Thursday,Clear,Highway,Medium,Two-Wheeler,Fatal,1
1846,37,Ranchi University Road,23.3718004,85.3242526,2021-08-18,15:07:00,Wednesday,Clear,Main Road,High,Two-Wheeler,Minor,1
1859,37,Ranchi University Road,23.3718004,85.3242526,2023-12-13,09:29:00,Wednesday,Clear,Chowk/Intersection,Low,Auto-Rickshaw,Minor,0
2022,37,Ranchi University Road,23.3718004,85.3242526,2023-05-31,08:22:00,Wednesday,Foggy,Residential Road,Low,Car,Minor,0
2035,37,Ranchi University Road,23.3718004,85.3242526,2025-09-09,11:02:00,Tuesday,Clear,Chowk/Intersection,Low,Auto-Rickshaw,Serious,1
2072,37,Ranchi University Road,23.3718004,85.3242526,2025-07-14,18:24:00,Monday,Clear,Main Road,Medium,Two-Wheeler,Serious,2
2105,37,Ranchi University Road,23.3718004,85.3242526,2023-09-20,17:05:00,Wednesday,Rainy,Chowk/Intersection,Medium,Car,Minor,0
2110,37,Ranchi University Road,23.3718004,85.3242526,2025-09-26,17:44:00,Friday,Clear,Chowk/Intersection,Low,Auto-Rickshaw,Serious,3
2146,37,Ranchi University Road,23.3718004,85.3242526,2022-07-09,06:01:00,Saturday,Stormy,Main Road,Medium,Two-Wheeler,Fatal,1
2148,37,Ranchi University Road,23.3718004,85.3242526,2022-10-21,08:48:00,Friday,Rainy,Main Road,Medium,Truck,Fatal,3
2160,37,Ranchi University Road,23.3718004,85.3242526,2023-03-14,09:38:00,Tuesday,Clear,Highway,High,Two-Wheeler,Fatal,1
2196,37,Ranchi University Road,23.3718004,85.3242526,2022-01-03,06:04:00,Monday,Clear,Chowk/Intersection,Medium,Car,Minor,0
2268,37,Ranchi University Road,23.3718004,85.3242526,2025-03-04,08:29:00,Tuesday,Clear,Main Road,Medium,Car,Minor,0
2361,37,Ranchi University Road,23.3718004,85.3242526,2024-09-20,18:48:00,Friday,Clear,Chowk/Intersection,High,Two-Wheeler,Serious,1
2399,37,Ranchi University Road,23.3718004,85.3242526,2021-05-26,16:31:00,Wednesday,Clear,Main Road,High,Bus,Minor,0
2435,37,Ranchi University Road,23.3718004,85.3242526,2022-05-20,08:01:00,Friday,Foggy,Highway,Medium,Two-Wheeler,Serious,1
2487,37,Ranchi University Road,23.3718004,85.3242526,2021-03-24,09:47:00,Wednesday,Rainy,Chowk/Intersection,High,Two-Wheeler,Minor,0
2542,37,Ranchi University Road,23.3718004,85.3242526,2022-09-07,11:15:00,Wednesday,Clear,Chowk/Intersection,High,Truck,Minor,1
2596,37,Ranchi University Road,23.3718004,85.3242526,2022-10-12,07:04:00,Wednesday,Foggy,Residential Road,Medium,Auto-Rickshaw,Minor,0
2612,37,Ranchi University Road,23.3718004,85.3242526,2025-06-04,07:41:00,Wednesday,Foggy,Chowk/Intersection,Low,Two-Wheeler,Minor,0
2631,37,Ranchi University Road,23.3718004,85.3242526,2021-07-25,10:15:00,Sunday,Clear,Highway,Medium,Bus,Fatal,1
2665,37,Ranchi University Road,23.3718004,85.3242526,2023-03-30,06:25:00,Thursday,Clear,Chowk/Intersection,Low,Two-Wheeler,Minor,0
2713,37,Ranchi University Road,23.3718004,85.3242526,2024-11-12,19:03:00,Tuesday,Rainy,Chowk/Intersection,Medium,Auto-Rickshaw,Minor,0
2733,37,Ranchi University Road,23.3718004,85.3242526,2025-06-08,08:17:00,Sunday,Rainy,Chowk/Intersection,Medium,Bus,Serious,2
2753,37,Ranchi University Road,23.3718004,85.3242526,2023-02-04,17:56:00,Saturday,Clear,Residential Road,Medium,Two-Wheeler,Fatal,1
2758,37,Ranchi University Road,23.3718004,85.3242526,2024-08-14,10:24:00,Wednesday,Clear,Main Road,Medium,Car,Fatal,1
2900,37,Ranchi University Road,23.3718004,85.3242526,2023-07-01,09:24:00,Saturday,Clear,Highway,Low,Two-Wheeler,Minor,0
2903,37,Ranchi University Road,23.3718004,85.3242526,2025-06-28,16:09:00,Saturday,Rainy,Highway,Medium,Car,Serious,2
2904,37,Ranchi University Road,23.3718004,85.3242526,2021-04-21,09:44:00,Wednesday,Foggy,Chowk/Intersection,Medium,Two-Wheeler,Minor,0
2931,37,Ranchi University Road,23.3718004,85.3242526,2022-07-03,16:01:00,Sunday,Rainy,Chowk/Intersection,High,Car,Serious,1
2937,37,Ranchi University Road,23.3718004,85.3242526,2025-07-02,08:16:00,Wednesday,Clear,Main Road,High,Auto-Rickshaw,Minor,0
2938,37,Ranchi University Road,23.3718004,85.3242526,2021-06-19,17:37:00,Saturday,Clear,Main Road,Medium,Truck,Minor,0
3006,37,Ranchi University Road,23.3718004,85.3242526,2023-07-04,19:01:00,Tuesday,Clear,Highway,High,Truck,Fatal,4
3036,37,Ranchi University Road,23.3718004,85.3242526,2021-12-18,18:16:00,Saturday,Clear,Chowk/Intersection,Low,Bus,Fatal,2
3048,37,Ranchi University Road,23.3718004,85.3242526,2025-06-02,08:00:00,Monday,Clear,Main Road,Low,Car,Fatal,2
3072,37,Ranchi University Road,23.3718004,85.3242526,2025-09-26,08:46:00,Friday,Clear,Residential Road,Low,Auto-Rickshaw,Minor,0
3169,37,Ranchi University Road,23.3718004,85.3242526,2025-10-12,19:21:00,Sunday,Foggy,Chowk/Intersection,Medium,Two-Wheeler,Serious,2
3200,37,Ranchi University Road,23.3718004,85.3242526,2021-05-31,08:43:00,Monday,Clear,Chowk/Intersection,High,Two-Wheeler,Serious,1
3229,37,Ranchi University Road,23.3718004,85.3242526,2022-02-11,15:02:00,Friday,Clear,Highway,High,Auto-Rickshaw,Minor,1
3238,37,Ranchi University Road,23.3718004,85.3242526,2024-04-28,19:14:00,Sunday,Clear,Chowk/Intersection,Medium,Two-Wheeler,Minor,0
3268,37,Ranchi University Road,23.3718004,85.3242526,2023-07-29,12:44:00,Saturday,Clear,Highway,Low,Car,Serious,1
3269,37,Ranchi University Road,23.3718004,85.3242526,2021-11-16,07:44:00,Tuesday,Clear,Chowk/Intersection,Low,Two-Wheeler,Minor,0
3288,37,Ranchi University Road,23.3718004,85.3242526,2025-01-31,08:41:00,Friday,Clear,Chowk/Intersection,High,Two-Wheeler,Minor,1
3300,37,Ranchi University Road,23.3718004,85.3242526,2022-05-29,11:35:00,Sunday,Clear,Residential Road,Medium,Auto-Rickshaw,Minor,0
3432,37,Ranchi University Road,23.3718004,85.3242526,2024-12-19,18:29:00,Thursday,Clear,Chowk/Intersection,Medium,Auto-Rickshaw,Serious,1
3446,37,Ranchi University Road,23.3718004,85.3242526,2025-04-25,08:36:00,Friday,Rainy,Residential Road,High,Bus,Minor,0
3464,37,Ranchi University Road,23.3718004,85.3242526,2021-07-22,18:46:00,Thursday,Clear,Residential Road,High,Two-Wheeler,Serious,2
3489,37,Ranchi University Road,23.3718004,85.3242526,2025-06-07,18:04:00,Saturday,Foggy,Residential Road,Medium,Car,Minor,1
3495,37,Ranchi University Road,23.3718004,85.3242526,2025-09-14,18:31:00,Sunday,Clear,Main Road,Medium,Bus,Fatal,1
3496,37,Ranchi University Road,23.3718004,85.3242526,2024-07-19,08:15:00,Friday,Foggy,Chowk/Intersection,Low,Auto-Rickshaw,Minor,0
3510,37,Ranchi University Road,23.3718004,85.3242526,2021-07-30,08:37:00,Friday,Clear,Chowk/Intersection,Medium,Bus,Minor,1
3561,37,Ranchi University Road,23.3718004,85.3242526,2022-09-13,19:28:00,Tuesday,Clear,Chowk/Intersection,High,Car,Minor,0
3572,37,Ranchi University Road,23.3718004,85.3242526,2022-12-21,15:26:00,Wednesday,Rainy,Highway,High,Car,Serious,1
3598,37,Ranchi University Road,23.3718004,85.3242526,2024-04-08,16:40:00,Monday,Rainy,Chowk/Intersection,High,Two-Wheeler,Fatal,1
3620,37,Ranchi University Road,23.3718004,85.3242526,2021-01-02,20:47:00,Saturday,Rainy,Highway,Medium,Two-Wheeler,Serious,1
3622,37,Ranchi University Road,23.3718004,85.3242526,2024-07-05,09:46:00,Friday,Clear,Residential Road,High,Two-Wheeler,Minor,0
3633,37,Ranchi University Road,23.3718004,85.3242526,2024-06-16,19:27:00,Sunday,Rainy,Highway,Medium,Car,Minor,0
3819,37,Ranchi University Road,23.3718004,85.3242526,2021-06-16,16:22:00,Wednesday,Rainy,Main Road,High,Bus,Minor,0
3820,37,Ranchi University Road,23.3718004,85.3242526,2024-04-03,19:26:00,Wednesday,Clear,Main Road,Medium,Two-Wheeler,Minor,0
3850,37,Ranchi University Road,23.3718004,85.3242526,2024-11-12,18:15:00,Tuesday,Rainy,Chowk/Intersection,High,Car,Serious,1
3860,37,Ranchi University Road,23.3718004,85.3242526,2021-02-10,17:01:00,Wednesday,Foggy,Residential Road,High,Two-Wheeler,Minor,0
3861,37,Ranchi University Road,23.3718004,85.3242526,2021-01-07,17:04:00,Thursday,Rainy,Main Road,Low,Car,Minor,1
3890,37,Ranchi University Road,23.3718004,85.3242526,2021-10-16,16:29:00,Saturday,Clear,Chowk/Intersection,Medium,Auto-Rickshaw,Serious,2
3991,37,Ranchi University Road,23.3718004,85.3242526,2021-10-15,19:47:00,Friday,Clear,Main Road,High,Two-Wheeler,Minor,1
4025,37,Ranchi University Road,23.3718004,85.3242526,2024-04-03,18:42:00,Wednesday,Clear,Chowk/Intersection,High,Two-Wheeler,Serious,3
4042,37,Ranchi University Road,23.3718004,85.3242526,2024-11-19,19:19:00,Tuesday,Clear,Chowk/Intersection,Medium,Car,Serious,1
4058,37,Ranchi University Road,23.3718004,85.3242526,2021-06-13,18:22:00,Sunday,Clear,Chowk/Intersection,Medium,Car,Minor,1
4224,37,Ranchi University Road,23.3718004,85.3242526,2021-06-12,16:24:00,Saturday,Rainy,Residential Road,High,Auto-Rickshaw,Serious,2
4242,37,Ranchi University Road,23.3718004,85.3242526,2021-02-26,08:50:00,Friday,Clear,Chowk/Intersection,Medium,Two-Wheeler,Serious,1
4284,37,Ranchi University Road,23.3718004,85.3242526,2024-03-13,18:23:00,Wednesday,Clear,Chowk/Intersection,Medium,Auto-Rickshaw,Serious,3
4324,37,Ranchi University Road,23.3718004,85.3242526,2024-04-12,19:36:00,Friday,Clear,Main Road,High,Car,Minor,1
4327,37,Ranchi University Road,23.3718004,85.3242526,2022-10-18,09:44:00,Tuesday,Clear,Main Road,High,Car,Serious,2
4353,37,Ranchi University Road,23.3718004,85.3242526,2021-06-23,17:56:00,Wednesday,Clear,Highway,High,Auto-Rickshaw,Serious,1
4384,37,Ranchi University Road,23.3718004,85.3242526,2022-01-22,09:30:00,Saturday,Rainy,Chowk/Intersection,Medium,Two-Wheeler,Serious,1
4410,37,Ranchi University Road,23.3718004,85.3242526,2022-06-09,17:20:00,Thursday,Rainy,Main Road,High,Bus,Minor,0
4417,37,Ranchi University Road,23.3718004,85.3242526,2024-12-15,18:34:00,Sunday,Foggy,Chowk/Intersection,Low,Car,Fatal,2
4503,37,Ranchi University Road,23.3718004,85.3242526,2025-11-27,10:43:00,Thursday,Foggy,Chowk/Intersection,High,Car,Serious,3
4601,37,Ranchi University Road,23.3718004,85.3242526,2025-04-13,09:17:00,Sunday,Clear,Highway,Low,Car,Fatal,3
4700,37,Ranchi University Road,23.3718004,85.3242526,2024-04-18,18:24:00,Thursday,Clear,Main Road,Low,Two-Wheeler,Serious,3
4734,37,Ranchi University Road,23.3718004,85.3242526,2022-04-01,16:32:00,Friday,Clear,Main Road,High,Two-Wheeler,Minor,0
4833,37,Ranchi University Road,23.3718004,85.3242526,2021-10-17,06:41:00,Sunday,Clear,Chowk/Intersection,High,Car,Minor,0
4936,37,Ranchi University Road,23.3718004,85.3242526,2021-08-17,08:47:00,Tuesday,Clear,Main Road,Medium,Car,Minor,1
4955,37,Ranchi University Road,23.3718004,85.3242526,2021-09-23,07:09:00,Thursday,Clear,Highway,High,Two-Wheeler,Minor,0
4957,37,Ranchi University Road,23.3718004,85.3242526,2025-12-06,17:20:00,Saturday,Clear,Chowk/Intersection,Medium,Two-Wheeler,Minor,1
5014,37,Ranchi University Road,23.3718004,85.3242526,2024-07-26,10:29:00,Friday,Foggy,Main Road,Medium,Two-Wheeler,Serious,2
5064,37,Ranchi University Road,23.3718004,85.3242526,2023-02-10,09:30:00,Friday,Rainy,Chowk/Intersection,Low,Two-Wheeler,Serious,2
5168,37,Ranchi University Road,23.3718004,85.3242526,2021-03-31,07:01:00,Wednesday,Stormy,Chowk/Intersection,Medium,Two-Wheeler,Minor,0
5257,37,Ranchi University Road,23.3718004,85.3242526,2022-10-22,07:56:00,Saturday,Clear,Residential Road,Medium,Truck,Minor,1
5271,37,Ranchi University Road,23.3718004,85.3242526,2023-07-16,19:46:00,Sunday,Clear,Highway,Medium,Two-Wheeler,Minor,0
5297,37,Ranchi University Road,23.3718004,85.3242526,2022-01-08,07:33:00,Saturday,Clear,Main Road,Medium,Bus,Minor,0
5351,37,Ranchi University Road,23.3718004,85.3242526,2022-10-01,07:55:00,Saturday,Clear,Residential Road,Medium,Two-Wheeler,Minor,1
5355,37,Ranchi University Road,23.3718004,85.3242526,2022-02-28,11:07:00,Monday,Rainy,Residential Road,Medium,Two-Wheeler,Serious,1
5408,37,Ranchi University Road,23.3718004,85.3242526,2022-03-01,17:19:00,Tuesday,Rainy,Chowk/Intersection,High,Two-Wheeler,Minor,0
5441,37,Ranchi University Road,23.3718004,85.3242526,2021-01-30,08:26:00,Saturday,Rainy,Residential Road,Medium,Two-Wheeler,Serious,1
5497,37,Ranchi University Road,23.3718004,85.3242526,2022-03-23,10:37:00,Wednesday,Clear,Main Road,High,Car,Serious,1
5598,37,Ranchi University Road,23.3718004,85.3242526,2022-04-07,19:55:00,Thursday,Rainy,Chowk/Intersection,Low,Truck,Serious,1
5688,37,Ranchi University Road,23.3718004,85.3242526,2022-11-14,11:42:00,Monday,Clear,Main Road,Medium,Bus,Minor,1
5699,37,Ranchi University Road,23.3718004,85.3242526,2021-01-13,07:07:00,Wednesday,Clear,Highway,Low,Car,Fatal,2
5701,37,Ranchi University Road,23.3718004,85.3242526,2025-10-13,09:06:00,Monday,Clear,Main Road,Low,Car,Serious,3
5739,37,Ranchi University Road,23.3718004,85.3242526,2024-02-22,08:55:00,Thursday,Clear,Chowk/Intersection,High,Two-Wheeler,Minor,1
5750,37,Ranchi University Road,23.3718004,85.3242526,2024-02-09,08:54:00,Friday,Rainy,Residential Road,Medium,Auto-Rickshaw,Serious,2
5838,37,Ranchi University Road,23.3718004,85.3242526,2021-02-10,18:01:00,Wednesday,Clear,Main Road,High,Car,Minor,0
5856,37,Ranchi University Road,23.3718004,85.3242526,2022-05-06,09:06:00,Friday,Clear,Highway,Medium,Car,Fatal,1
5901,37,Ranchi University Road,23.3718004,85.3242526,2023-07-03,18:40:00,Monday,Clear,Highway,Medium,Two-Wheeler,Minor,0
5923,37,Ranchi University Road,23.3718004,85.3242526,2022-03-18,16:36:00,Friday,Clear,Highway,Medium,Bus,Serious,1
5993,37,Ranchi University Road,23.3718004,85.3242526,2023-10-14,19:07:00,Saturday,Foggy,Chowk/Intersection,Medium,Truck,Serious,2
6056,37,Ranchi University Road,23.3718004,85.3242526,2023-02-05,08:36:00,Sunday,Clear,Chowk/Intersection,Low,Car,Fatal,2
6084,37,Ranchi University Road,23.3718004,85.3242526,2024-04-13,17:58:00,Saturday,Rainy,Main Road,High,Two-Wheeler,Minor,0
6133,37,Ranchi University Road,23.3718004,85.3242526,2025-11-21,08:13:00,Friday,Clear,Chowk/Intersection,Medium,Bus,Minor,0
6136,37,Ranchi University Road,23.3718004,85.3242526,2022-06-06,11:35:00,Monday,Clear,Highway,Medium,Two-Wheeler,Minor,0
6158,37,Ranchi University Road,23.3718004,85.3242526,2025-12-12,16:26:00,Friday,Clear,Chowk/Intersection,High,Auto-Rickshaw,Minor,0
6197,37,Ranchi University Road,23.3718004,85.3242526,2022-05-25,19:36:00,Wednesday,Clear,Highway,High,Car,Minor,0
6209,37,Ranchi University Road,23.3718004,85.3242526,2022-01-22,17:10:00,Saturday,Rainy,Chowk/Intersection,Medium,Car,Serious,1
6222,37,Ranchi University Road,23.3718004,85.3242526,2025-03-27,09:35:00,Thursday,Stormy,Residential Road,Low,Truck,Serious,1
6275,37,Ranchi University Road,23.3718004,85.3242526,2022-07-18,20:31:00,Monday,Clear,Chowk/Intersection,High,Car,Minor,0
6277,37,Ranchi University Road,23.3718004,85.3242526,2021-03-13,11:56:00,Saturday,Rainy,Residential Road,High,Car,Serious,2
6286,37,Ranchi University Road,23.3718004,85.3242526,2024-11-11,16:56:00,Monday,Clear,Highway,Medium,Auto-Rickshaw,Serious,3
6352,37,Ranchi University Road,23.3718004,85.3242526,2025-04-30,18:30:00,Wednesday,Clear,Chowk/Intersection,Medium,Two-Wheeler,Minor,1
6356,37,Ranchi University Road,23.3718004,85.3242526,2025-07-01,08:11:00,Tuesday,Clear,Highway,High,Two-Wheeler,Fatal,1
6407,37,Ranchi University Road,23.3718004,85.3242526,2022-10-31,16:57:00,Monday,Clear,Residential Road,High,Two-Wheeler,Serious,1
6420,37,Ranchi University Road,23.3718004,85.3242526,2022-06-27,08:00:00,Monday,Clear,Chowk/Intersection,Low,Auto-Rickshaw,Serious,1
6442,37,Ranchi University Road,23.3718004,85.3242526,2021-07-14,21:07:00,Wednesday,Clear,Chowk/Intersection,Medium,Car,Serious,1
6469,37,Ranchi University Road,23.3718004,85.3242526,2023-01-02,09:59:00,Monday,Clear,Main Road,Low,Two-Wheeler,Fatal,2
6515,37,Ranchi University Road,23.3718004,85.3242526,2023-03-26,09:54:00,Sunday,Stormy,Main Road,High,Car,Minor,0
6584,37,Ranchi University Road,23.3718004,85.3242526,2024-03-10,09:44:00,Sunday,Clear,Residential Road,High,Two-Wheeler,Minor,0
6601,37,Ranchi University Road,23.3718004,85.3242526,2024-02-04,08:27:00,Sunday,Clear,Main Road,Low,Two-Wheeler,Minor,0
6657,37,Ranchi University Road,23.3718004,85.3242526,2023-02-28,08:57:00,Tuesday,Clear,Chowk/Intersection,Low,Two-Wheeler,Minor,0
6699,37,Ranchi University Road,23.3718004,85.3242526,2022-03-17,08:54:00,Thursday,Clear,Chowk/Intersection,Low,Auto-Rickshaw,Minor,0
6757,37,Ranchi University Road,23.3718004,85.3242526,2023-01-24,11:13:00,Tuesday,Foggy,Chowk/Intersection,Medium,Truck,Fatal,1
6774,37,Ranchi University Road,23.3718004,85.3242526,2025-06-02,10:14:00,Monday,Clear,Chowk/Intersection,Medium,Car,Minor,1
6784,37,Ranchi University Road,23.3718004,85.3242526,2021-04-23,17:56:00,Friday,Clear,Highway,High,Car,Serious,1
6817,37,Ranchi University Road,23.3718004,85.3242526,2024-04-27,08:50:00,Saturday,Clear,Chowk/Intersection,Low,Two-Wheeler,Minor,1
6828,37,Ranchi University Road,23.3718004,85.3242526,2024-04-24,06:33:00,Wednesday,Clear,Highway,Low,Two-Wheeler,Minor,0
6868,37,Ranchi University Road,23.3718004,85.3242526,2021-03-20,17:51:00,Saturday,Clear,Residential Road,Medium,Two-Wheeler,Minor,1
6889,37,Ranchi University Road,23.3718004,85.3242526,2023-07-09,21:31:00,Sunday,Clear,Main Road,High,Bus,Serious,2
6910,37,Ranchi University Road,23.3718004,85.3242526,2023-04-14,11:34:00,Friday,Foggy,Highway,High,Two-Wheeler,Serious,3
7119,37,Ranchi University Road,23.3718004,85.3242526,2024-10-13,09:20:00,Sunday,Clear,Chowk/Intersection,High,Two-Wheeler,Minor,0
7184,37,Ranchi University Road,23.3718004,85.3242526,2025-04-29,18:50:00,Tuesday,Clear,Main Road,High,Two-Wheeler,Minor,1
7339,37,Ranchi University Road,23.3718004,85.3242526,2023-01-27,08:06:00,Friday,Clear,Highway,High,Two-Wheeler,Minor,0
7398,37,Ranchi University Road,23.3718004,85.3242526,2023-06-28,10:05:00,Wednesday,Clear,Main Road,Medium,Two-Wheeler,Serious,1
7449,37,Ranchi University Road,23.3718004,85.3242526,2022-03-18,19:23:00,Friday,Rainy,Residential Road,High,Two-Wheeler,Minor,0
7485,37,Ranchi University Road,23.3718004,85.3242526,2022-03-28,09:16:00,Monday,Clear,Chowk/Intersection,Medium,Auto-Rickshaw,Minor,1
7537,37,Ranchi University Road,23.3718004,85.3242526,2025-01-30,12:34:00,Thursday,Clear,Chowk/Intersection,Medium,Car,Minor,0
7636,37,Ranchi University Road,23.3718004,85.3242526,2025-02-25,09:05:00,Tuesday,Foggy,Main Road,High,Two-Wheeler,Minor,0
7711,37,Ranchi University Road,23.3718004,85.3242526,2021-11-02,08:03:00,Tuesday,Clear,Chowk/Intersection,Medium,Truck,Minor,0
7725,37,Ranchi University Road,23.3718004,85.3242526,2023-04-02,10:02:00,Sunday,Clear,Residential Road,High,Two-Wheeler,Minor,0
7796,37,Ranchi University Road,23.3718004,85.3242526,2024-01-17,07:39:00,Wednesday,Clear,Highway,High,Two-Wheeler,Minor,0
7809,37,Ranchi University Road,23.3718004,85.3242526,2025-09-02,18:56:00,Tuesday,Clear,Chowk/Intersection,Low,Two-Wheeler,Minor,0
7845,37,Ranchi University Road,23.3718004,85.3242526,2021-11-16,18:35:00,Tuesday,Clear,Residential Road,High,Two-Wheeler,Serious,2
7894,37,Ranchi University Road,23.3718004,85.3242526,2022-02-08,18:04:00,Tuesday,Clear,Chowk/Intersection,Medium,Truck,Minor,0
7951,37,Ranchi University Road,23.3718004,85.3242526,2025-07-13,19:32:00,Sunday,Clear,Chowk/Intersection,Low,Two-Wheeler,Minor,0
321,38,HEC Colony,23.3277523,85.3035067,2022-01-25,18:36:00,Tuesday,Clear,Highway,Medium,Bus,Serious,2
330,38,HEC Colony,23.3277523,85.3035067,2021-03-14,10:04:00,Sunday,Clear,Residential Road,Medium,Two-Wheeler,Serious,1
346,38,HEC Colony,23.3277523,85.3035067,2021-08-22,06:53:00,Sunday,Clear,Chowk/Intersection,Medium,Auto-Rickshaw,Fatal,4
645,38,HEC Colony,23.3277523,85.3035067,2025-01-26,19:43:00,Sunday,Clear,Chowk/Intersection,High,Auto-Rickshaw,Serious,2
794,38,HEC Colony,23.3277523,85.3035067,2025-07-04,08:31:00,Friday,Clear,Chowk/Intersection,Low,Car,Serious,3
1052,38,HEC Colony,23.3277523,85.3035067,2021-01-03,07:11:00,Sunday,Clear,Chowk/Intersection,High,Two-Wheeler,Minor,0
1106,38,HEC Colony,23.3277523,85.3035067,2023-01-26,05:43:00,Thursday,Clear,Chowk/Intersection,High,Auto-Rickshaw,Minor,0
1188,38,HEC Colony,23.3277523,85.3035067,2025-05-17,20:55:00,Saturday,Clear,Highway,Low,Car,Fatal,1
1234,38,HEC Colony,23.3277523,85.3035067,2025-10-09,10:02:00,Thursday,Rainy,Chowk/Intersection,Medium,Two-Wheeler,Minor,0
1248,38,HEC Colony,23.3277523,85.3035067,2023-02-16,09:36:00,Thursday,Clear,Residential Road,Medium,Car,Minor,0
1463,38,HEC Colony,23.3277523,85.3035067,2025-12-10,19:21:00,Wednesday,Clear,Residential Road,Medium,Two-Wheeler,Serious,1
1648,38,HEC Colony,23.3277523,85.3035067,2025-03-20,09:55:00,Thursday,Rainy,Highway,Low,Two-Wheeler,Fatal,1
1990,38,HEC Colony,23.3277523,85.3035067,2025-08-28,13:26:00,Thursday,Clear,Main Road,High,Car,Minor,0
2165,38,HEC Colony,23.3277523,85.3035067,2024-12-03,19:34:00,Tuesday,Rainy,Highway,Medium,Truck,Serious,1
2392,38,HEC Colony,23.3277523,85.3035067,2024-08-07,07:58:00,Wednesday,Clear,Main Road,Medium,Car,Minor,0
2495,38,HEC Colony,23.3277523,85.3035067,2022-07-27,06:22:00,Wednesday,Rainy,Chowk/Intersection,Low,Truck,Minor,1
2497,38,HEC Colony,23.3277523,85.3035067,2023-12-20,07:18:00,Wednesday,Clear,Main Road,Medium,Auto-Rickshaw,Minor,1
2707,38,HEC Colony,23.3277523,85.3035067,2024-05-07,08:26:00,Tuesday,Foggy,Chowk/Intersection,Medium,Two-Wheeler,Serious,2
3001,38,HEC Colony,23.3277523,85.3035067,2022-06-27,11:56:00,Monday,Clear,Highway,Medium,Auto-Rickshaw,Minor,0
3076,38,HEC Colony,23.3277523,85.3035067,2021-09-27,18:26:00,Monday,Rainy,Chowk/Intersection,Medium,Auto-Rickshaw,Minor,0
3162,38,HEC Colony,23.3277523,85.3035067,2021-01-13,10:35:00,Wednesday,Clear,Main Road,Low,Two-Wheeler,Minor,0
3290,38,HEC Colony,23.3277523,85.3035067,2024-08-21,19:07:00,Wednesday,Clear,Chowk/Intersection,Low,Two-Wheeler,Fatal,2
3296,38,HEC Colony,23.3277523,85.3035067,2024-02-08,07:18:00,Thursday,Rainy,Chowk/Intersection,Medium,Car,Minor,1
3640,38,HEC Colony,23.3277523,85.3035067,2021-04-01,17:34:00,Thursday,Clear,Main Road,Medium,Car,Minor,0
3642,38,HEC Colony,23.3277523,85.3035067,2024-11-01,19:13:00,Friday,Clear,Highway,Medium,Two-Wheeler,Minor,0
3744,38,HEC Colony,23.3277523,85.3035067,2025-11-10,19:38:00,Monday,Clear,Main Road,High,Two-Wheeler,Minor,0
3932,38,HEC Colony,23.3277523,85.3035067,2025-02-07,09:40:00,Friday,Rainy,Residential Road,High,Car,Serious,2
3974,38,HEC Colony,23.3277523,85.3035067,2021-05-16,17:51:00,Sunday,Rainy,Chowk/Intersection,Low,Two-Wheeler,Minor,0
4263,38,HEC Colony,23.3277523,85.3035067,2022-12-25,18:41:00,Sunday,Clear,Highway,Medium,Car,Minor,0
4294,38,HEC Colony,23.3277523,85.3035067,2022-06-30,10:22:00,Thursday,Clear,Main Road,High,Two-Wheeler,Fatal,1
4443,38,HEC Colony,23.3277523,85.3035067,2022-02-18,17:53:00,Friday,Clear,Chowk/Intersection,Medium,Auto-Rickshaw,Serious,3
4638,38,HEC Colony,23.3277523,85.3035067,2021-10-01,17:42:00,Friday,Clear,Highway,Medium,Auto-Rickshaw,Minor,0
4736,38,HEC Colony,23.3277523,85.3035067,2023-02-04,10:55:00,Saturday,Rainy,Highway,Low,Auto-Rickshaw,Minor,1
4738,38,HEC Colony,23.3277523,85.3035067,2022-08-11,08:07:00,Thursday,Clear,Main Road,Medium,Two-Wheeler,Minor,1
4745,38,HEC Colony,23.3277523,85.3035067,2024-07-12,09:30:00,Friday,Foggy,Main Road,Low,Auto-Rickshaw,Fatal,1
4790,38,HEC Colony,23.3277523,85.3035067,2021-04-15,17:32:00,Thursday,Clear,Residential Road,Medium,Two-Wheeler,Serious,1
4848,38,HEC Colony,23.3277523,85.3035067,2021-12-24,17:20:00,Friday,Clear,Chowk/Intersection,Medium,Bus,Serious,1
5068,38,HEC Colony,23.3277523,85.3035067,2025-08-22,16:24:00,Friday,Stormy,Chowk/Intersection,Low,Two-Wheeler,Minor,0
5258,38,HEC Colony,23.3277523,85.3035067,2024-12-23,20:40:00,Monday,Clear,Residential Road,Medium,Two-Wheeler,Serious,1
5367,38,HEC Colony,23.3277523,85.3035067,2025-10-28,15:41:00,Tuesday,Clear,Chowk/Intersection,Low,Car,Minor,1
5945,38,HEC Colony,23.3277523,85.3035067,2022-04-27,08:54:00,Wednesday,Stormy,Highway,Medium,Two-Wheeler,Minor,0
5986,38,HEC Colony,23.3277523,85.3035067,2021-07-26,09:54:00,Monday,Clear,Highway,High,Two-Wheeler,Fatal,1
6254,38,HEC Colony,23.3277523,85.3035067,2023-01-18,20:10:00,Wednesday,Clear,Highway,High,Two-Wheeler,Minor,1
6307,38,HEC Colony,23.3277523,85.3035067,2025-12-06,07:03:00,Saturday,Clear,Main Road,Medium,Auto-Rickshaw,Fatal,3
6359,38,HEC Colony,23.3277523,85.3035067,2025-10-20,09:18:00,Monday,Clear,Main Road,High,Car,Fatal,2
6419,38,HEC Colony,23.3277523,85.3035067,2021-05-12,07:38:00,Wednesday,Clear,Main Road,Low,Car,Minor,0
6437,38,HEC Colony,23.3277523,85.3035067,2025-03-04,12:11:00,Tuesday,Clear,Highway,Medium,Auto-Rickshaw,Serious,1
6510,38,HEC Colony,23.3277523,85.3035067,2024-12-13,18:39:00,Friday,Clear,Highway,High,Car,Minor,0
6602,38,HEC Colony,23.3277523,85.3035067,2025-02-20,18:48:00,Thursday,Clear,Main Road,Low,Auto-Rickshaw,Fatal,1
6605,38,HEC Colony,23.3277523,85.3035067,2022-01-26,18:43:00,Wednesday,Rainy,Main Road,Low,Car,Minor,0
6655,38,HEC Colony,23.3277523,85.3035067,2022-07-15,10:28:00,Friday,Clear,Chowk/Intersection,Medium,Two-Wheeler,Minor,0
7031,38,HEC Colony,23.3277523,85.3035067,2024-10-31,19:07:00,Thursday,Rainy,Main Road,High,Bus,Minor,1
7074,38,HEC Colony,23.3277523,85.3035067,2025-04-18,18:57:00,Friday,Stormy,Highway,Low,Car,Fatal,1
7086,38,HEC Colony,23.3277523,85.3035067,2023-06-04,09:48:00,Sunday,Clear,Main Road,Low,Two-Wheeler,Minor,1
7115,38,HEC Colony,23.3277523,85.3035067,2021-12-12,07:02:00,Sunday,Rainy,Chowk/Intersection,Medium,Car,Minor,0
7511,38,HEC Colony,23.3277523,85.3035067,2025-10-09,10:01:00,Thursday,Clear,Highway,Medium,Car,Minor,0
7610,38,HEC Colony,23.3277523,85.3035067,2022-09-05,19:03:00,Monday,Rainy,Chowk/Intersection,Low,Two-Wheeler,Minor,0
7644,38,HEC Colony,23.3277523,85.3035067,2021-12-09,21:25:00,Thursday,Clear,Residential Road,Medium,Two-Wheeler,Minor,1
73,39,Dhurwa,23.335,85.295,2023-09-10,09:43:00,Sunday,Foggy,Residential Road,High,Two-Wheeler,Serious,1
111,39,Dhurwa,23.335,85.295,2023-11-18,18:10:00,Saturday,Clear,Main Road,Medium,Two-Wheeler,Minor,0
116,39,Dhurwa,23.335,85.295,2022-05-25,17:13:00,Wednesday,Clear,Main Road,Medium,Car,Serious,1
133,39,Dhurwa,23.335,85.295,2024-09-04,07:58:00,Wednesday,Clear,Residential Road,High,Auto-Rickshaw,Fatal,4
144,39,Dhurwa,23.335,85.295,2025-01-04,09:36:00,Saturday,Rainy,Highway,Low,Two-Wheeler,Fatal,1
335,39,Dhurwa,23.335,85.295,2023-05-25,18:07:00,Thursday,Foggy,Main Road,High,Two-Wheeler,Minor,1
647,39,Dhurwa,23.335,85.295,2024-09-14,09:52:00,Saturday,Rainy,Chowk/Intersection,Medium,Two-Wheeler,Serious,2
830,39,Dhurwa,23.335,85.295,2021-01-26,09:11:00,Tuesday,Clear,Residential Road,High,Two-Wheeler,Serious,1
831,39,Dhurwa,23.335,85.295,2022-11-02,05:25:00,Wednesday,Clear,Main Road,Medium,Car,Minor,0
851,39,Dhurwa,23.335,85.295,2025-10-10,17:08:00,Friday,Rainy,Residential Road,High,Two-Wheeler,Serious,1
861,39,Dhurwa,23.335,85.295,2022-09-07,07:23:00,Wednesday,Clear,Chowk/Intersection,Medium,Car,Minor,1
875,39,Dhurwa,23.335,85.295,2024-05-24,17:28:00,Friday,Rainy,Main Road,Medium,Auto-Rickshaw,Serious,2
1023,39,Dhurwa,23.335,85.295,2024-04-07,19:14:00,Sunday,Clear,Chowk/Intersection,High,Auto-Rickshaw,Minor,0
1135,39,Dhurwa,23.335,85.295,2021-10-20,20:33:00,Wednesday,Clear,Highway,High,Two-Wheeler,Minor,1
1288,39,Dhurwa,23.335,85.295,2023-01-06,15:34:00,Friday,Clear,Main Road,High,Two-Wheeler,Minor,0
1359,39,Dhurwa,23.335,85.295,2025-09-16,10:11:00,Tuesday,Clear,Residential Road,High,Car,Minor,1
1491,39,Dhurwa,23.335,85.295,2024-10-25,10:56:00,Friday,Rainy,Residential Road,Medium,Two-Wheeler,Minor,0
1576,39,Dhurwa,23.335,85.295,2025-07-27,11:44:00,Sunday,Foggy,Main Road,Medium,Two-Wheeler,Minor,1
1746,39,Dhurwa,23.335,85.295,2023-02-02,17:07:00,Thursday,Clear,Chowk/Intersection,Medium,Truck,Fatal,2
1813,39,Dhurwa,23.335,85.295,2021-10-05,08:13:00,Tuesday,Clear,Chowk/Intersection,Medium,Two-Wheeler,Serious,3
1836,39,Dhurwa,23.335,85.295,2022-03-15,08:06:00,Tuesday,Rainy,Chowk/Intersection,Low,Two-Wheeler,Minor,0
1903,39,Dhurwa,23.335,85.295,2024-06-26,19:56:00,Wednesday,Foggy,Residential Road,Medium,Bus,Minor,0
1949,39,Dhurwa,23.335,85.295,2023-11-02,17:37:00,Thursday,Foggy,Highway,Low,Car,Minor,1
2042,39,Dhurwa,23.335,85.295,2023-05-22,19:54:00,Monday,Clear,Chowk/Intersection,High,Bus,Minor,0
2048,39,Dhurwa,23.335,85.295,2025-07-15,08:20:00,Tuesday,Clear,Residential Road,Medium,Two-Wheeler,Minor,0
2387,39,Dhurwa,23.335,85.295,2023-03-27,18:37:00,Monday,Rainy,Highway,Medium,Two-Wheeler,Minor,0
2754,39,Dhurwa,23.335,85.295,2024-03-11,09:57:00,Monday,Stormy,Main Road,Medium,Two-Wheeler,Minor,1
3110,39,Dhurwa,23.335,85.295,2025-03-26,11:32:00,Wednesday,Rainy,Main Road,Medium,Car,Serious,1
3149,39,Dhurwa,23.335,85.295,2025-04-04,09:03:00,Friday,Clear,Residential Road,Low,Bus,Serious,1
3188,39,Dhurwa,23.335,85.295,2022-06-13,08:33:00,Monday,Stormy,Chowk/Intersection,High,Auto-Rickshaw,Serious,3
3270,39,Dhurwa,23.335,85.295,2023-09-25,08:27:00,Monday,Clear,Highway,Low,Two-Wheeler,Serious,1
3367,39,Dhurwa,23.335,85.295,2023-03-10,18:45:00,Friday,Rainy,Main Road,Low,Car,Minor,0
3438,39,Dhurwa,23.335,85.295,2024-05-23,09:45:00,Thursday,Rainy,Chowk/Intersection,Low,Car,Minor,0
3497,39,Dhurwa,23.335,85.295,2025-01-29,18:53:00,Wednesday,Stormy,Chowk/Intersection,High,Two-Wheeler,Minor,0
3660,39,Dhurwa,23.335,85.295,2021-01-08,16:28:00,Friday,Rainy,Main Road,Low,Truck,Minor,0
3853,39,Dhurwa,23.335,85.295,2023-10-21,07:38:00,Saturday,Clear,Highway,Medium,Two-Wheeler,Minor,0
4027,39,Dhurwa,23.335,85.295,2024-10-03,20:40:00,Thursday,Clear,Chowk/Intersection,Medium,Two-Wheeler,Minor,0
4131,39,Dhurwa,23.335,85.295,2023-10-25,20:21:00,Wednesday,Clear,Main Road,Low,Two-Wheeler,Minor,0
4171,39,Dhurwa,23.335,85.295,2022-05-30,08:16:00,Monday,Clear,Residential Road,Medium,Two-Wheeler,Minor,0
4190,39,Dhurwa,23.335,85.295,2024-08-06,07:31:00,Tuesday,Clear,Main Road,Low,Two-Wheeler,Minor,0
4521,39,Dhurwa,23.335,85.295,2025-08-26,08:41:00,Tuesday,Clear,Chowk/Intersection,Low,Truck,Minor,1
4639,39,Dhurwa,23.335,85.295,2024-09-27,08:06:00,Friday,Rainy,Residential Road,Medium,Two-Wheeler,Minor,0
4705,39,Dhurwa,23.335,85.295,2021-05-19,15:11:00,Wednesday,Clear,Highway,Low,Car,Minor,0
4862,39,Dhurwa,23.335,85.295,2024-01-31,16:12:00,Wednesday,Clear,Chowk/Intersection,Low,Two-Wheeler,Serious,1
4922,39,Dhurwa,23.335,85.295,2023-01-27,18:29:00,Friday,Rainy,Chowk/Intersection,Medium,Two-Wheeler,Minor,0
5094,39,Dhurwa,23.335,85.295,2022-11-22,19:56:00,Tuesday,Clear,Residential Road,Low,Two-Wheeler,Serious,1
5395,39,Dhurwa,23.335,85.295,2022-09-19,08:53:00,Monday,Clear,Residential Road,Low,Car,Serious,2
5551,39,Dhurwa,23.335,85.295,2022-03-08,07:22:00,Tuesday,Clear,Residential Road,Medium,Car,Serious,1
5669,39,Dhurwa,23.335,85.295,2024-02-11,04:13:00,Sunday,Clear,Chowk/Intersection,Medium,Two-Wheeler,Minor,1
5744,39,Dhurwa,23.335,85.295,2023-03-26,09:59:00,Sunday,Clear,Main Road,High,Auto-Rickshaw,Minor,1
5816,39,Dhurwa,23.335,85.295,2021-07-23,21:59:00,Friday,Rainy,Residential Road,Medium,Two-Wheeler,Serious,1
5828,39,Dhurwa,23.335,85.295,2024-06-02,17:40:00,Sunday,Rainy,Main Road,High,Two-Wheeler,Minor,1
5929,39,Dhurwa,23.335,85.295,2023-01-06,09:09:00,Friday,Clear,Chowk/Intersection,High,Two-Wheeler,Minor,0
5997,39,Dhurwa,23.335,85.295,2021-12-04,16:14:00,Saturday,Clear,Residential Road,Medium,Car,Minor,1
6013,39,Dhurwa,23.335,85.295,2021-08-16,17:15:00,Monday,Clear,Chowk/Intersection,High,Two-Wheeler,Minor,0
6444,39,Dhurwa,23.335,85.295,2022-11-21,09:27:00,Monday,Clear,Main Road,Medium,Bus,Minor,1
6482,39,Dhurwa,23.335,85.295,2025-03-15,06:31:00,Saturday,Clear,Chowk/Intersection,High,Auto-Rickshaw,Minor,0
6561,39,Dhurwa,23.335,85.295,2021-08-20,19:41:00,Friday,Clear,Main Road,High,Car,Minor,1
6569,39,Dhurwa,23.335,85.295,2024-05-07,08:42:00,Tuesday,Clear,Chowk/Intersection,Medium,Car,Minor,0
6574,39,Dhurwa,23.335,85.295,2023-01-05,18:28:00,Thursday,Clear,Chowk/Intersection,High,Car,Serious,1
6720,39,Dhurwa,23.335,85.295,2024-08-16,11:57:00,Friday,Clear,Main Road,High,Bus,Minor,0
6728,39,Dhurwa,23.335,85.295,2025-09-22,08:50:00,Monday,Clear,Main Road,Medium,Auto-Rickshaw,Minor,1
6733,39,Dhurwa,23.335,85.295,2022-07-21,19:10:00,Thursday,Clear,Highway,High,Truck,Minor,0
6741,39,Dhurwa,23.335,85.295,2022-11-29,09:59:00,Tuesday,Clear,Highway,Medium,Two-Wheeler,Serious,2
6858,39,Dhurwa,23.335,85.295,2021-10-31,20:28:00,Sunday,Clear,Main Road,High,Auto-Rickshaw,Serious,2
6878,39,Dhurwa,23.335,85.295,2022-09-27,09:32:00,Tuesday,Foggy,Chowk/Intersection,High,Two-Wheeler,Serious,3
7060,39,Dhurwa,23.335,85.295,2023-09-16,17:16:00,Saturday,Clear,Residential Road,High,Two-Wheeler,Minor,0
7262,39,Dhurwa,23.335,85.295,2022-04-24,19:01:00,Sunday,Clear,Main Road,High,Auto-Rickshaw,Serious,1
7465,39,Dhurwa,23.335,85.295,2024-09-27,17:56:00,Friday,Clear,Chowk/Intersection,Medium,Two-Wheeler,Minor,0
7484,39,Dhurwa,23.335,85.295,2021-02-14,17:44:00,Sunday,Clear,Chowk/Intersection,High,Two-Wheeler,Minor,0
7686,39,Dhurwa,23.335,85.295,2022-11-01,19:34:00,Tuesday,Clear,Residential Road,Low,Auto-Rickshaw,Minor,0
7859,39,Dhurwa,23.335,85.295,2025-09-03,17:09:00,Wednesday,Clear,Chowk/Intersection,Medium,Truck,Minor,1
7970,39,Dhurwa,23.335,85.295,2021-05-15,09:33:00,Saturday,Clear,Chowk/Intersection,Low,Two-Wheeler,Serious,3
7,40,Jagannathpur,23.34,85.308,2021-04-28,18:55:00,Wednesday,Clear,Chowk/Intersection,Medium,Car,Minor,0
84,40,Jagannathpur,23.34,85.308,2021-11-15,20:16:00,Monday,Clear,Chowk/Intersection,Medium,Two-Wheeler,Minor,1
129,40,Jagannathpur,23.34,85.308,2024-01-16,20:21:00,Tuesday,Clear,Residential Road,Low,Auto-Rickshaw,Minor,0
237,40,Jagannathpur,23.34,85.308,2024-05-16,04:24:00,Thursday,Clear,Chowk/Intersection,Low,Auto-Rickshaw,Fatal,1
261,40,Jagannathpur,23.34,85.308,2021-03-15,15:15:00,Monday,Clear,Chowk/Intersection,Low,Car,Minor,1
262,40,Jagannathpur,23.34,85.308,2025-01-06,11:25:00,Monday,Rainy,Chowk/Intersection,High,Two-Wheeler,Serious,1
300,40,Jagannathpur,23.34,85.308,2025-08-07,08:54:00,Thursday,Rainy,Main Road,High,Bus,Minor,0
308,40,Jagannathpur,23.34,85.308,2021-11-07,11:46:00,Sunday,Clear,Main Road,High,Two-Wheeler,Minor,0
311,40,Jagannathpur,23.34,85.308,2021-09-23,18:37:00,Thursday,Clear,Residential Road,Medium,Two-Wheeler,Minor,0
316,40,Jagannathpur,23.34,85.308,2021-03-02,19:20:00,Tuesday,Clear,Chowk/Intersection,Low,Car,Minor,0
324,40,Jagannathpur,23.34,85.308,2021-02-16,08:18:00,Tuesday,Clear,Residential Road,High,Two-Wheeler,Serious,2
391,40,Jagannathpur,23.34,85.308,2022-08-14,18:16:00,Sunday,Rainy,Residential Road,High,Car,Serious,2
404,40,Jagannathpur,23.34,85.308,2024-04-10,06:22:00,Wednesday,Rainy,Main Road,Low,Two-Wheeler,Fatal,1
445,40,Jagannathpur,23.34,85.308,2021-07-30,17:17:00,Friday,Clear,Chowk/Intersection,Low,Car,Minor,0
451,40,Jagannathpur,23.34,85.308,2022-12-29,08:33:00,Thursday,Clear,Chowk/Intersection,Medium,Two-Wheeler,Minor,0
585,40,Jagannathpur,23.34,85.308,2025-05-07,18:52:00,Wednesday,Clear,Chowk/Intersection,Medium,Two-Wheeler,Minor,1
596,40,Jagannathpur,23.34,85.308,2025-02-22,09:21:00,Saturday,Clear,Chowk/Intersection,Medium,Car,Minor,0
793,40,Jagannathpur,23.34,85.308,2021-05-18,17:45:00,Tuesday,Clear,Main Road,Low,Truck,Serious,1
885,40,Jagannathpur,23.34,85.308,2025-10-30,19:30:00,Thursday,Stormy,Main Road,Medium,Two-Wheeler,Minor,0
968,40,Jagannathpur,23.34,85.308,2021-06-18,10:47:00,Friday,Clear,Chowk/Intersection,Medium,Two-Wheeler,Minor,0
982,40,Jagannathpur,23.34,85.308,2022-01-28,07:03:00,Friday,Foggy,Chowk/Intersection,Medium,Two-Wheeler,Minor,0
1026,40,Jagannathpur,23.34,85.308,2023-05-11,09:21:00,Thursday,Clear,Chowk/Intersection,Low,Truck,Minor,0
1255,40,Jagannathpur,23.34,85.308,2024-02-02,07:57:00,Friday,Rainy,Chowk/Intersection,High,Two-Wheeler,Minor,0
1264,40,Jagannathpur,23.34,85.308,2023-03-25,16:46:00,Saturday,Clear,Residential Road,Low,Bus,Serious,1
1322,40,Jagannathpur,23.34,85.308,2024-06-04,08:00:00,Tuesday,Rainy,Chowk/Intersection,Medium,Bus,Minor,1
1467,40,Jagannathpur,23.34,85.308,2022-09-03,08:08:00,Saturday,Clear,Main Road,Low,Auto-Rickshaw,Minor,0
1469,40,Jagannathpur,23.34,85.308,2023-03-25,08:36:00,Saturday,Rainy,Chowk/Intersection,Medium,Car,Fatal,1
1537,40,Jagannathpur,23.34,85.308,2022-03-20,20:42:00,Sunday,Rainy,Chowk/Intersection,Medium,Car,Minor,0
1546,40,Jagannathpur,23.34,85.308,2024-11-13,17:17:00,Wednesday,Rainy,Main Road,Medium,Auto-Rickshaw,Minor,0
1591,40,Jagannathpur,23.34,85.308,2022-05-17,08:41:00,Tuesday,Clear,Chowk/Intersection,Medium,Auto-Rickshaw,Fatal,1
1666,40,Jagannathpur,23.34,85.308,2021-07-24,10:05:00,Saturday,Clear,Residential Road,Medium,Car,Minor,1
1672,40,Jagannathpur,23.34,85.308,2022-03-28,20:11:00,Monday,Clear,Chowk/Intersection,Medium,Two-Wheeler,Minor,0
1827,40,Jagannathpur,23.34,85.308,2022-01-17,17:25:00,Monday,Clear,Chowk/Intersection,Low,Two-Wheeler,Minor,1
1860,40,Jagannathpur,23.34,85.308,2024-02-16,19:36:00,Friday,Clear,Chowk/Intersection,Medium,Auto-Rickshaw,Minor,0
1883,40,Jagannathpur,23.34,85.308,2021-07-07,17:09:00,Wednesday,Rainy,Residential Road,Medium,Car,Minor,0
1978,40,Jagannathpur,23.34,85.308,2025-07-10,10:01:00,Thursday,Rainy,Residential Road,High,Truck,Fatal,2
2007,40,Jagannathpur,23.34,85.308,2023-07-31,09:23:00,Monday,Clear,Chowk/Intersection,Low,Two-Wheeler,Fatal,1
2166,40,Jagannathpur,23.34,85.308,2025-11-08,09:05:00,Saturday,Foggy,Chowk/Intersection,Low,Two-Wheeler,Minor,1
2171,40,Jagannathpur,23.34,85.308,2025-01-27,18:50:00,Monday,Clear,Chowk/Intersection,High,Auto-Rickshaw,Minor,0
2186,40,Jagannathpur,23.34,85.308,2022-10-16,07:35:00,Sunday,Clear,Residential Road,Medium,Two-Wheeler,Fatal,2
2240,40,Jagannathpur,23.34,85.308,2025-10-03,05:24:00,Friday,Clear,Main Road,Low,Auto-Rickshaw,Minor,0
2316,40,Jagannathpur,23.34,85.308,2022-12-12,19:16:00,Monday,Clear,Main Road,High,Two-Wheeler,Minor,0
2509,40,Jagannathpur,23.34,85.308,2024-11-21,08:36:00,Thursday,Clear,Highway,Low,Bus,Minor,1
2580,40,Jagannathpur,23.34,85.308,2025-11-07,20:19:00,Friday,Foggy,Highway,High,Auto-Rickshaw,Fatal,3
2620,40,Jagannathpur,23.34,85.308,2022-05-15,18:46:00,Sunday,Clear,Main Road,Medium,Car,Minor,1
2686,40,Jagannathpur,23.34,85.308,2024-11-08,16:45:00,Friday,Clear,Highway,Medium,Two-Wheeler,Serious,2
2725,40,Jagannathpur,23.34,85.308,2021-10-05,16:58:00,Tuesday,Clear,Highway,High,Car,Minor,0
2746,40,Jagannathpur,23.34,85.308,2025-10-25,10:00:00,Saturday,Rainy,Main Road,Medium,Two-Wheeler,Serious,1
2769,40,Jagannathpur,23.34,85.308,2025-06-17,19:04:00,Tuesday,Rainy,Main Road,Medium,Bus,Serious,1
2839,40,Jagannathpur,23.34,85.308,2025-09-08,19:49:00,Monday,Clear,Main Road,Medium,Car,Minor,0
2857,40,Jagannathpur,23.34,85.308,2024-03-28,18:13:00,Thursday,Clear,Main Road,Low,Auto-Rickshaw,Minor,1
2868,40,Jagannathpur,23.34,85.308,2024-10-27,18:27:00,Sunday,Clear,Main Road,Medium,Two-Wheeler,Serious,1
2884,40,Jagannathpur,23.34,85.308,2025-10-16,07:14:00,Thursday,Clear,Main Road,High,Car,Minor,0
2917,40,Jagannathpur,23.34,85.308,2025-07-16,16:44:00,Wednesday,Clear,Chowk/Intersection,Medium,Auto-Rickshaw,Minor,1
2980,40,Jagannathpur,23.34,85.308,2022-07-30,16:54:00,Saturday,Clear,Chowk/Intersection,High,Two-Wheeler,Fatal,4
2984,40,Jagannathpur,23.34,85.308,2021-08-09,10:36:00,Monday,Clear,Main Road,Medium,Two-Wheeler,Serious,1
2995,40,Jagannathpur,23.34,85.308,2024-08-30,19:18:00,Friday,Clear,Chowk/Intersection,High,Auto-Rickshaw,Fatal,1
3015,40,Jagannathpur,23.34,85.308,2024-12-11,16:00:00,Wednesday,Foggy,Chowk/Intersection,Medium,Two-Wheeler,Serious,1
3023,40,Jagannathpur,23.34,85.308,2024-05-02,08:08:00,Thursday,Clear,Main Road,High,Car,Serious,2
3056,40,Jagannathpur,23.34,85.308,2023-10-28,08:53:00,Saturday,Clear,Highway,Medium,Truck,Minor,0
3078,40,Jagannathpur,23.34,85.308,2025-01-06,06:20:00,Monday,Foggy,Chowk/Intersection,Low,Two-Wheeler,Minor,0
3081,40,Jagannathpur,23.34,85.308,2024-11-05,07:27:00,Tuesday,Foggy,Chowk/Intersection,Low,Auto-Rickshaw,Minor,0
3084,40,Jagannathpur,23.34,85.308,2024-01-07,20:02:00,Sunday,Stormy,Chowk/Intersection,Medium,Two-Wheeler,Minor,0
3136,40,Jagannathpur,23.34,85.308,2023-07-11,10:39:00,Tuesday,Clear,Main Road,High,Two-Wheeler,Serious,1
3141,40,Jagannathpur,23.34,85.308,2025-09-10,06:01:00,Wednesday,Clear,Residential Road,Medium,Two-Wheeler,Fatal,3
3170,40,Jagannathpur,23.34,85.308,2021-04-09,19:50:00,Friday,Rainy,Residential Road,High,Auto-Rickshaw,Minor,1
3192,40,Jagannathpur,23.34,85.308,2024-10-14,20:44:00,Monday,Clear,Chowk/Intersection,Medium,Bus,Minor,0
3241,40,Jagannathpur,23.34,85.308,2021-03-21,16:06:00,Sunday,Rainy,Residential Road,High,Two-Wheeler,Serious,3
3245,40,Jagannathpur,23.34,85.308,2022-07-30,08:06:00,Saturday,Rainy,Highway,High,Car,Minor,1
3294,40,Jagannathpur,23.34,85.308,2024-01-27,20:03:00,Saturday,Clear,Main Road,High,Car,Minor,0
3349,40,Jagannathpur,23.34,85.308,2023-11-17,10:28:00,Friday,Stormy,Highway,Low,Two-Wheeler,Fatal,1
3352,40,Jagannathpur,23.34,85.308,2024-09-20,19:44:00,Friday,Clear,Main Road,High,Car,Serious,1
3582,40,Jagannathpur,23.34,85.308,2024-09-14,09:30:00,Saturday,Clear,Chowk/Intersection,Medium,Truck,Minor,0
3733,40,Jagannathpur,23.34,85.308,2023-11-19,09:00:00,Sunday,Foggy,Chowk/Intersection,Medium,Auto-Rickshaw,Minor,1
3835,40,Jagannathpur,23.34,85.308,2025-07-04,10:44:00,Friday,Clear,Residential Road,High,Two-Wheeler,Minor,0
3865,40,Jagannathpur,23.34,85.308,2021-10-02,19:32:00,Saturday,Stormy,Chowk/Intersection,Low,Two-Wheeler,Serious,1
4006,40,Jagannathpur,23.34,85.308,2024-09-08,18:38:00,Sunday,Rainy,Highway,High,Car,Serious,2
4163,40,Jagannathpur,23.34,85.308,2021-07-21,08:16:00,Wednesday,Clear,Highway,Low,Two-Wheeler,Fatal,2
4189,40,Jagannathpur,23.34,85.308,2022-06-28,09:30:00,Tuesday,Clear,Residential Road,High,Two-Wheeler,Minor,1
4274,40,Jagannathpur,23.34,85.308,2025-12-12,19:21:00,Friday,Foggy,Chowk/Intersection,Low,Two-Wheeler,Minor,0
4309,40,Jagannathpur,23.34,85.308,2024-03-12,07:15:00,Tuesday,Rainy,Chowk/Intersection,High,Bus,Minor,0
4318,40,Jagannathpur,23.34,85.308,2025-05-05,09:57:00,Monday,Foggy,Chowk/Intersection,Medium,Auto-Rickshaw,Minor,1
4442,40,Jagannathpur,23.34,85.308,2021-12-05,18:33:00,Sunday,Clear,Main Road,High,Two-Wheeler,Serious,1
4480,40,Jagannathpur,23.34,85.308,2025-04-18,07:56:00,Friday,Clear,Chowk/Intersection,Low,Bus,Fatal,1
4537,40,Jagannathpur,23.34,85.308,2024-06-09,07:13:00,Sunday,Rainy,Residential Road,Medium,Car,Fatal,3
4568,40,Jagannathpur,23.34,85.308,2024-09-28,20:15:00,Saturday,Clear,Residential Road,Low,Two-Wheeler,Serious,3
4765,40,Jagannathpur,23.34,85.308,2025-08-25,18:23:00,Monday,Clear,Main Road,Medium,Car,Minor,1
4766,40,Jagannathpur,23.34,85.308,2023-10-25,09:55:00,Wednesday,Foggy,Main Road,Medium,Two-Wheeler,Serious,2
4772,40,Jagannathpur,23.34,85.308,2021-05-13,08:34:00,Thursday,Rainy,Residential Road,Medium,Two-Wheeler,Serious,2
4805,40,Jagannathpur,23.34,85.308,2023-09-21,16:08:00,Thursday,Clear,Chowk/Intersection,Medium,Two-Wheeler,Minor,0
4808,40,Jagannathpur,23.34,85.308,2022-06-20,19:57:00,Monday,Rainy,Chowk/Intersection,Medium,Two-Wheeler,Minor,0
4813,40,Jagannathpur,23.34,85.308,2023-04-04,17:32:00,Tuesday,Clear,Main Road,Medium,Bus,Minor,1
4939,40,Jagannathpur,23.34,85.308,2022-05-20,18:12:00,Friday,Clear,Main Road,High,Bus,Serious,1
5043,40,Jagannathpur,23.34,85.308,2023-09-23,10:42:00,Saturday,Clear,Main Road,Medium,Two-Wheeler,Minor,0
5057,40,Jagannathpur,23.34,85.308,2021-12-17,19:20:00,Friday,Stormy,Residential Road,Medium,Two-Wheeler,Minor,0
5115,40,Jagannathpur,23.34,85.308,2022-06-02,09:05:00,Thursday,Clear,Highway,Medium,Auto-Rickshaw,Fatal,1
5175,40,Jagannathpur,23.34,85.308,2021-01-09,18:02:00,Saturday,Clear,Chowk/Intersection,High,Two-Wheeler,Minor,0
5226,40,Jagannathpur,23.34,85.308,2025-06-29,21:47:00,Sunday,Stormy,Residential Road,Medium,Two-Wheeler,Minor,0
5316,40,Jagannathpur,23.34,85.308,2022-11-13,08:11:00,Sunday,Clear,Main Road,High,Two-Wheeler,Minor,0
5444,40,Jagannathpur,23.34,85.308,2024-07-22,17:48:00,Monday,Rainy,Residential Road,High,Truck,Minor,0
5447,40,Jagannathpur,23.34,85.308,2025-05-09,10:28:00,Friday,Clear,Chowk/Intersection,Medium,Two-Wheeler,Serious,1
5484,40,Jagannathpur,23.34,85.308,2024-05-30,19:27:00,Thursday,Clear,Main Road,Low,Auto-Rickshaw,Minor,1
5524,40,Jagannathpur,23.34,85.308,2021-02-23,08:22:00,Tuesday,Clear,Main Road,Medium,Two-Wheeler,Minor,0
5607,40,Jagannathpur,23.34,85.308,2021-07-26,09:56:00,Monday,Foggy,Chowk/Intersection,High,Two-Wheeler,Serious,3
5658,40,Jagannathpur,23.34,85.308,2021-05-06,20:34:00,Thursday,Rainy,Chowk/Intersection,Medium,Two-Wheeler,Minor,0
5674,40,Jagannathpur,23.34,85.308,2021-09-05,10:10:00,Sunday,Clear,Main Road,Medium,Car,Minor,0
5692,40,Jagannathpur,23.34,85.308,2023-07-25,08:49:00,Tuesday,Stormy,Highway,High,Auto-Rickshaw,Fatal,1
5712,40,Jagannathpur,23.34,85.308,2024-07-23,11:46:00,Tuesday,Rainy,Chowk/Intersection,High,Auto-Rickshaw,Serious,1
5752,40,Jagannathpur,23.34,85.308,2021-12-16,10:01:00,Thursday,Rainy,Chowk/Intersection,High,Two-Wheeler,Minor,1
5762,40,Jagannathpur,23.34,85.308,2022-02-10,09:37:00,Thursday,Clear,Chowk/Intersection,Medium,Car,Minor,0
5767,40,Jagannathpur,23.34,85.308,2024-10-27,09:37:00,Sunday,Clear,Residential Road,High,Bus,Minor,1
5806,40,Jagannathpur,23.34,85.308,2022-07-02,11:33:00,Saturday,Foggy,Chowk/Intersection,Medium,Two-Wheeler,Minor,0
5809,40,Jagannathpur,23.34,85.308,2024-12-23,07:55:00,Monday,Rainy,Highway,Medium,Auto-Rickshaw,Minor,1
5896,40,Jagannathpur,23.34,85.308,2023-05-04,11:21:00,Thursday,Clear,Chowk/Intersection,High,Car,Serious,2
5939,40,Jagannathpur,23.34,85.308,2021-11-25,11:19:00,Thursday,Clear,Highway,High,Car,Minor,0
5974,40,Jagannathpur,23.34,85.308,2025-04-16,18:28:00,Wednesday,Rainy,Highway,High,Two-Wheeler,Minor,0
6032,40,Jagannathpur,23.34,85.308,2023-11-23,09:11:00,Thursday,Clear,Main Road,Medium,Two-Wheeler,Fatal,1
6048,40,Jagannathpur,23.34,85.308,2021-11-06,10:22:00,Saturday,Clear,Main Road,Low,Car,Minor,0
6080,40,Jagannathpur,23.34,85.308,2022-06-28,07:29:00,Tuesday,Clear,Residential Road,High,Car,Serious,2
6099,40,Jagannathpur,23.34,85.308,2022-04-12,20:40:00,Tuesday,Clear,Chowk/Intersection,High,Car,Minor,1
6237,40,Jagannathpur,23.34,85.308,2025-07-08,18:15:00,Tuesday,Clear,Highway,Low,Car,Serious,2
6256,40,Jagannathpur,23.34,85.308,2023-09-20,10:03:00,Wednesday,Clear,Highway,High,Bus,Minor,0
6360,40,Jagannathpur,23.34,85.308,2024-04-30,10:21:00,Tuesday,Clear,Chowk/Intersection,Low,Bus,Minor,0
6376,40,Jagannathpur,23.34,85.308,2023-10-21,10:01:00,Saturday,Foggy,Chowk/Intersection,High,Two-Wheeler,Minor,1
6399,40,Jagannathpur,23.34,85.308,2024-05-04,08:16:00,Saturday,Stormy,Residential Road,Medium,Auto-Rickshaw,Serious,1
6430,40,Jagannathpur,23.34,85.308,2024-09-06,11:15:00,Friday,Clear,Main Road,Medium,Two-Wheeler,Minor,0
6433,40,Jagannathpur,23.34,85.308,2022-08-13,10:44:00,Saturday,Rainy,Chowk/Intersection,High,Two-Wheeler,Minor,0
6484,40,Jagannathpur,23.34,85.308,2025-03-04,08:27:00,Tuesday,Rainy,Highway,Medium,Car,Minor,0
6579,40,Jagannathpur,23.34,85.308,2022-09-09,08:15:00,Friday,Stormy,Residential Road,Low,Car,Serious,1
6610,40,Jagannathpur,23.34,85.308,2024-08-29,07:16:00,Thursday,Clear,Highway,High,Car,Minor,1
6620,40,Jagannathpur,23.34,85.308,2024-11-26,09:21:00,Tuesday,Foggy,Main Road,Low,Auto-Rickshaw,Minor,1
6674,40,Jagannathpur,23.34,85.308,2025-01-22,08:39:00,Wednesday,Clear,Main Road,High,Car,Serious,2
6698,40,Jagannathpur,23.34,85.308,2025-12-19,18:12:00,Friday,Clear,Main Road,Low,Bus,Serious,3
6801,40,Jagannathpur,23.34,85.308,2023-07-20,16:17:00,Thursday,Clear,Main Road,High,Two-Wheeler,Minor,0
6843,40,Jagannathpur,23.34,85.308,2021-06-30,19:51:00,Wednesday,Clear,Chowk/Intersection,Medium,Two-Wheeler,Minor,0
6847,40,Jagannathpur,23.34,85.308,2023-12-15,17:12:00,Friday,Clear,Highway,Medium,Car,Minor,1
6926,40,Jagannathpur,23.34,85.308,2023-12-10,08:38:00,Sunday,Rainy,Main Road,Low,Car,Serious,3
6950,40,Jagannathpur,23.34,85.308,2025-02-05,17:41:00,Wednesday,Clear,Highway,High,Two-Wheeler,Serious,3
6989,40,Jagannathpur,23.34,85.308,2022-10-18,19:22:00,Tuesday,Rainy,Main Road,Low,Two-Wheeler,Serious,1
7010,40,Jagannathpur,23.34,85.308,2024-12-10,20:49:00,Tuesday,Clear,Main Road,High,Two-Wheeler,Minor,1
7053,40,Jagannathpur,23.34,85.308,2023-11-02,20:10:00,Thursday,Clear,Main Road,Low,Auto-Rickshaw,Serious,2
7054,40,Jagannathpur,23.34,85.308,2021-10-20,16:23:00,Wednesday,Clear,Residential Road,Medium,Two-Wheeler,Serious,1
7064,40,Jagannathpur,23.34,85.308,2023-04-24,19:32:00,Monday,Clear,Main Road,Medium,Two-Wheeler,Minor,1
7083,40,Jagannathpur,23.34,85.308,2021-09-08,20:36:00,Wednesday,Clear,Main Road,High,Two-Wheeler,Serious,1
7101,40,Jagannathpur,23.34,85.308,2022-10-14,18:16:00,Friday,Rainy,Main Road,High,Auto-Rickshaw,Minor,1
7109,40,Jagannathpur,23.34,85.308,2021-12-29,19:00:00,Wednesday,Rainy,Main Road,Medium,Two-Wheeler,Serious,2
7155,40,Jagannathpur,23.34,85.308,2022-11-12,09:36:00,Saturday,Clear,Residential Road,Medium,Car,Minor,0
7218,40,Jagannathpur,23.34,85.308,2021-10-24,09:41:00,Sunday,Rainy,Highway,Medium,Auto-Rickshaw,Minor,0
7221,40,Jagannathpur,23.34,85.308,2024-12-03,06:07:00,Tuesday,Clear,Main Road,Medium,Car,Serious,1
7298,40,Jagannathpur,23.34,85.308,2024-02-05,16:45:00,Monday,Clear,Residential Road,Medium,Car,Minor,1
7359,40,Jagannathpur,23.34,85.308,2024-06-10,10:34:00,Monday,Rainy,Chowk/Intersection,Medium,Two-Wheeler,Minor,1
7386,40,Jagannathpur,23.34,85.308,2024-08-30,09:38:00,Friday,Clear,Highway,Medium,Truck,Minor,0
7443,40,Jagannathpur,23.34,85.308,2021-09-28,17:14:00,Tuesday,Clear,Chowk/Intersection,High,Two-Wheeler,Minor,0
7464,40,Jagannathpur,23.34,85.308,2023-12-11,19:49:00,Monday,Clear,Highway,Medium,Bus,Minor,0
7487,40,Jagannathpur,23.34,85.308,2022-02-22,09:29:00,Tuesday,Clear,Chowk/Intersection,Medium,Car,Minor,0
7514,40,Jagannathpur,23.34,85.308,2021-02-13,17:17:00,Saturday,Clear,Highway,High,Two-Wheeler,Minor,0
7619,40,Jagannathpur,23.34,85.308,2021-09-11,09:34:00,Saturday,Rainy,Chowk/Intersection,Medium,Two-Wheeler,Minor,0
7663,40,Jagannathpur,23.34,85.308,2021-12-25,11:23:00,Saturday,Rainy,Chowk/Intersection,High,Auto-Rickshaw,Serious,1
7668,40,Jagannathpur,23.34,85.308,2023-08-27,18:17:00,Sunday,Rainy,Chowk/Intersection,Medium,Two-Wheeler,Minor,1
7677,40,Jagannathpur,23.34,85.308,2023-01-11,19:35:00,Wednesday,Rainy,Residential Road,High,Car,Serious,2
7746,40,Jagannathpur,23.34,85.308,2022-01-11,19:22:00,Tuesday,Rainy,Residential Road,Medium,Two-Wheeler,Serious,3
7763,40,Jagannathpur,23.34,85.308,2024-02-22,12:19:00,Thursday,Foggy,Highway,Low,Car,Minor,0
7807,40,Jagannathpur,23.34,85.308,2024-07-18,18:54:00,Thursday,Clear,Chowk/Intersection,Medium,Car,Serious,2
7821,40,Jagannathpur,23.34,85.308,2023-04-15,18:01:00,Saturday,Clear,Highway,High,Two-Wheeler,Minor,1
7958,40,Jagannathpur,23.34,85.308,2021-04-15,06:27:00,Thursday,Clear,Highway,Low,Bus,Minor,0
54,41,Anandpuri,23.387,85.305,2021-04-02,11:12:00,Friday,Foggy,Chowk/Intersection,Low,Two-Wheeler,Minor,1
77,41,Anandpuri,23.387,85.305,2022-04-06,05:23:00,Wednesday,Clear,Highway,High,Two-Wheeler,Serious,1
115,41,Anandpuri,23.387,85.305,2021-10-31,18:17:00,Sunday,Clear,Residential Road,High,Car,Minor,1
128,41,Anandpuri,23.387,85.305,2021-06-21,09:40:00,Monday,Rainy,Main Road,Low,Auto-Rickshaw,Fatal,1
164,41,Anandpuri,23.387,85.305,2021-07-19,09:57:00,Monday,Clear,Highway,High,Two-Wheeler,Minor,0
171,41,Anandpuri,23.387,85.305,2025-04-19,16:35:00,Saturday,Rainy,Residential Road,High,Car,Minor,1
194,41,Anandpuri,23.387,85.305,2024-01-24,18:38:00,Wednesday,Clear,Main Road,High,Truck,Minor,0
202,41,Anandpuri,23.387,85.305,2025-10-11,08:14:00,Saturday,Clear,Highway,Low,Bus,Minor,1
244,41,Anandpuri,23.387,85.305,2023-01-26,17:34:00,Thursday,Foggy,Residential Road,High,Two-Wheeler,Serious,1
260,41,Anandpuri,23.387,85.305,2023-06-07,06:03:00,Wednesday,Stormy,Main Road,Low,Two-Wheeler,Serious,1
286,41,Anandpuri,23.387,85.305,2024-02-29,10:56:00,Thursday,Clear,Chowk/Intersection,High,Two-Wheeler,Minor,0
301,41,Anandpuri,23.387,85.305,2024-06-17,09:09:00,Monday,Clear,Main Road,High,Car,Minor,0
320,41,Anandpuri,23.387,85.305,2025-11-06,08:11:00,Thursday,Stormy,Highway,High,Car,Fatal,1
328,41,Anandpuri,23.387,85.305,2021-10-13,11:52:00,Wednesday,Foggy,Highway,High,Bus,Serious,1
370,41,Anandpuri,23.387,85.305,2021-06-08,14:14:00,Tuesday,Stormy,Main Road,Medium,Auto-Rickshaw,Serious,3
476,41,Anandpuri,23.387,85.305,2023-06-08,08:51:00,Thursday,Clear,Highway,Medium,Truck,Minor,0
694,41,Anandpuri,23.387,85.305,2021-02-11,18:03:00,Thursday,Clear,Residential Road,Medium,Two-Wheeler,Fatal,2
698,41,Anandpuri,23.387,85.305,2024-12-17,18:49:00,Tuesday,Clear,Chowk/Intersection,High,Two-Wheeler,Serious,1
702,41,Anandpuri,23.387,85.305,2023-03-08,18:07:00,Wednesday,Clear,Highway,Low,Two-Wheeler,Minor,1
733,41,Anandpuri,23.387,85.305,2022-04-24,10:00:00,Sunday,Rainy,Main Road,High,Two-Wheeler,Serious,1
766,41,Anandpuri,23.387,85.305,2021-03-15,17:17:00,Monday,Clear,Highway,High,Bus,Fatal,3
778,41,Anandpuri,23.387,85.305,2021-09-11,18:04:00,Saturday,Rainy,Chowk/Intersection,High,Two-Wheeler,Minor,0
791,41,Anandpuri,23.387,85.305,2022-09-14,18:54:00,Wednesday,Clear,Main Road,Medium,Auto-Rickshaw,Minor,0
798,41,Anandpuri,23.387,85.305,2023-09-03,19:35:00,Sunday,Rainy,Chowk/Intersection,High,Bus,Serious,1
855,41,Anandpuri,23.387,85.305,2025-08-06,08:36:00,Wednesday,Clear,Main Road,High,Two-Wheeler,Fatal,2
864,41,Anandpuri,23.387,85.305,2024-06-24,18:43:00,Monday,Clear,Main Road,Low,Car,Minor,0
878,41,Anandpuri,23.387,85.305,2022-05-14,19:56:00,Saturday,Clear,Chowk/Intersection,Low,Two-Wheeler,Fatal,1
912,41,Anandpuri,23.387,85.305,2025-02-25,17:17:00,Tuesday,Clear,Highway,Low,Two-Wheeler,Minor,0
924,41,Anandpuri,23.387,85.305,2022-02-05,19:24:00,Saturday,Rainy,Main Road,Low,Bus,Serious,2
938,41,Anandpuri,23.387,85.305,2023-10-28,20:08:00,Saturday,Clear,Highway,Medium,Two-Wheeler,Fatal,3
970,41,Anandpuri,23.387,85.305,2022-08-20,16:23:00,Saturday,Foggy,Highway,High,Car,Serious,2
974,41,Anandpuri,23.387,85.305,2021-10-11,06:38:00,Monday,Clear,Residential Road,High,Car,Serious,1
1061,41,Anandpuri,23.387,85.305,2025-04-08,08:30:00,Tuesday,Clear,Highway,High,Car,Minor,0
1091,41,Anandpuri,23.387,85.305,2025-12-20,10:22:00,Saturday,Clear,Main Road,High,Two-Wheeler,Minor,0
1127,41,Anandpuri,23.387,85.305,2022-06-07,18:44:00,Tuesday,Rainy,Highway,Low,Car,Minor,0
1187,41,Anandpuri,23.387,85.305,2023-07-18,11:03:00,Tuesday,Foggy,Main Road,Low,Two-Wheeler,Serious,1
1199,41,Anandpuri,23.387,85.305,2024-09-03,08:22:00,Tuesday,Clear,Residential Road,Medium,Two-Wheeler,Minor,0
1213,41,Anandpuri,23.387,85.305,2023-09-17,07:21:00,Sunday,Stormy,Main Road,Low,Truck,Serious,1
1230,41,Anandpuri,23.387,85.305,2023-06-25,09:55:00,Sunday,Clear,Chowk/Intersection,Medium,Two-Wheeler,Minor,0
1287,41,Anandpuri,23.387,85.305,2021-02-04,16:14:00,Thursday,Clear,Residential Road,Medium,Two-Wheeler,Minor,1
1367,41,Anandpuri,23.387,85.305,2023-11-21,19:20:00,Tuesday,Clear,Main Road,Medium,Two-Wheeler,Minor,0
1381,41,Anandpuri,23.387,85.305,2025-04-07,17:34:00,Monday,Clear,Chowk/Intersection,Medium,Two-Wheeler,Serious,1
1407,41,Anandpuri,23.387,85.305,2025-04-15,20:03:00,Tuesday,Stormy,Chowk/Intersection,Medium,Auto-Rickshaw,Serious,1
1454,41,Anandpuri,23.387,85.305,2021-03-09,07:51:00,Tuesday,Clear,Main Road,Low,Truck,Fatal,1
1474,41,Anandpuri,23.387,85.305,2021-02-18,09:39:00,Thursday,Clear,Main Road,High,Truck,Minor,0
1532,41,Anandpuri,23.387,85.305,2022-04-24,16:59:00,Sunday,Clear,Chowk/Intersection,High,Two-Wheeler,Minor,1
1549,41,Anandpuri,23.387,85.305,2023-03-03,17:38:00,Friday,Clear,Highway,High,Two-Wheeler,Serious,3
1582,41,Anandpuri,23.387,85.305,2025-08-14,18:14:00,Thursday,Clear,Residential Road,Medium,Truck,Minor,1
1745,41,Anandpuri,23.387,85.305,2021-11-28,09:41:00,Sunday,Clear,Highway,Medium,Two-Wheeler,Serious,3
1756,41,Anandpuri,23.387,85.305,2021-01-07,19:25:00,Thursday,Clear,Chowk/Intersection,Low,Bus,Serious,1
1775,41,Anandpuri,23.387,85.305,2022-09-28,10:52:00,Wednesday,Clear,Main Road,Medium,Bus,Minor,0
1794,41,Anandpuri,23.387,85.305,2023-02-05,07:53:00,Sunday,Rainy,Highway,Medium,Two-Wheeler,Minor,1
1810,41,Anandpuri,23.387,85.305,2025-08-01,17:26:00,Friday,Foggy,Chowk/Intersection,Medium,Car,Serious,2
1812,41,Anandpuri,23.387,85.305,2025-08-24,08:23:00,Sunday,Clear,Residential Road,High,Car,Minor,1
1819,41,Anandpuri,23.387,85.305,2022-12-20,08:45:00,Tuesday,Rainy,Chowk/Intersection,Medium,Auto-Rickshaw,Minor,0
1824,41,Anandpuri,23.387,85.305,2025-03-11,09:32:00,Tuesday,Clear,Chowk/Intersection,Medium,Auto-Rickshaw,Serious,2
1825,41,Anandpuri,23.387,85.305,2023-07-10,09:16:00,Monday,Rainy,Chowk/Intersection,Medium,Car,Minor,1
1829,41,Anandpuri,23.387,85.305,2025-01-23,18:28:00,Thursday,Clear,Main Road,High,Two-Wheeler,Serious,1
1833,41,Anandpuri,23.387,85.305,2023-08-12,10:46:00,Saturday,Clear,Highway,High,Truck,Minor,1
1835,41,Anandpuri,23.387,85.305,2022-09-04,16:11:00,Sunday,Clear,Chowk/Intersection,High,Car,Serious,2
1887,41,Anandpuri,23.387,85.305,2023-07-20,07:18:00,Thursday,Clear,Chowk/Intersection,High,Car,Serious,2
1937,41,Anandpuri,23.387,85.305,2022-12-23,19:16:00,Friday,Clear,Main Road,Medium,Two-Wheeler,Fatal,3
1939,41,Anandpuri,23.387,85.305,2023-01-17,21:56:00,Tuesday,Clear,Residential Road,Low,Two-Wheeler,Serious,2
1950,41,Anandpuri,23.387,85.305,2024-02-05,06:47:00,Monday,Foggy,Highway,Low,Auto-Rickshaw,Fatal,1
2008,41,Anandpuri,23.387,85.305,2025-05-06,16:41:00,Tuesday,Clear,Chowk/Intersection,Medium,Car,Serious,2
2026,41,Anandpuri,23.387,85.305,2023-11-07,09:30:00,Tuesday,Clear,Chowk/Intersection,Low,Two-Wheeler,Minor,0
2034,41,Anandpuri,23.387,85.305,2022-12-03,18:03:00,Saturday,Clear,Residential Road,Low,Two-Wheeler,Serious,2
2060,41,Anandpuri,23.387,85.305,2023-03-23,17:05:00,Thursday,Clear,Main Road,High,Bus,Fatal,1
2073,41,Anandpuri,23.387,85.305,2025-07-24,12:32:00,Thursday,Foggy,Highway,Medium,Car,Fatal,4
2080,41,Anandpuri,23.387,85.305,2024-03-06,15:59:00,Wednesday,Clear,Chowk/Intersection,Low,Auto-Rickshaw,Minor,1
2100,41,Anandpuri,23.387,85.305,2023-05-17,17:43:00,Wednesday,Clear,Chowk/Intersection,High,Bus,Minor,1
2131,41,Anandpuri,23.387,85.305,2024-10-06,07:10:00,Sunday,Rainy,Highway,High,Two-Wheeler,Serious,1
2170,41,Anandpuri,23.387,85.305,2023-08-22,14:30:00,Tuesday,Clear,Main Road,High,Two-Wheeler,Minor,1
2174,41,Anandpuri,23.387,85.305,2023-03-05,19:08:00,Sunday,Clear,Residential Road,Medium,Auto-Rickshaw,Fatal,1
2241,41,Anandpuri,23.387,85.305,2024-11-30,23:36:00,Saturday,Clear,Main Road,Medium,Truck,Minor,1
2311,41,Anandpuri,23.387,85.305,2025-04-03,10:42:00,Thursday,Clear,Chowk/Intersection,Medium,Car,Minor,1
2493,41,Anandpuri,23.387,85.305,2025-07-27,06:22:00,Sunday,Clear,Chowk/Intersection,Medium,Two-Wheeler,Serious,2
2513,41,Anandpuri,23.387,85.305,2025-01-14,19:18:00,Tuesday,Clear,Main Road,Medium,Two-Wheeler,Minor,0
2551,41,Anandpuri,23.387,85.305,2024-10-20,20:40:00,Sunday,Clear,Main Road,High,Two-Wheeler,Serious,1
2556,41,Anandpuri,23.387,85.305,2025-09-12,11:04:00,Friday,Clear,Highway,Medium,Two-Wheeler,Serious,3
2629,41,Anandpuri,23.387,85.305,2023-08-09,19:49:00,Wednesday,Rainy,Highway,Low,Two-Wheeler,Serious,1
2712,41,Anandpuri,23.387,85.305,2023-08-21,15:33:00,Monday,Clear,Chowk/Intersection,High,Two-Wheeler,Minor,1
2715,41,Anandpuri,23.387,85.305,2025-11-12,09:38:00,Wednesday,Clear,Residential Road,High,Two-Wheeler,Serious,2
2768,41,Anandpuri,23.387,85.305,2023-09-20,09:02:00,Wednesday,Rainy,Chowk/Intersection,High,Bus,Minor,1
2842,41,Anandpuri,23.387,85.305,2025-04-06,11:40:00,Sunday,Rainy,Main Road,Low,Two-Wheeler,Serious,1
2878,41,Anandpuri,23.387,85.305,2022-02-28,08:32:00,Monday,Clear,Highway,Low,Auto-Rickshaw,Fatal,1
2896,41,Anandpuri,23.387,85.305,2024-02-27,18:06:00,Tuesday,Clear,Main Road,Medium,Two-Wheeler,Serious,1
2909,41,Anandpuri,23.387,85.305,2025-02-06,18:19:00,Thursday,Clear,Chowk/Intersection,High,Two-Wheeler,Minor,0
2926,41,Anandpuri,23.387,85.305,2023-04-15,11:03:00,Saturday,Clear,Main Road,Medium,Two-Wheeler,Minor,0
2930,41,Anandpuri,23.387,85.305,2024-12-29,19:36:00,Sunday,Rainy,Main Road,High,Truck,Minor,1
2935,41,Anandpuri,23.387,85.305,2022-06-26,20:51:00,Sunday,Foggy,Chowk/Intersection,High,Car,Minor,0
2954,41,Anandpuri,23.387,85.305,2025-09-27,09:21:00,Saturday,Clear,Highway,Medium,Two-Wheeler,Minor,1
2970,41,Anandpuri,23.387,85.305,2025-11-02,19:06:00,Sunday,Clear,Main Road,High,Car,Minor,1
2974,41,Anandpuri,23.387,85.305,2023-02-28,16:07:00,Tuesday,Clear,Highway,High,Car,Fatal,2
3102,41,Anandpuri,23.387,85.305,2024-10-10,09:54:00,Thursday,Clear,Chowk/Intersection,Low,Truck,Serious,1
3103,41,Anandpuri,23.387,85.305,2025-08-03,07:20:00,Sunday,Clear,Chowk/Intersection,Medium,Car,Serious,2
3120,41,Anandpuri,23.387,85.305,2022-06-16,18:09:00,Thursday,Clear,Chowk/Intersection,Medium,Auto-Rickshaw,Minor,0
3140,41,Anandpuri,23.387,85.305,2024-12-10,19:02:00,Tuesday,Foggy,Chowk/Intersection,Medium,Two-Wheeler,Minor,0
3177,41,Anandpuri,23.387,85.305,2025-12-26,17:29:00,Friday,Clear,Residential Road,High,Bus,Fatal,1
3209,41,Anandpuri,23.387,85.305,2024-10-11,08:43:00,Friday,Clear,Highway,High,Auto-Rickshaw,Serious,2
3265,41,Anandpuri,23.387,85.305,2025-01-05,18:20:00,Sunday,Clear,Chowk/Intersection,Low,Car,Minor,1
3305,41,Anandpuri,23.387,85.305,2023-06-16,09:21:00,Friday,Clear,Chowk/Intersection,Medium,Truck,Minor,1
3356,41,Anandpuri,23.387,85.305,2021-05-08,18:51:00,Saturday,Rainy,Main Road,Medium,Two-Wheeler,Minor,1
3405,41,Anandpuri,23.387,85.305,2025-05-06,18:25:00,Tuesday,Clear,Highway,Low,Car,Serious,1
3409,41,Anandpuri,23.387,85.305,2021-04-27,10:46:00,Tuesday,Foggy,Main Road,Low,Truck,Serious,1
3467,41,Anandpuri,23.387,85.305,2025-01-06,18:05:00,Monday,Foggy,Main Road,Medium,Car,Minor,1
3553,41,Anandpuri,23.387,85.305,2025-12-21,20:44:00,Sunday,Clear,Chowk/Intersection,Medium,Two-Wheeler,Minor,0
3560,41,Anandpuri,23.387,85.305,2023-03-08,08:58:00,Wednesday,Clear,Residential Road,Medium,Auto-Rickshaw,Minor,0
3571,41,Anandpuri,23.387,85.305,2021-04-01,20:15:00,Thursday,Rainy,Highway,Medium,Two-Wheeler,Fatal,1
3575,41,Anandpuri,23.387,85.305,2025-07-27,13:20:00,Sunday,Clear,Chowk/Intersection,High,Two-Wheeler,Minor,0
3586,41,Anandpuri,23.387,85.305,2025-04-11,09:36:00,Friday,Stormy,Main Road,Low,Bus,Serious,1
3600,41,Anandpuri,23.387,85.305,2025-06-12,08:33:00,Thursday,Rainy,Chowk/Intersection,High,Truck,Serious,1
3650,41,Anandpuri,23.387,85.305,2022-02-26,18:19:00,Saturday,Clear,Chowk/Intersection,Medium,Two-Wheeler,Minor,0
3662,41,Anandpuri,23.387,85.305,2024-04-04,15:13:00,Thursday,Clear,Residential Road,High,Car,Minor,0
3688,41,Anandpuri,23.387,85.305,2022-09-18,08:11:00,Sunday,Clear,Chowk/Intersection,Medium,Car,Minor,1
3716,41,Anandpuri,23.387,85.305,2021-02-13,11:31:00,Saturday,Clear,Main Road,Medium,Car,Minor,0
3722,41,Anandpuri,23.387,85.305,2023-04-07,19:30:00,Friday,Rainy,Chowk/Intersection,Low,Two-Wheeler,Serious,2
3727,41,Anandpuri,23.387,85.305,2021-01-19,06:44:00,Tuesday,Stormy,Main Road,Medium,Two-Wheeler,Serious,3
3776,41,Anandpuri,23.387,85.305,2025-04-15,11:32:00,Tuesday,Rainy,Chowk/Intersection,Medium,Auto-Rickshaw,Serious,3
3794,41,Anandpuri,23.387,85.305,2022-07-13,20:10:00,Wednesday,Clear,Chowk/Intersection,High,Two-Wheeler,Minor,1
3808,41,Anandpuri,23.387,85.305,2023-09-08,19:16:00,Friday,Foggy,Main Road,Medium,Truck,Minor,1
3821,41,Anandpuri,23.387,85.305,2021-02-08,18:22:00,Monday,Clear,Main Road,High,Auto-Rickshaw,Serious,2
3874,41,Anandpuri,23.387,85.305,2022-05-04,08:39:00,Wednesday,Rainy,Residential Road,High,Car,Serious,2
3909,41,Anandpuri,23.387,85.305,2022-01-24,07:04:00,Monday,Rainy,Chowk/Intersection,Low,Two-Wheeler,Minor,0
3929,41,Anandpuri,23.387,85.305,2023-03-16,07:05:00,Thursday,Stormy,Main Road,Low,Truck,Serious,3
4075,41,Anandpuri,23.387,85.305,2021-02-19,06:32:00,Friday,Clear,Main Road,Medium,Car,Serious,1
4115,41,Anandpuri,23.387,85.305,2021-01-14,10:17:00,Thursday,Clear,Residential Road,High,Two-Wheeler,Minor,0
4121,41,Anandpuri,23.387,85.305,2021-04-06,18:08:00,Tuesday,Rainy,Chowk/Intersection,High,Auto-Rickshaw,Minor,0
4160,41,Anandpuri,23.387,85.305,2022-08-14,06:06:00,Sunday,Clear,Chowk/Intersection,Medium,Two-Wheeler,Serious,1
4167,41,Anandpuri,23.387,85.305,2024-11-11,17:09:00,Monday,Clear,Residential Road,Low,Car,Serious,3
4178,41,Anandpuri,23.387,85.305,2023-11-20,18:27:00,Monday,Clear,Main Road,Medium,Two-Wheeler,Minor,1
4193,41,Anandpuri,23.387,85.305,2023-01-11,18:09:00,Wednesday,Stormy,Chowk/Intersection,Low,Two-Wheeler,Serious,1
4259,41,Anandpuri,23.387,85.305,2021-07-17,06:36:00,Saturday,Clear,Chowk/Intersection,Medium,Two-Wheeler,Minor,0
4357,41,Anandpuri,23.387,85.305,2023-01-29,09:55:00,Sunday,Foggy,Chowk/Intersection,High,Car,Minor,0
4377,41,Anandpuri,23.387,85.305,2023-11-06,19:26:00,Monday,Clear,Highway,Medium,Two-Wheeler,Minor,0
4462,41,Anandpuri,23.387,85.305,2024-08-22,11:42:00,Thursday,Foggy,Main Road,High,Two-Wheeler,Fatal,2
4491,41,Anandpuri,23.387,85.305,2025-07-17,08:56:00,Thursday,Clear,Highway,Low,Two-Wheeler,Fatal,2
4534,41,Anandpuri,23.387,85.305,2024-02-19,17:13:00,Monday,Clear,Highway,Low,Car,Minor,1
4588,41,Anandpuri,23.387,85.305,2024-02-01,18:23:00,Thursday,Clear,Main Road,High,Car,Minor,0
4608,41,Anandpuri,23.387,85.305,2024-05-16,09:46:00,Thursday,Foggy,Chowk/Intersection,Medium,Car,Minor,0
4619,41,Anandpuri,23.387,85.305,2021-01-10,17:09:00,Sunday,Clear,Chowk/Intersection,High,Two-Wheeler,Minor,0
4627,41,Anandpuri,23.387,85.305,2024-10-03,18:23:00,Thursday,Foggy,Highway,Medium,Two-Wheeler,Fatal,1
4681,41,Anandpuri,23.387,85.305,2023-04-25,18:31:00,Tuesday,Clear,Highway,Low,Auto-Rickshaw,Minor,0
4704,41,Anandpuri,23.387,85.305,2024-01-03,09:23:00,Wednesday,Clear,Main Road,Low,Car,Minor,0
4750,41,Anandpuri,23.387,85.305,2023-01-16,20:28:00,Monday,Clear,Highway,Low,Car,Minor,0
4783,41,Anandpuri,23.387,85.305,2023-09-25,09:10:00,Monday,Clear,Chowk/Intersection,Medium,Auto-Rickshaw,Minor,0
4798,41,Anandpuri,23.387,85.305,2025-05-24,08:29:00,Saturday,Rainy,Residential Road,Low,Two-Wheeler,Minor,0
4799,41,Anandpuri,23.387,85.305,2023-10-13,10:27:00,Friday,Clear,Chowk/Intersection,Medium,Truck,Minor,0
4812,41,Anandpuri,23.387,85.305,2021-09-29,18:40:00,Wednesday,Clear,Main Road,Medium,Two-Wheeler,Minor,1
4814,41,Anandpuri,23.387,85.305,2021-12-19,17:28:00,Sunday,Clear,Chowk/Intersection,Medium,Two-Wheeler,Minor,0
4846,41,Anandpuri,23.387,85.305,2024-06-15,07:14:00,Saturday,Clear,Chowk/Intersection,Low,Two-Wheeler,Minor,0
4903,41,Anandpuri,23.387,85.305,2024-05-31,09:27:00,Friday,Clear,Highway,Low,Two-Wheeler,Serious,3
4918,41,Anandpuri,23.387,85.305,2024-11-12,10:07:00,Tuesday,Clear,Residential Road,Low,Auto-Rickshaw,Fatal,1
4959,41,Anandpuri,23.387,85.305,2024-07-02,18:08:00,Tuesday,Clear,Chowk/Intersection,Low,Bus,Minor,1
4971,41,Anandpuri,23.387,85.305,2022-09-26,16:00:00,Monday,Clear,Residential Road,High,Two-Wheeler,Serious,2
4993,41,Anandpuri,23.387,85.305,2022-06-06,16:30:00,Monday,Clear,Residential Road,Low,Two-Wheeler,Minor,0
5038,41,Anandpuri,23.387,85.305,2024-12-19,10:56:00,Thursday,Clear,Chowk/Intersection,High,Car,Serious,2
5083,41,Anandpuri,23.387,85.305,2023-12-21,17:58:00,Thursday,Rainy,Main Road,Medium,Car,Serious,2
5089,41,Anandpuri,23.387,85.305,2023-08-11,18:49:00,Friday,Rainy,Main Road,Medium,Bus,Minor,1
5104,41,Anandpuri,23.387,85.305,2022-07-21,09:14:00,Thursday,Clear,Highway,High,Two-Wheeler,Minor,0
5160,41,Anandpuri,23.387,85.305,2023-09-12,17:17:00,Tuesday,Clear,Residential Road,Low,Two-Wheeler,Serious,3
5170,41,Anandpuri,23.387,85.305,2022-04-30,16:51:00,Saturday,Clear,Chowk/Intersection,High,Car,Serious,2
5208,41,Anandpuri,23.387,85.305,2025-04-28,08:13:00,Monday,Clear,Residential Road,High,Car,Minor,0
5227,41,Anandpuri,23.387,85.305,2022-04-04,09:13:00,Monday,Clear,Chowk/Intersection,Medium,Auto-Rickshaw,Minor,1
5239,41,Anandpuri,23.387,85.305,2021-02-23,09:28:00,Tuesday,Rainy,Main Road,Medium,Car,Serious,1
5270,41,Anandpuri,23.387,85.305,2022-12-28,10:51:00,Wednesday,Foggy,Residential Road,High,Two-Wheeler,Serious,1
5337,41,Anandpuri,23.387,85.305,2024-04-17,07:59:00,Wednesday,Rainy,Main Road,Low,Bus,Fatal,1
5371,41,Anandpuri,23.387,85.305,2021-11-27,08:57:00,Saturday,Clear,Main Road,High,Two-Wheeler,Serious,2
5397,41,Anandpuri,23.387,85.305,2022-12-07,16:48:00,Wednesday,Clear,Highway,Medium,Bus,Serious,2
5403,41,Anandpuri,23.387,85.305,2023-12-16,09:06:00,Saturday,Clear,Highway,Medium,Two-Wheeler,Serious,3
5407,41,Anandpuri,23.387,85.305,2024-04-25,19:07:00,Thursday,Clear,Residential Road,Medium,Two-Wheeler,Serious,2
5451,41,Anandpuri,23.387,85.305,2024-02-24,17:00:00,Saturday,Clear,Chowk/Intersection,High,Bus,Minor,1
5453,41,Anandpuri,23.387,85.305,2023-10-29,10:11:00,Sunday,Clear,Chowk/Intersection,Medium,Car,Serious,1
5456,41,Anandpuri,23.387,85.305,2024-08-04,08:15:00,Sunday,Clear,Main Road,Medium,Two-Wheeler,Minor,1
5469,41,Anandpuri,23.387,85.305,2024-01-30,19:32:00,Tuesday,Clear,Highway,High,Two-Wheeler,Minor,0
5477,41,Anandpuri,23.387,85.305,2021-08-26,08:25:00,Thursday,Clear,Chowk/Intersection,Medium,Two-Wheeler,Fatal,3
5487,41,Anandpuri,23.387,85.305,2023-12-15,07:21:00,Friday,Rainy,Chowk/Intersection,Medium,Bus,Minor,0
5491,41,Anandpuri,23.387,85.305,2025-08-30,07:39:00,Saturday,Foggy,Main Road,Medium,Two-Wheeler,Serious,1
5506,41,Anandpuri,23.387,85.305,2022-12-05,19:30:00,Monday,Clear,Main Road,Medium,Two-Wheeler,Serious,2
5554,41,Anandpuri,23.387,85.305,2023-03-07,08:57:00,Tuesday,Clear,Chowk/Intersection,High,Auto-Rickshaw,Minor,1
5559,41,Anandpuri,23.387,85.305,2022-01-18,18:33:00,Tuesday,Clear,Residential Road,High,Two-Wheeler,Minor,1
5595,41,Anandpuri,23.387,85.305,2023-06-09,16:50:00,Friday,Foggy,Highway,Low,Two-Wheeler,Fatal,2
5653,41,Anandpuri,23.387,85.305,2022-05-03,16:24:00,Tuesday,Clear,Chowk/Intersection,Medium,Truck,Serious,1
5676,41,Anandpuri,23.387,85.305,2024-02-06,17:33:00,Tuesday,Clear,Residential Road,Medium,Two-Wheeler,Serious,1
5852,41,Anandpuri,23.387,85.305,2025-05-01,18:04:00,Thursday,Clear,Residential Road,High,Truck,Minor,0
5874,41,Anandpuri,23.387,85.305,2025-02-14,09:33:00,Friday,Clear,Residential Road,Low,Two-Wheeler,Serious,1
5892,41,Anandpuri,23.387,85.305,2021-05-03,19:25:00,Monday,Clear,Residential Road,High,Two-Wheeler,Minor,0
5908,41,Anandpuri,23.387,85.305,2023-03-29,16:40:00,Wednesday,Clear,Residential Road,Low,Car,Serious,3
5920,41,Anandpuri,23.387,85.305,2024-02-01,04:30:00,Thursday,Clear,Highway,Medium,Two-Wheeler,Fatal,2
5952,41,Anandpuri,23.387,85.305,2021-10-11,19:13:00,Monday,Rainy,Main Road,Medium,Two-Wheeler,Fatal,3
6002,41,Anandpuri,23.387,85.305,2025-10-27,15:49:00,Monday,Clear,Main Road,Medium,Two-Wheeler,Minor,0
6006,41,Anandpuri,23.387,85.305,2024-04-08,10:58:00,Monday,Clear,Chowk/Intersection,High,Car,Minor,1
6027,41,Anandpuri,23.387,85.305,2024-02-05,08:19:00,Monday,Clear,Chowk/Intersection,High,Truck,Minor,0
6043,41,Anandpuri,23.387,85.305,2023-11-24,17:57:00,Friday,Clear,Main Road,Medium,Bus,Fatal,2
6078,41,Anandpuri,23.387,85.305,2022-10-01,09:24:00,Saturday,Clear,Chowk/Intersection,Medium,Two-Wheeler,Minor,0
6150,41,Anandpuri,23.387,85.305,2025-12-02,09:21:00,Tuesday,Clear,Chowk/Intersection,Medium,Two-Wheeler,Minor,0
6202,41,Anandpuri,23.387,85.305,2023-02-24,17:30:00,Friday,Clear,Chowk/Intersection,Medium,Two-Wheeler,Minor,0
6247,41,Anandpuri,23.387,85.305,2024-10-09,16:22:00,Wednesday,Clear,Main Road,Low,Auto-Rickshaw,Minor,0
6370,41,Anandpuri,23.387,85.305,2023-08-11,10:44:00,Friday,Clear,Chowk/Intersection,Medium,Truck,Minor,0
6374,41,Anandpuri,23.387,85.305,2023-01-29,20:44:00,Sunday,Clear,Highway,High,Car,Fatal,1
6400,41,Anandpuri,23.387,85.305,2025-02-09,09:26:00,Sunday,Clear,Chowk/Intersection,High,Two-Wheeler,Minor,0
6422,41,Anandpuri,23.387,85.305,2024-02-08,11:40:00,Thursday,Clear,Main Road,Low,Two-Wheeler,Fatal,2
6431,41,Anandpuri,23.387,85.305,2025-06-20,17:37:00,Friday,Rainy,Main Road,High,Two-Wheeler,Minor,0
6487,41,Anandpuri,23.387,85.305,2021-12-14,09:49:00,Tuesday,Clear,Chowk/Intersection,Low,Two-Wheeler,Minor,0
6490,41,Anandpuri,23.387,85.305,2023-11-01,07:28:00,Wednesday,Rainy,Chowk/Intersection,Medium,Two-Wheeler,Fatal,1
6504,41,Anandpuri,23.387,85.305,2023-12-01,09:45:00,Friday,Clear,Chowk/Intersection,High,Bus,Serious,2
6526,41,Anandpuri,23.387,85.305,2022-01-27,17:19:00,Thursday,Rainy,Main Road,Medium,Car,Serious,1
6543,41,Anandpuri,23.387,85.305,2021-06-26,07:46:00,Saturday,Clear,Highway,High,Truck,Serious,1
6560,41,Anandpuri,23.387,85.305,2021-10-23,09:33:00,Saturday,Rainy,Highway,High,Two-Wheeler,Serious,2
6572,41,Anandpuri,23.387,85.305,2023-06-21,08:28:00,Wednesday,Clear,Highway,Medium,Two-Wheeler,Minor,1
6595,41,Anandpuri,23.387,85.305,2025-12-20,08:21:00,Saturday,Clear,Residential Road,Medium,Bus,Minor,0
6694,41,Anandpuri,23.387,85.305,2021-12-10,10:04:00,Friday,Clear,Chowk/Intersection,High,Truck,Fatal,2
6814,41,Anandpuri,23.387,85.305,2025-10-22,19:21:00,Wednesday,Rainy,Highway,Medium,Car,Fatal,4
6865,41,Anandpuri,23.387,85.305,2025-06-04,10:24:00,Wednesday,Clear,Main Road,Medium,Car,Serious,2
6879,41,Anandpuri,23.387,85.305,2021-05-09,18:02:00,Sunday,Clear,Residential Road,Medium,Car,Serious,1
6938,41,Anandpuri,23.387,85.305,2022-11-11,09:14:00,Friday,Clear,Main Road,Medium,Bus,Serious,1
6942,41,Anandpuri,23.387,85.305,2024-07-26,07:49:00,Friday,Rainy,Chowk/Intersection,Low,Two-Wheeler,Serious,2
7022,41,Anandpuri,23.387,85.305,2021-11-28,09:42:00,Sunday,Foggy,Main Road,High,Car,Minor,1
7103,41,Anandpuri,23.387,85.305,2024-12-16,09:11:00,Monday,Clear,Chowk/Intersection,High,Two-Wheeler,Fatal,1
7173,41,Anandpuri,23.387,85.305,2025-04-19,10:37:00,Saturday,Clear,Main Road,High,Two-Wheeler,Minor,0
7181,41,Anandpuri,23.387,85.305,2025-09-20,16:13:00,Saturday,Rainy,Chowk/Intersection,Low,Car,Minor,0
7241,41,Anandpuri,23.387,85.305,2023-01-03,17:15:00,Tuesday,Clear,Chowk/Intersection,Medium,Two-Wheeler,Minor,0
7246,41,Anandpuri,23.387,85.305,2021-01-15,15:42:00,Friday,Clear,Main Road,High,Two-Wheeler,Minor,1
7256,41,Anandpuri,23.387,85.305,2022-03-04,16:03:00,Friday,Clear,Main Road,Medium,Two-Wheeler,Serious,1
7342,41,Anandpuri,23.387,85.305,2023-01-18,18:36:00,Wednesday,Clear,Main Road,Low,Car,Fatal,1
7402,41,Anandpuri,23.387,85.305,2022-09-14,07:43:00,Wednesday,Clear,Highway,High,Car,Minor,1
7450,41,Anandpuri,23.387,85.305,2021-05-16,17:42:00,Sunday,Rainy,Highway,Medium,Car,Serious,2
7456,41,Anandpuri,23.387,85.305,2024-07-24,08:54:00,Wednesday,Clear,Chowk/Intersection,Low,Bus,Fatal,4
7468,41,Anandpuri,23.387,85.305,2021-11-19,08:46:00,Friday,Clear,Chowk/Intersection,Low,Auto-Rickshaw,Minor,0
7506,41,Anandpuri,23.387,85.305,2022-01-06,08:02:00,Thursday,Clear,Highway,Medium,Car,Serious,3
7516,41,Anandpuri,23.387,85.305,2022-07-07,13:35:00,Thursday,Clear,Highway,Medium,Two-Wheeler,Fatal,1
7541,41,Anandpuri,23.387,85.305,2024-05-06,08:31:00,Monday,Foggy,Chowk/Intersection,Medium,Bus,Minor,1
7557,41,Anandpuri,23.387,85.305,2025-03-24,07:41:00,Monday,Clear,Highway,Medium,Two-Wheeler,Fatal,1
7603,41,Anandpuri,23.387,85.305,2021-11-13,17:04:00,Saturday,Clear,Chowk/Intersection,High,Two-Wheeler,Minor,0
7662,41,Anandpuri,23.387,85.305,2025-10-16,16:51:00,Thursday,Rainy,Chowk/Intersection,High,Two-Wheeler,Serious,2
7680,41,Anandpuri,23.387,85.305,2025-06-08,18:00:00,Sunday,Clear,Chowk/Intersection,Low,Two-Wheeler,Minor,0
7690,41,Anandpuri,23.387,85.305,2022-04-02,17:48:00,Saturday,Clear,Chowk/Intersection,Medium,Two-Wheeler,Minor,1
7715,41,Anandpuri,23.387,85.305,2022-02-21,09:39:00,Monday,Rainy,Highway,Medium,Auto-Rickshaw,Serious,2
7753,41,Anandpuri,23.387,85.305,2022-11-02,20:37:00,Wednesday,Clear,Residential Road,Medium,Two-Wheeler,Minor,0
7832,41,Anandpuri,23.387,85.305,2021-06-24,17:57:00,Thursday,Clear,Main Road,High,Car,Serious,2
7849,41,Anandpuri,23.387,85.305,2021-11-25,07:57:00,Thursday,Clear,Main Road,High,Truck,Minor,0
7868,41,Anandpuri,23.387,85.305,2021-05-19,08:01:00,Wednesday,Clear,Chowk/Intersection,Medium,Two-Wheeler,Minor,1
7896,41,Anandpuri,23.387,85.305,2021-09-14,20:40:00,Tuesday,Clear,Chowk/Intersection,Medium,Truck,Serious,2
7914,41,Anandpuri,23.387,85.305,2022-06-18,08:30:00,Saturday,Clear,Highway,Medium,Bus,Minor,0
7923,41,Anandpuri,23.387,85.305,2025-12-13,09:23:00,Saturday,Clear,Main Road,High,Car,Minor,0
7929,41,Anandpuri,23.387,85.305,2023-03-24,09:43:00,Friday,Clear,Residential Road,Medium,Two-Wheeler,Minor,0
7936,41,Anandpuri,23.387,85.305,2024-10-21,08:44:00,Monday,Clear,Chowk/Intersection,Low,Two-Wheeler,Minor,1
7955,41,Anandpuri,23.387,85.305,2025-09-21,17:36:00,Sunday,Clear,Chowk/Intersection,Medium,Two-Wheeler,Minor,1
7978,41,Anandpuri,23.387,85.305,2025-11-05,08:31:00,Wednesday,Foggy,Chowk/Intersection,High,Car,Minor,0
25,42,Pundag,23.343891,85.272278,2024-10-23,15:08:00,Wednesday,Clear,Main Road,Low,Two-Wheeler,Minor,0
72,42,Pundag,23.343891,85.272278,2023-10-07,16:00:00,Saturday,Clear,Residential Road,Medium,Auto-Rickshaw,Serious,1
110,42,Pundag,23.343891,85.272278,2021-05-05,16:44:00,Wednesday,Rainy,Chowk/Intersection,Medium,Car,Serious,2
134,42,Pundag,23.343891,85.272278,2021-08-19,09:07:00,Thursday,Stormy,Chowk/Intersection,Medium,Two-Wheeler,Serious,2
215,42,Pundag,23.343891,85.272278,2022-06-18,17:17:00,Saturday,Clear,Chowk/Intersection,Low,Truck,Minor,1
230,42,Pundag,23.343891,85.272278,2024-05-21,17:41:00,Tuesday,Clear,Residential Road,Medium,Two-Wheeler,Minor,0
274,42,Pundag,23.343891,85.272278,2024-11-26,16:23:00,Tuesday,Clear,Chowk/Intersection,High,Two-Wheeler,Minor,1
353,42,Pundag,23.343891,85.272278,2024-03-09,18:16:00,Saturday,Clear,Chowk/Intersection,High,Bus,Serious,1
389,42,Pundag,23.343891,85.272278,2025-02-13,18:46:00,Thursday,Clear,Chowk/Intersection,Medium,Car,Minor,0
434,42,Pundag,23.343891,85.272278,2023-12-01,18:10:00,Friday,Foggy,Chowk/Intersection,Low,Bus,Minor,0
444,42,Pundag,23.343891,85.272278,2025-04-20,09:16:00,Sunday,Clear,Main Road,Low,Car,Minor,1
486,42,Pundag,23.343891,85.272278,2024-11-29,16:12:00,Friday,Clear,Residential Road,Low,Car,Serious,1
527,42,Pundag,23.343891,85.272278,2022-08-16,08:10:00,Tuesday,Stormy,Highway,High,Car,Minor,0
547,42,Pundag,23.343891,85.272278,2022-05-17,19:21:00,Tuesday,Clear,Chowk/Intersection,High,Car,Minor,0
568,42,Pundag,23.343891,85.272278,2023-11-05,09:18:00,Sunday,Clear,Residential Road,High,Two-Wheeler,Minor,0
600,42,Pundag,23.343891,85.272278,2025-12-08,20:36:00,Monday,Rainy,Chowk/Intersection,Low,Two-Wheeler,Minor,0
653,42,Pundag,23.343891,85.272278,2024-08-04,19:26:00,Sunday,Clear,Highway,Medium,Two-Wheeler,Serious,2
678,42,Pundag,23.343891,85.272278,2024-01-12,08:44:00,Friday,Foggy,Chowk/Intersection,High,Two-Wheeler,Minor,0
713,42,Pundag,23.343891,85.272278,2022-01-16,17:45:00,Sunday,Rainy,Chowk/Intersection,Medium,Car,Minor,0
725,42,Pundag,23.343891,85.272278,2022-04-14,06:24:00,Thursday,Rainy,Chowk/Intersection,High,Two-Wheeler,Minor,0
746,42,Pundag,23.343891,85.272278,2023-06-04,09:28:00,Sunday,Clear,Chowk/Intersection,Medium,Two-Wheeler,Minor,1
964,42,Pundag,23.343891,85.272278,2024-09-19,09:20:00,Thursday,Clear,Residential Road,Medium,Two-Wheeler,Minor,0
978,42,Pundag,23.343891,85.272278,2023-08-03,09:09:00,Thursday,Clear,Chowk/Intersection,High,Two-Wheeler,Minor,0
987,42,Pundag,23.343891,85.272278,2022-02-19,17:26:00,Saturday,Clear,Chowk/Intersection,Medium,Two-Wheeler,Minor,1
995,42,Pundag,23.343891,85.272278,2024-04-01,10:16:00,Monday,Clear,Chowk/Intersection,Low,Auto-Rickshaw,Serious,1
999,42,Pundag,23.343891,85.272278,2022-08-12,19:54:00,Friday,Stormy,Chowk/Intersection,Medium,Two-Wheeler,Serious,2
1049,42,Pundag,23.343891,85.272278,2025-12-18,11:57:00,Thursday,Rainy,Chowk/Intersection,High,Car,Minor,0
1297,42,Pundag,23.343891,85.272278,2022-12-14,07:27:00,Wednesday,Foggy,Highway,Medium,Auto-Rickshaw,Serious,3
1313,42,Pundag,23.343891,85.272278,2021-02-10,19:16:00,Wednesday,Clear,Main Road,High,Two-Wheeler,Serious,2
1347,42,Pundag,23.343891,85.272278,2023-06-12,09:16:00,Monday,Clear,Main Road,High,Car,Serious,1
1370,42,Pundag,23.343891,85.272278,2025-02-25,19:39:00,Tuesday,Clear,Main Road,Low,Auto-Rickshaw,Serious,3
1496,42,Pundag,23.343891,85.272278,2024-03-18,18:09:00,Monday,Clear,Chowk/Intersection,Medium,Two-Wheeler,Serious,2
1502,42,Pundag,23.343891,85.272278,2025-10-22,17:11:00,Wednesday,Clear,Chowk/Intersection,Medium,Two-Wheeler,Minor,0
1514,42,Pundag,23.343891,85.272278,2024-04-06,10:11:00,Saturday,Clear,Highway,High,Two-Wheeler,Minor,0
1590,42,Pundag,23.343891,85.272278,2021-04-11,20:15:00,Sunday,Clear,Highway,High,Bus,Serious,2
1601,42,Pundag,23.343891,85.272278,2024-09-27,08:39:00,Friday,Clear,Residential Road,Low,Car,Minor,0
1620,42,Pundag,23.343891,85.272278,2021-06-10,16:39:00,Thursday,Clear,Chowk/Intersection,High,Auto-Rickshaw,Fatal,4
1659,42,Pundag,23.343891,85.272278,2024-09-14,17:29:00,Saturday,Stormy,Highway,High,Car,Minor,0
1691,42,Pundag,23.343891,85.272278,2025-12-15,07:23:00,Monday,Foggy,Main Road,Medium,Car,Fatal,1
1737,42,Pundag,23.343891,85.272278,2024-03-19,16:55:00,Tuesday,Clear,Highway,Medium,Car,Minor,0
1783,42,Pundag,23.343891,85.272278,2021-09-16,20:47:00,Thursday,Clear,Chowk/Intersection,Low,Two-Wheeler,Minor,0
1845,42,Pundag,23.343891,85.272278,2025-07-06,19:20:00,Sunday,Rainy,Residential Road,Medium,Two-Wheeler,Serious,1
1872,42,Pundag,23.343891,85.272278,2023-12-26,16:36:00,Tuesday,Rainy,Highway,Medium,Two-Wheeler,Minor,1
1972,42,Pundag,23.343891,85.272278,2025-05-20,19:09:00,Tuesday,Clear,Highway,High,Auto-Rickshaw,Fatal,1
2006,42,Pundag,23.343891,85.272278,2021-10-02,19:07:00,Saturday,Stormy,Chowk/Intersection,Medium,Two-Wheeler,Minor,0
2013,42,Pundag,23.343891,85.272278,2021-01-10,19:10:00,Sunday,Foggy,Highway,High,Two-Wheeler,Serious,2
2050,42,Pundag,23.343891,85.272278,2021-03-26,18:18:00,Friday,Clear,Main Road,Medium,Two-Wheeler,Serious,1
2052,42,Pundag,23.343891,85.272278,2025-08-15,06:16:00,Friday,Rainy,Main Road,Low,Two-Wheeler,Minor,0
2106,42,Pundag,23.343891,85.272278,2024-09-09,09:10:00,Monday,Clear,Highway,Medium,Two-Wheeler,Serious,2
2199,42,Pundag,23.343891,85.272278,2025-02-14,08:41:00,Friday,Clear,Residential Road,Medium,Two-Wheeler,Serious,3
2207,42,Pundag,23.343891,85.272278,2021-03-23,09:35:00,Tuesday,Clear,Residential Road,High,Auto-Rickshaw,Serious,3
2261,42,Pundag,23.343891,85.272278,2024-06-02,13:00:00,Sunday,Foggy,Chowk/Intersection,Medium,Two-Wheeler,Minor,0
2272,42,Pundag,23.343891,85.272278,2024-03-14,07:15:00,Thursday,Clear,Main Road,High,Two-Wheeler,Serious,1
2291,42,Pundag,23.343891,85.272278,2025-07-12,19:09:00,Saturday,Clear,Residential Road,Medium,Car,Minor,0
2348,42,Pundag,23.343891,85.272278,2024-01-03,10:15:00,Wednesday,Clear,Chowk/Intersection,Low,Two-Wheeler,Minor,1
2370,42,Pundag,23.343891,85.272278,2023-04-08,09:21:00,Saturday,Clear,Main Road,Medium,Bus,Minor,1
2515,42,Pundag,23.343891,85.272278,2023-02-20,07:50:00,Monday,Foggy,Main Road,High,Car,Serious,2
2545,42,Pundag,23.343891,85.272278,2023-09-01,12:58:00,Friday,Rainy,Highway,Low,Auto-Rickshaw,Fatal,1
2621,42,Pundag,23.343891,85.272278,2022-12-31,09:46:00,Saturday,Clear,Highway,Low,Truck,Serious,1
2636,42,Pundag,23.343891,85.272278,2024-04-12,08:06:00,Friday,Rainy,Chowk/Intersection,High,Two-Wheeler,Minor,0
2678,42,Pundag,23.343891,85.272278,2022-01-05,12:00:00,Wednesday,Clear,Main Road,Low,Auto-Rickshaw,Minor,0
2729,42,Pundag,23.343891,85.272278,2024-09-07,10:18:00,Saturday,Rainy,Residential Road,Low,Two-Wheeler,Minor,0
2755,42,Pundag,23.343891,85.272278,2024-05-15,10:55:00,Wednesday,Clear,Main Road,Medium,Two-Wheeler,Minor,1
2912,42,Pundag,23.343891,85.272278,2023-09-23,18:19:00,Saturday,Clear,Highway,Medium,Car,Minor,1
2939,42,Pundag,23.343891,85.272278,2025-09-23,07:39:00,Tuesday,Clear,Residential Road,High,Two-Wheeler,Fatal,1
2941,42,Pundag,23.343891,85.272278,2025-08-05,09:18:00,Tuesday,Clear,Residential Road,Low,Auto-Rickshaw,Minor,0
2947,42,Pundag,23.343891,85.272278,2022-05-13,10:03:00,Friday,Clear,Residential Road,Medium,Car,Minor,0
2949,42,Pundag,23.343891,85.272278,2023-09-16,10:36:00,Saturday,Clear,Chowk/Intersection,High,Two-Wheeler,Minor,0
2963,42,Pundag,23.343891,85.272278,2023-11-11,10:50:00,Saturday,Clear,Chowk/Intersection,High,Bus,Minor,1
2964,42,Pundag,23.343891,85.272278,2022-04-20,05:23:00,Wednesday,Rainy,Main Road,High,Two-Wheeler,Minor,0
3009,42,Pundag,23.343891,85.272278,2024-03-27,18:34:00,Wednesday,Clear,Highway,High,Two-Wheeler,Serious,3
3021,42,Pundag,23.343891,85.272278,2023-02-02,18:31:00,Thursday,Clear,Chowk/Intersection,Medium,Two-Wheeler,Serious,2
3119,42,Pundag,23.343891,85.272278,2025-07-18,18:54:00,Friday,Clear,Chowk/Intersection,Low,Two-Wheeler,Fatal,1
3292,42,Pundag,23.343891,85.272278,2022-04-23,18:28:00,Saturday,Clear,Highway,High,Two-Wheeler,Serious,1
3355,42,Pundag,23.343891,85.272278,2023-01-08,07:51:00,Sunday,Rainy,Main Road,High,Two-Wheeler,Serious,1
3453,42,Pundag,23.343891,85.272278,2023-01-04,18:00:00,Wednesday,Clear,Main Road,High,Two-Wheeler,Minor,0
3526,42,Pundag,23.343891,85.272278,2025-04-18,17:08:00,Friday,Clear,Main Road,Medium,Bus,Serious,1
3566,42,Pundag,23.343891,85.272278,2023-04-11,16:11:00,Tuesday,Clear,Residential Road,Low,Two-Wheeler,Serious,3
3609,42,Pundag,23.343891,85.272278,2023-06-02,09:54:00,Friday,Rainy,Chowk/Intersection,Medium,Car,Fatal,1
3652,42,Pundag,23.343891,85.272278,2023-12-09,18:53:00,Saturday,Clear,Residential Road,Low,Auto-Rickshaw,Minor,0
3719,42,Pundag,23.343891,85.272278,2021-06-28,10:13:00,Monday,Clear,Residential Road,High,Two-Wheeler,Minor,1
3723,42,Pundag,23.343891,85.272278,2025-09-29,17:34:00,Monday,Clear,Highway,Low,Two-Wheeler,Serious,2
3736,42,Pundag,23.343891,85.272278,2022-07-02,18:35:00,Saturday,Clear,Main Road,Medium,Auto-Rickshaw,Minor,0
3738,42,Pundag,23.343891,85.272278,2021-01-11,18:52:00,Monday,Clear,Chowk/Intersection,Medium,Two-Wheeler,Serious,2
3752,42,Pundag,23.343891,85.272278,2023-06-14,19:54:00,Wednesday,Clear,Chowk/Intersection,High,Car,Minor,0
3791,42,Pundag,23.343891,85.272278,2023-04-26,08:54:00,Wednesday,Clear,Chowk/Intersection,Medium,Auto-Rickshaw,Minor,0
3798,42,Pundag,23.343891,85.272278,2024-02-12,17:51:00,Monday,Rainy,Main Road,Medium,Two-Wheeler,Minor,0
3805,42,Pundag,23.343891,85.272278,2024-11-06,17:56:00,Wednesday,Rainy,Chowk/Intersection,High,Car,Minor,0
3897,42,Pundag,23.343891,85.272278,2021-01-03,11:33:00,Sunday,Clear,Highway,High,Car,Minor,1
3964,42,Pundag,23.343891,85.272278,2025-07-31,08:05:00,Thursday,Rainy,Chowk/Intersection,Low,Truck,Serious,1
4087,42,Pundag,23.343891,85.272278,2021-07-07,19:39:00,Wednesday,Clear,Chowk/Intersection,Medium,Bus,Serious,2
4128,42,Pundag,23.343891,85.272278,2024-04-11,05:10:00,Thursday,Clear,Highway,Low,Two-Wheeler,Fatal,1
4130,42,Pundag,23.343891,85.272278,2021-08-11,17:51:00,Wednesday,Clear,Residential Road,Low,Two-Wheeler,Minor,0
4139,42,Pundag,23.343891,85.272278,2025-05-07,16:47:00,Wednesday,Clear,Main Road,Medium,Car,Minor,1
4151,42,Pundag,23.343891,85.272278,2024-08-10,09:20:00,Saturday,Clear,Residential Road,Medium,Two-Wheeler,Serious,2
4165,42,Pundag,23.343891,85.272278,2022-01-06,15:51:00,Thursday,Clear,Main Road,High,Auto-Rickshaw,Fatal,3
4236,42,Pundag,23.343891,85.272278,2021-07-27,18:05:00,Tuesday,Clear,Main Road,Low,Two-Wheeler,Minor,1
4303,42,Pundag,23.343891,85.272278,2021-12-14,17:59:00,Tuesday,Rainy,Highway,High,Car,Fatal,1
4358,42,Pundag,23.343891,85.272278,2023-10-12,17:21:00,Thursday,Foggy,Chowk/Intersection,High,Car,Minor,0
4411,42,Pundag,23.343891,85.272278,2021-06-07,17:15:00,Monday,Clear,Residential Road,Medium,Car,Serious,2
4437,42,Pundag,23.343891,85.272278,2021-12-25,08:04:00,Saturday,Stormy,Chowk/Intersection,Medium,Two-Wheeler,Minor,1
4542,42,Pundag,23.343891,85.272278,2022-07-19,19:39:00,Tuesday,Stormy,Chowk/Intersection,Medium,Two-Wheeler,Minor,0
4551,42,Pundag,23.343891,85.272278,2021-09-01,09:34:00,Wednesday,Clear,Residential Road,Medium,Auto-Rickshaw,Minor,1
4552,42,Pundag,23.343891,85.272278,2023-07-10,19:07:00,Monday,Clear,Residential Road,High,Car,Minor,0
4703,42,Pundag,23.343891,85.272278,2023-08-23,18:26:00,Wednesday,Clear,Chowk/Intersection,Medium,Car,Minor,0
4776,42,Pundag,23.343891,85.272278,2024-10-06,08:49:00,Sunday,Clear,Highway,Medium,Two-Wheeler,Minor,0
4802,42,Pundag,23.343891,85.272278,2024-10-29,19:47:00,Tuesday,Clear,Main Road,High,Auto-Rickshaw,Minor,0
4891,42,Pundag,23.343891,85.272278,2025-12-12,11:47:00,Friday,Clear,Chowk/Intersection,High,Two-Wheeler,Serious,1
4914,42,Pundag,23.343891,85.272278,2022-02-17,09:07:00,Thursday,Rainy,Chowk/Intersection,Low,Truck,Fatal,2
5077,42,Pundag,23.343891,85.272278,2023-06-19,20:02:00,Monday,Clear,Main Road,Medium,Two-Wheeler,Serious,1
5096,42,Pundag,23.343891,85.272278,2022-12-13,18:25:00,Tuesday,Rainy,Residential Road,Medium,Truck,Minor,0
5216,42,Pundag,23.343891,85.272278,2025-01-17,09:25:00,Friday,Clear,Residential Road,Low,Two-Wheeler,Minor,1
5241,42,Pundag,23.343891,85.272278,2024-09-13,10:43:00,Friday,Stormy,Main Road,High,Two-Wheeler,Fatal,4
5320,42,Pundag,23.343891,85.272278,2023-02-25,08:10:00,Saturday,Clear,Chowk/Intersection,High,Two-Wheeler,Fatal,1
5333,42,Pundag,23.343891,85.272278,2022-05-16,17:26:00,Monday,Clear,Main Road,Medium,Car,Minor,0
5405,42,Pundag,23.343891,85.272278,2021-01-27,20:56:00,Wednesday,Clear,Chowk/Intersection,Medium,Truck,Minor,1
5434,42,Pundag,23.343891,85.272278,2025-02-21,07:36:00,Friday,Clear,Chowk/Intersection,Medium,Two-Wheeler,Fatal,4
5437,42,Pundag,23.343891,85.272278,2023-09-26,17:49:00,Tuesday,Clear,Main Road,Medium,Bus,Fatal,1
5465,42,Pundag,23.343891,85.272278,2023-11-25,05:21:00,Saturday,Clear,Highway,Medium,Two-Wheeler,Minor,0
5494,42,Pundag,23.343891,85.272278,2021-05-31,18:23:00,Monday,Rainy,Chowk/Intersection,Medium,Two-Wheeler,Minor,1
5502,42,Pundag,23.343891,85.272278,2024-05-22,19:25:00,Wednesday,Clear,Main Road,High,Car,Minor,1
5511,42,Pundag,23.343891,85.272278,2023-10-11,07:00:00,Wednesday,Clear,Residential Road,Low,Two-Wheeler,Serious,2
5514,42,Pundag,23.343891,85.272278,2024-10-17,17:52:00,Thursday,Rainy,Chowk/Intersection,Medium,Car,Minor,0
5616,42,Pundag,23.343891,85.272278,2021-07-07,10:41:00,Wednesday,Rainy,Main Road,High,Car,Minor,0
5621,42,Pundag,23.343891,85.272278,2021-06-21,18:13:00,Monday,Clear,Chowk/Intersection,High,Two-Wheeler,Minor,0
5731,42,Pundag,23.343891,85.272278,2023-03-07,06:56:00,Tuesday,Rainy,Highway,High,Two-Wheeler,Fatal,2
5757,42,Pundag,23.343891,85.272278,2023-04-16,18:51:00,Sunday,Clear,Main Road,High,Auto-Rickshaw,Minor,1
5765,42,Pundag,23.343891,85.272278,2021-11-25,17:54:00,Thursday,Clear,Chowk/Intersection,High,Two-Wheeler,Minor,0
5781,42,Pundag,23.343891,85.272278,2025-04-29,08:08:00,Tuesday,Clear,Highway,High,Bus,Minor,0
5783,42,Pundag,23.343891,85.272278,2024-07-24,21:16:00,Wednesday,Clear,Residential Road,Low,Car,Minor,1
5802,42,Pundag,23.343891,85.272278,2021-02-03,18:26:00,Wednesday,Foggy,Chowk/Intersection,Low,Two-Wheeler,Fatal,1
5804,42,Pundag,23.343891,85.272278,2023-01-29,17:13:00,Sunday,Rainy,Chowk/Intersection,Medium,Car,Minor,0
5811,42,Pundag,23.343891,85.272278,2021-01-22,20:44:00,Friday,Clear,Residential Road,Medium,Two-Wheeler,Minor,0
5830,42,Pundag,23.343891,85.272278,2025-06-09,09:05:00,Monday,Clear,Highway,Low,Two-Wheeler,Fatal,2
5887,42,Pundag,23.343891,85.272278,2024-02-22,19:19:00,Thursday,Rainy,Highway,High,Two-Wheeler,Serious,2
5919,42,Pundag,23.343891,85.272278,2024-09-07,09:10:00,Saturday,Rainy,Chowk/Intersection,Low,Two-Wheeler,Minor,0
5948,42,Pundag,23.343891,85.272278,2024-12-24,17:17:00,Tuesday,Stormy,Chowk/Intersection,Medium,Car,Minor,1
5970,42,Pundag,23.343891,85.272278,2023-06-04,20:59:00,Sunday,Stormy,Chowk/Intersection,Medium,Auto-Rickshaw,Serious,1
6085,42,Pundag,23.343891,85.272278,2022-01-17,20:31:00,Monday,Rainy,Main Road,Low,Car,Minor,0
6086,42,Pundag,23.343891,85.272278,2022-11-21,09:22:00,Monday,Clear,Main Road,Medium,Auto-Rickshaw,Fatal,1
6109,42,Pundag,23.343891,85.272278,2022-10-18,07:06:00,Tuesday,Foggy,Main Road,Low,Bus,Serious,1
6199,42,Pundag,23.343891,85.272278,2022-12-08,17:16:00,Thursday,Clear,Chowk/Intersection,Medium,Two-Wheeler,Minor,0
6313,42,Pundag,23.343891,85.272278,2025-08-25,17:36:00,Monday,Clear,Highway,Medium,Two-Wheeler,Minor,0
6365,42,Pundag,23.343891,85.272278,2023-09-15,08:36:00,Friday,Rainy,Highway,Low,Two-Wheeler,Serious,1
6373,42,Pundag,23.343891,85.272278,2023-08-22,09:00:00,Tuesday,Clear,Main Road,Low,Two-Wheeler,Fatal,1
6394,42,Pundag,23.343891,85.272278,2025-03-07,10:00:00,Friday,Clear,Main Road,Low,Bus,Minor,0
6409,42,Pundag,23.343891,85.272278,2022-05-17,08:24:00,Tuesday,Rainy,Main Road,High,Auto-Rickshaw,Serious,1
6415,42,Pundag,23.343891,85.272278,2023-02-19,16:13:00,Sunday,Clear,Chowk/Intersection,Medium,Car,Serious,2
6439,42,Pundag,23.343891,85.272278,2022-12-21,21:38:00,Wednesday,Rainy,Chowk/Intersection,High,Two-Wheeler,Serious,1
6483,42,Pundag,23.343891,85.272278,2023-08-02,19:36:00,Wednesday,Clear,Chowk/Intersection,Low,Truck,Fatal,1
6486,42,Pundag,23.343891,85.272278,2025-03-24,16:40:00,Monday,Clear,Highway,Low,Two-Wheeler,Minor,0
6500,42,Pundag,23.343891,85.272278,2025-09-15,10:26:00,Monday,Foggy,Highway,High,Bus,Serious,1
6545,42,Pundag,23.343891,85.272278,2025-02-17,06:21:00,Monday,Clear,Chowk/Intersection,High,Truck,Fatal,1
6626,42,Pundag,23.343891,85.272278,2021-06-02,19:37:00,Wednesday,Clear,Chowk/Intersection,Medium,Car,Minor,0
6633,42,Pundag,23.343891,85.272278,2023-01-08,17:36:00,Sunday,Foggy,Highway,High,Two-Wheeler,Minor,0
6638,42,Pundag,23.343891,85.272278,2025-11-20,19:22:00,Thursday,Rainy,Highway,High,Auto-Rickshaw,Fatal,2
6642,42,Pundag,23.343891,85.272278,2022-04-27,18:40:00,Wednesday,Clear,Highway,High,Car,Minor,0
6650,42,Pundag,23.343891,85.272278,2022-09-01,08:53:00,Thursday,Clear,Main Road,Low,Two-Wheeler,Minor,1
6805,42,Pundag,23.343891,85.272278,2023-04-17,16:17:00,Monday,Clear,Highway,Medium,Two-Wheeler,Fatal,1
6822,42,Pundag,23.343891,85.272278,2023-06-28,19:22:00,Wednesday,Clear,Residential Road,High,Auto-Rickshaw,Serious,1
6873,42,Pundag,23.343891,85.272278,2021-12-11,10:15:00,Saturday,Clear,Chowk/Intersection,High,Car,Minor,0
6917,42,Pundag,23.343891,85.272278,2023-03-02,19:23:00,Thursday,Rainy,Chowk/Intersection,High,Car,Minor,0
7036,42,Pundag,23.343891,85.272278,2021-03-22,18:20:00,Monday,Rainy,Chowk/Intersection,Medium,Two-Wheeler,Minor,0
7038,42,Pundag,23.343891,85.272278,2025-05-01,07:05:00,Thursday,Rainy,Residential Road,Medium,Car,Minor,0
7082,42,Pundag,23.343891,85.272278,2024-06-29,09:23:00,Saturday,Clear,Chowk/Intersection,Low,Car,Minor,0
7201,42,Pundag,23.343891,85.272278,2024-09-17,18:47:00,Tuesday,Stormy,Highway,Medium,Two-Wheeler,Serious,2
7286,42,Pundag,23.343891,85.272278,2021-04-26,08:04:00,Monday,Clear,Chowk/Intersection,High,Two-Wheeler,Minor,0
7288,42,Pundag,23.343891,85.272278,2022-01-05,10:41:00,Wednesday,Clear,Highway,High,Two-Wheeler,Minor,0
7290,42,Pundag,23.343891,85.272278,2023-03-02,17:06:00,Thursday,Rainy,Main Road,High,Two-Wheeler,Serious,2
7329,42,Pundag,23.343891,85.272278,2023-07-11,15:57:00,Tuesday,Clear,Residential Road,Low,Bus,Minor,0
7362,42,Pundag,23.343891,85.272278,2021-02-09,11:48:00,Tuesday,Clear,Highway,High,Car,Minor,1
7383,42,Pundag,23.343891,85.272278,2024-09-15,12:13:00,Sunday,Stormy,Chowk/Intersection,Medium,Car,Minor,0
7425,42,Pundag,23.343891,85.272278,2022-07-23,16:59:00,Saturday,Clear,Main Road,High,Car,Minor,0
7461,42,Pundag,23.343891,85.272278,2021-07-01,10:55:00,Thursday,Clear,Main Road,High,Car,Serious,1
7590,42,Pundag,23.343891,85.272278,2024-01-15,19:44:00,Monday,Stormy,Highway,Medium,Auto-Rickshaw,Serious,3
7605,42,Pundag,23.343891,85.272278,2023-08-26,19:38:00,Saturday,Foggy,Main Road,Low,Two-Wheeler,Minor,0
7643,42,Pundag,23.343891,85.272278,2023-01-28,07:03:00,Saturday,Foggy,Residential Road,High,Car,Minor,0
7651,42,Pundag,23.343891,85.272278,2024-09-20,08:47:00,Friday,Clear,Main Road,Medium,Truck,Minor,0
7684,42,Pundag,23.343891,85.272278,2022-12-28,12:32:00,Wednesday,Clear,Chowk/Intersection,Low,Car,Minor,1
7722,42,Pundag,23.343891,85.272278,2022-01-01,07:17:00,Saturday,Foggy,Chowk/Intersection,High,Two-Wheeler,Minor,1
7775,42,Pundag,23.343891,85.272278,2024-03-28,09:03:00,Thursday,Rainy,Chowk/Intersection,Medium,Auto-Rickshaw,Minor,1
7798,42,Pundag,23.343891,85.272278,2025-07-28,09:56:00,Monday,Clear,Main Road,High,Two-Wheeler,Minor,0
7834,42,Pundag,23.343891,85.272278,2021-04-27,16:45:00,Tuesday,Rainy,Chowk/Intersection,Low,Car,Minor,1
7915,42,Pundag,23.343891,85.272278,2022-11-19,17:09:00,Saturday,Clear,Chowk/Intersection,High,Two-Wheeler,Serious,2
7950,42,Pundag,23.343891,85.272278,2025-05-17,08:32:00,Saturday,Clear,Chowk/Intersection,Low,Two-Wheeler,Serious,1
7994,42,Pundag,23.343891,85.272278,2023-05-07,17:35:00,Sunday,Clear,Main Road,High,Auto-Rickshaw,Serious,1
34,43,Meur More,23.423,85.34,2024-12-06,17:25:00,Friday,Clear,Chowk/Intersection,High,Bus,Minor,0
99,43,Meur More,23.423,85.34,2022-12-20,19:15:00,Tuesday,Clear,Chowk/Intersection,Low,Two-Wheeler,Minor,0
201,43,Meur More,23.423,85.34,2024-07-01,19:06:00,Monday,Clear,Main Road,High,Car,Fatal,1
221,43,Meur More,23.423,85.34,2024-06-11,19:00:00,Tuesday,Rainy,Chowk/Intersection,High,Two-Wheeler,Serious,2
322,43,Meur More,23.423,85.34,2025-10-14,06:04:00,Tuesday,Clear,Main Road,High,Car,Minor,1
347,43,Meur More,23.423,85.34,2021-06-23,08:54:00,Wednesday,Clear,Main Road,High,Two-Wheeler,Serious,1
351,43,Meur More,23.423,85.34,2025-11-09,06:46:00,Sunday,Rainy,Residential Road,High,Car,Minor,1
355,43,Meur More,23.423,85.34,2024-01-17,09:36:00,Wednesday,Clear,Main Road,Medium,Car,Minor,0
357,43,Meur More,23.423,85.34,2022-06-26,18:28:00,Sunday,Clear,Main Road,Medium,Truck,Fatal,1
542,43,Meur More,23.423,85.34,2023-12-30,15:28:00,Saturday,Rainy,Main Road,Medium,Two-Wheeler,Fatal,1
574,43,Meur More,23.423,85.34,2021-11-17,08:25:00,Wednesday,Foggy,Highway,Medium,Two-Wheeler,Minor,0
631,43,Meur More,23.423,85.34,2025-11-21,09:35:00,Friday,Clear,Main Road,High,Auto-Rickshaw,Serious,1
641,43,Meur More,23.423,85.34,2025-01-17,17:00:00,Friday,Rainy,Chowk/Intersection,High,Two-Wheeler,Minor,1
722,43,Meur More,23.423,85.34,2022-06-10,18:45:00,Friday,Clear,Residential Road,Medium,Two-Wheeler,Minor,1
752,43,Meur More,23.423,85.34,2022-10-09,19:53:00,Sunday,Clear,Main Road,Low,Two-Wheeler,Minor,0
770,43,Meur More,23.423,85.34,2021-06-02,09:04:00,Wednesday,Rainy,Chowk/Intersection,High,Bus,Minor,1
787,43,Meur More,23.423,85.34,2023-04-06,10:57:00,Thursday,Clear,Main Road,High,Two-Wheeler,Fatal,2
825,43,Meur More,23.423,85.34,2022-06-09,08:20:00,Thursday,Clear,Residential Road,High,Car,Minor,1
840,43,Meur More,23.423,85.34,2023-03-26,16:01:00,Sunday,Clear,Chowk/Intersection,Medium,Two-Wheeler,Minor,1
903,43,Meur More,23.423,85.34,2023-02-11,17:25:00,Saturday,Clear,Chowk/Intersection,High,Bus,Minor,1
936,43,Meur More,23.423,85.34,2024-01-14,17:56:00,Sunday,Stormy,Main Road,High,Two-Wheeler,Minor,0
947,43,Meur More,23.423,85.34,2025-03-05,21:17:00,Wednesday,Clear,Chowk/Intersection,Medium,Two-Wheeler,Serious,1
949,43,Meur More,23.423,85.34,2025-06-29,17:07:00,Sunday,Rainy,Residential Road,Medium,Car,Minor,0
952,43,Meur More,23.423,85.34,2025-04-10,20:05:00,Thursday,Clear,Main Road,Low,Two-Wheeler,Minor,0
953,43,Meur More,23.423,85.34,2021-01-25,19:12:00,Monday,Clear,Main Road,High,Bus,Serious,2
1004,43,Meur More,23.423,85.34,2025-10-14,19:15:00,Tuesday,Rainy,Chowk/Intersection,High,Two-Wheeler,Minor,0
1055,43,Meur More,23.423,85.34,2023-01-01,09:15:00,Sunday,Clear,Main Road,Medium,Car,Fatal,1
1108,43,Meur More,23.423,85.34,2025-07-27,21:58:00,Sunday,Rainy,Residential Road,High,Two-Wheeler,Minor,0
1122,43,Meur More,23.423,85.34,2021-01-07,20:43:00,Thursday,Clear,Chowk/Intersection,High,Two-Wheeler,Minor,0
1293,43,Meur More,23.423,85.34,2021-08-08,06:16:00,Sunday,Clear,Residential Road,High,Car,Minor,0
1353,43,Meur More,23.423,85.34,2021-12-06,08:17:00,Monday,Clear,Highway,Medium,Car,Serious,1
1419,43,Meur More,23.423,85.34,2021-06-24,17:48:00,Thursday,Clear,Chowk/Intersection,Medium,Auto-Rickshaw,Serious,1
1428,43,Meur More,23.423,85.34,2025-04-06,09:26:00,Sunday,Clear,Main Road,Low,Car,Minor,0
1471,43,Meur More,23.423,85.34,2024-09-26,16:06:00,Thursday,Clear,Residential Road,Low,Two-Wheeler,Minor,1
1495,43,Meur More,23.423,85.34,2022-08-09,05:34:00,Tuesday,Clear,Chowk/Intersection,Medium,Car,Serious,2
1571,43,Meur More,23.423,85.34,2022-03-22,20:33:00,Tuesday,Rainy,Highway,Medium,Two-Wheeler,Fatal,1
1580,43,Meur More,23.423,85.34,2023-10-17,19:07:00,Tuesday,Rainy,Highway,High,Two-Wheeler,Fatal,1
1635,43,Meur More,23.423,85.34,2025-10-25,09:22:00,Saturday,Clear,Main Road,Low,Car,Minor,1
1661,43,Meur More,23.423,85.34,2025-11-01,09:16:00,Saturday,Clear,Chowk/Intersection,Medium,Car,Serious,1
1687,43,Meur More,23.423,85.34,2024-09-20,07:32:00,Friday,Rainy,Chowk/Intersection,Medium,Two-Wheeler,Fatal,2
1717,43,Meur More,23.423,85.34,2023-09-15,10:06:00,Friday,Clear,Highway,Medium,Two-Wheeler,Serious,2
1724,43,Meur More,23.423,85.34,2023-07-07,10:39:00,Friday,Clear,Main Road,High,Two-Wheeler,Fatal,1
1768,43,Meur More,23.423,85.34,2023-12-04,19:11:00,Monday,Clear,Main Road,Medium,Car,Serious,1
1781,43,Meur More,23.423,85.34,2025-09-16,17:46:00,Tuesday,Clear,Main Road,Low,Bus,Fatal,2
1816,43,Meur More,23.423,85.34,2025-06-21,10:31:00,Saturday,Rainy,Main Road,High,Car,Fatal,1
1834,43,Meur More,23.423,85.34,2025-11-08,19:26:00,Saturday,Clear,Chowk/Intersection,Low,Car,Minor,0
1944,43,Meur More,23.423,85.34,2025-02-21,08:51:00,Friday,Rainy,Highway,Medium,Two-Wheeler,Serious,3
2012,43,Meur More,23.423,85.34,2021-10-18,17:56:00,Monday,Clear,Main Road,High,Two-Wheeler,Serious,1
2028,43,Meur More,23.423,85.34,2021-12-12,17:11:00,Sunday,Clear,Chowk/Intersection,High,Car,Minor,1
2053,43,Meur More,23.423,85.34,2022-08-24,18:23:00,Wednesday,Clear,Highway,High,Two-Wheeler,Fatal,1
2070,43,Meur More,23.423,85.34,2025-10-23,07:36:00,Thursday,Rainy,Main Road,Medium,Auto-Rickshaw,Minor,1
2092,43,Meur More,23.423,85.34,2021-07-30,06:54:00,Friday,Rainy,Chowk/Intersection,High,Car,Minor,0
2126,43,Meur More,23.423,85.34,2021-01-10,14:18:00,Sunday,Rainy,Chowk/Intersection,High,Car,Fatal,1
2176,43,Meur More,23.423,85.34,2023-12-31,10:08:00,Sunday,Rainy,Main Road,High,Two-Wheeler,Serious,1
2193,43,Meur More,23.423,85.34,2022-02-07,07:04:00,Monday,Clear,Main Road,Low,Truck,Serious,1
2242,43,Meur More,23.423,85.34,2024-05-12,18:55:00,Sunday,Clear,Residential Road,High,Two-Wheeler,Fatal,4
2269,43,Meur More,23.423,85.34,2021-08-21,17:04:00,Saturday,Clear,Main Road,Medium,Bus,Serious,1
2275,43,Meur More,23.423,85.34,2024-12-04,06:25:00,Wednesday,Clear,Chowk/Intersection,High,Car,Minor,0
2276,43,Meur More,23.423,85.34,2024-10-27,11:05:00,Sunday,Clear,Residential Road,High,Auto-Rickshaw,Minor,0
2329,43,Meur More,23.423,85.34,2022-07-24,12:58:00,Sunday,Rainy,Chowk/Intersection,High,Two-Wheeler,Minor,1
2346,43,Meur More,23.423,85.34,2021-01-29,19:18:00,Friday,Clear,Chowk/Intersection,Medium,Two-Wheeler,Minor,1
2430,43,Meur More,23.423,85.34,2024-01-04,10:30:00,Thursday,Clear,Main Road,High,Two-Wheeler,Minor,0
2491,43,Meur More,23.423,85.34,2024-02-09,08:43:00,Friday,Clear,Main Road,Low,Truck,Minor,0
2602,43,Meur More,23.423,85.34,2021-04-12,18:41:00,Monday,Clear,Chowk/Intersection,Low,Two-Wheeler,Minor,1
2627,43,Meur More,23.423,85.34,2021-03-20,20:44:00,Saturday,Clear,Highway,High,Two-Wheeler,Minor,0
2728,43,Meur More,23.423,85.34,2024-06-27,08:59:00,Thursday,Clear,Main Road,High,Two-Wheeler,Minor,0
2773,43,Meur More,23.423,85.34,2025-03-29,09:41:00,Saturday,Clear,Chowk/Intersection,High,Bus,Minor,0
2781,43,Meur More,23.423,85.34,2021-05-28,15:09:00,Friday,Clear,Chowk/Intersection,High,Two-Wheeler,Minor,0
2799,43,Meur More,23.423,85.34,2024-03-08,17:25:00,Friday,Stormy,Highway,Low,Two-Wheeler,Minor,1
2891,43,Meur More,23.423,85.34,2021-06-25,17:22:00,Friday,Rainy,Residential Road,High,Car,Minor,0
2952,43,Meur More,23.423,85.34,2021-03-27,08:33:00,Saturday,Clear,Highway,Low,Two-Wheeler,Minor,0
2967,43,Meur More,23.423,85.34,2024-12-16,08:01:00,Monday,Rainy,Residential Road,Medium,Bus,Serious,2
2971,43,Meur More,23.423,85.34,2022-01-29,11:26:00,Saturday,Foggy,Main Road,High,Two-Wheeler,Serious,2
2994,43,Meur More,23.423,85.34,2021-09-10,09:38:00,Friday,Clear,Main Road,High,Two-Wheeler,Minor,1
3069,43,Meur More,23.423,85.34,2021-11-08,08:41:00,Monday,Rainy,Highway,High,Two-Wheeler,Fatal,1
3092,43,Meur More,23.423,85.34,2023-03-31,17:56:00,Friday,Clear,Main Road,Medium,Car,Serious,2
3151,43,Meur More,23.423,85.34,2023-07-06,06:14:00,Thursday,Rainy,Chowk/Intersection,Medium,Car,Fatal,1
3199,43,Meur More,23.423,85.34,2022-12-11,05:41:00,Sunday,Clear,Highway,Medium,Car,Minor,0
3216,43,Meur More,23.423,85.34,2022-02-24,21:27:00,Thursday,Clear,Highway,High,Two-Wheeler,Serious,1
3325,43,Meur More,23.423,85.34,2023-06-22,08:50:00,Thursday,Foggy,Highway,Low,Bus,Serious,2
3443,43,Meur More,23.423,85.34,2024-08-26,06:29:00,Monday,Rainy,Chowk/Intersection,High,Car,Minor,1
3465,43,Meur More,23.423,85.34,2025-06-22,17:34:00,Sunday,Rainy,Main Road,Low,Car,Serious,1
3478,43,Meur More,23.423,85.34,2023-05-16,06:46:00,Tuesday,Clear,Main Road,Low,Truck,Fatal,1
3501,43,Meur More,23.423,85.34,2021-10-01,17:49:00,Friday,Rainy,Highway,Low,Truck,Serious,2
3541,43,Meur More,23.423,85.34,2024-06-14,08:46:00,Friday,Clear,Chowk/Intersection,Low,Two-Wheeler,Minor,1
3585,43,Meur More,23.423,85.34,2021-07-27,19:05:00,Tuesday,Clear,Chowk/Intersection,Low,Two-Wheeler,Fatal,1
3589,43,Meur More,23.423,85.34,2021-11-13,17:16:00,Saturday,Clear,Main Road,Low,Car,Fatal,1
3590,43,Meur More,23.423,85.34,2022-01-07,17:50:00,Friday,Clear,Residential Road,Low,Two-Wheeler,Minor,0
3607,43,Meur More,23.423,85.34,2021-03-25,11:09:00,Thursday,Clear,Main Road,Medium,Car,Minor,0
3653,43,Meur More,23.423,85.34,2025-07-15,17:07:00,Tuesday,Clear,Main Road,Medium,Two-Wheeler,Fatal,1
3669,43,Meur More,23.423,85.34,2021-11-12,17:11:00,Friday,Foggy,Chowk/Intersection,High,Car,Minor,1
3712,43,Meur More,23.423,85.34,2022-08-20,20:29:00,Saturday,Clear,Chowk/Intersection,High,Truck,Minor,0
3749,43,Meur More,23.423,85.34,2023-09-22,18:56:00,Friday,Rainy,Chowk/Intersection,High,Two-Wheeler,Minor,1
3899,43,Meur More,23.423,85.34,2024-07-09,17:23:00,Tuesday,Stormy,Main Road,Low,Two-Wheeler,Serious,3
3914,43,Meur More,23.423,85.34,2025-12-06,10:07:00,Saturday,Clear,Main Road,High,Auto-Rickshaw,Minor,0
4071,43,Meur More,23.423,85.34,2022-11-03,17:58:00,Thursday,Clear,Highway,High,Truck,Minor,0
4117,43,Meur More,23.423,85.34,2024-08-24,17:24:00,Saturday,Clear,Chowk/Intersection,Medium,Auto-Rickshaw,Minor,0
4135,43,Meur More,23.423,85.34,2022-11-04,09:25:00,Friday,Foggy,Residential Road,Medium,Bus,Minor,0
4205,43,Meur More,23.423,85.34,2021-04-23,18:17:00,Friday,Clear,Main Road,High,Two-Wheeler,Serious,1
4264,43,Meur More,23.423,85.34,2025-05-25,07:45:00,Sunday,Clear,Main Road,Medium,Two-Wheeler,Serious,1
4297,43,Meur More,23.423,85.34,2025-10-28,19:14:00,Tuesday,Clear,Main Road,Low,Car,Serious,2
4330,43,Meur More,23.423,85.34,2021-02-15,09:15:00,Monday,Foggy,Chowk/Intersection,Low,Car,Minor,1
4334,43,Meur More,23.423,85.34,2025-08-24,16:43:00,Sunday,Clear,Chowk/Intersection,Medium,Two-Wheeler,Minor,0
4471,43,Meur More,23.423,85.34,2025-05-02,09:59:00,Friday,Foggy,Highway,Medium,Truck,Minor,0
4590,43,Meur More,23.423,85.34,2025-03-31,18:41:00,Monday,Clear,Main Road,Medium,Two-Wheeler,Minor,0
4742,43,Meur More,23.423,85.34,2023-02-01,18:12:00,Wednesday,Clear,Residential Road,High,Two-Wheeler,Serious,2
4761,43,Meur More,23.423,85.34,2021-09-21,16:20:00,Tuesday,Clear,Main Road,Medium,Two-Wheeler,Fatal,2
4782,43,Meur More,23.423,85.34,2021-03-25,17:14:00,Thursday,Clear,Highway,Medium,Two-Wheeler,Minor,0
4796,43,Meur More,23.423,85.34,2021-11-28,15:56:00,Sunday,Foggy,Main Road,High,Car,Fatal,2
5009,43,Meur More,23.423,85.34,2021-02-24,16:57:00,Wednesday,Clear,Chowk/Intersection,Low,Two-Wheeler,Minor,1
5059,43,Meur More,23.423,85.34,2021-03-05,20:02:00,Friday,Clear,Residential Road,Low,Two-Wheeler,Minor,1
5155,43,Meur More,23.423,85.34,2023-10-19,17:00:00,Thursday,Clear,Highway,Medium,Bus,Serious,2
5196,43,Meur More,23.423,85.34,2023-10-11,10:17:00,Wednesday,Rainy,Chowk/Intersection,Low,Auto-Rickshaw,Minor,0
5303,43,Meur More,23.423,85.34,2025-06-10,19:27:00,Tuesday,Clear,Chowk/Intersection,Medium,Car,Minor,0
5400,43,Meur More,23.423,85.34,2025-09-15,18:54:00,Monday,Rainy,Main Road,Low,Bus,Serious,2
5446,43,Meur More,23.423,85.34,2022-05-27,18:15:00,Friday,Clear,Highway,Medium,Two-Wheeler,Minor,0
5581,43,Meur More,23.423,85.34,2025-10-10,18:24:00,Friday,Clear,Highway,Medium,Two-Wheeler,Serious,2
5640,43,Meur More,23.423,85.34,2025-07-04,16:34:00,Friday,Foggy,Chowk/Intersection,High,Bus,Minor,1
5682,43,Meur More,23.423,85.34,2022-11-27,17:35:00,Sunday,Rainy,Chowk/Intersection,Medium,Two-Wheeler,Serious,3
5698,43,Meur More,23.423,85.34,2023-11-10,10:37:00,Friday,Clear,Chowk/Intersection,Medium,Two-Wheeler,Minor,0
5717,43,Meur More,23.423,85.34,2023-11-23,09:02:00,Thursday,Clear,Main Road,High,Two-Wheeler,Fatal,3
5777,43,Meur More,23.423,85.34,2022-01-08,18:43:00,Saturday,Clear,Chowk/Intersection,Low,Two-Wheeler,Minor,1
5820,43,Meur More,23.423,85.34,2025-06-11,17:33:00,Wednesday,Foggy,Main Road,Medium,Two-Wheeler,Fatal,4
5846,43,Meur More,23.423,85.34,2022-07-26,21:44:00,Tuesday,Clear,Chowk/Intersection,Medium,Two-Wheeler,Minor,1
5855,43,Meur More,23.423,85.34,2021-01-05,07:15:00,Tuesday,Rainy,Main Road,Low,Two-Wheeler,Serious,2
5882,43,Meur More,23.423,85.34,2022-12-07,18:12:00,Wednesday,Clear,Chowk/Intersection,High,Auto-Rickshaw,Minor,1
5888,43,Meur More,23.423,85.34,2022-12-18,08:51:00,Sunday,Clear,Residential Road,High,Two-Wheeler,Serious,2
5928,43,Meur More,23.423,85.34,2024-11-07,09:25:00,Thursday,Clear,Highway,Medium,Car,Serious,1
5937,43,Meur More,23.423,85.34,2022-08-30,08:20:00,Tuesday,Foggy,Residential Road,High,Two-Wheeler,Fatal,1
6101,43,Meur More,23.423,85.34,2024-06-04,09:46:00,Tuesday,Foggy,Highway,High,Bus,Minor,0
6129,43,Meur More,23.423,85.34,2021-07-27,10:20:00,Tuesday,Stormy,Chowk/Intersection,Low,Two-Wheeler,Fatal,1
6151,43,Meur More,23.423,85.34,2021-08-18,08:14:00,Wednesday,Rainy,Main Road,High,Two-Wheeler,Minor,0
6153,43,Meur More,23.423,85.34,2025-08-04,17:03:00,Monday,Clear,Main Road,Low,Truck,Fatal,1
6182,43,Meur More,23.423,85.34,2025-05-10,19:40:00,Saturday,Foggy,Main Road,High,Bus,Fatal,2
6226,43,Meur More,23.423,85.34,2024-04-05,08:17:00,Friday,Clear,Residential Road,Medium,Car,Minor,0
6229,43,Meur More,23.423,85.34,2025-02-02,15:50:00,Sunday,Rainy,Highway,Medium,Two-Wheeler,Fatal,2
6310,43,Meur More,23.423,85.34,2022-08-08,11:41:00,Monday,Clear,Chowk/Intersection,Low,Bus,Serious,1
6353,43,Meur More,23.423,85.34,2024-04-04,21:03:00,Thursday,Rainy,Highway,Low,Car,Minor,0
6388,43,Meur More,23.423,85.34,2021-04-14,08:29:00,Wednesday,Clear,Residential Road,High,Two-Wheeler,Serious,2
6398,43,Meur More,23.423,85.34,2024-07-29,07:50:00,Monday,Clear,Highway,Medium,Auto-Rickshaw,Fatal,1
6405,43,Meur More,23.423,85.34,2022-08-17,18:44:00,Wednesday,Clear,Chowk/Intersection,Medium,Two-Wheeler,Minor,0
6424,43,Meur More,23.423,85.34,2021-06-12,17:29:00,Saturday,Foggy,Chowk/Intersection,Medium,Bus,Minor,0
6466,43,Meur More,23.423,85.34,2024-12-16,08:02:00,Monday,Rainy,Chowk/Intersection,Medium,Car,Minor,0
6491,43,Meur More,23.423,85.34,2024-12-22,06:09:00,Sunday,Rainy,Chowk/Intersection,High,Car,Minor,0
6546,43,Meur More,23.423,85.34,2021-01-01,18:00:00,Friday,Clear,Chowk/Intersection,Medium,Auto-Rickshaw,Serious,1
6555,43,Meur More,23.423,85.34,2021-02-09,09:08:00,Tuesday,Clear,Chowk/Intersection,High,Car,Minor,0
6613,43,Meur More,23.423,85.34,2023-07-30,09:49:00,Sunday,Clear,Chowk/Intersection,High,Two-Wheeler,Minor,1
6636,43,Meur More,23.423,85.34,2021-08-07,15:03:00,Saturday,Clear,Residential Road,High,Auto-Rickshaw,Minor,0
6654,43,Meur More,23.423,85.34,2025-03-19,08:43:00,Wednesday,Clear,Highway,Medium,Two-Wheeler,Minor,0
6727,43,Meur More,23.423,85.34,2024-10-06,19:22:00,Sunday,Rainy,Residential Road,Medium,Car,Serious,1
6742,43,Meur More,23.423,85.34,2024-01-05,20:29:00,Friday,Clear,Chowk/Intersection,Low,Car,Serious,1
6746,43,Meur More,23.423,85.34,2023-02-26,09:59:00,Sunday,Clear,Chowk/Intersection,High,Two-Wheeler,Minor,1
6756,43,Meur More,23.423,85.34,2024-01-10,18:44:00,Wednesday,Clear,Chowk/Intersection,High,Two-Wheeler,Serious,1
6772,43,Meur More,23.423,85.34,2023-11-10,17:49:00,Friday,Stormy,Main Road,Medium,Two-Wheeler,Minor,0
6783,43,Meur More,23.423,85.34,2021-04-05,19:32:00,Monday,Foggy,Chowk/Intersection,Medium,Two-Wheeler,Serious,3
7024,43,Meur More,23.423,85.34,2022-08-15,09:04:00,Monday,Foggy,Main Road,High,Two-Wheeler,Minor,0
7157,43,Meur More,23.423,85.34,2025-06-21,17:35:00,Saturday,Stormy,Residential Road,High,Car,Serious,2
7167,43,Meur More,23.423,85.34,2021-05-17,16:42:00,Monday,Clear,Highway,High,Truck,Serious,1
7179,43,Meur More,23.423,85.34,2021-05-18,20:13:00,Tuesday,Stormy,Chowk/Intersection,Low,Two-Wheeler,Fatal,1
7309,43,Meur More,23.423,85.34,2024-08-20,18:34:00,Tuesday,Clear,Residential Road,High,Two-Wheeler,Minor,1
7411,43,Meur More,23.423,85.34,2025-12-17,06:43:00,Wednesday,Clear,Main Road,High,Two-Wheeler,Minor,0
7462,43,Meur More,23.423,85.34,2024-11-30,19:41:00,Saturday,Clear,Main Road,Low,Truck,Minor,1
7474,43,Meur More,23.423,85.34,2025-07-26,15:44:00,Saturday,Clear,Residential Road,Medium,Two-Wheeler,Minor,0
7486,43,Meur More,23.423,85.34,2022-03-13,08:48:00,Sunday,Clear,Chowk/Intersection,Medium,Car,Fatal,1
7611,43,Meur More,23.423,85.34,2023-01-18,17:26:00,Wednesday,Rainy,Chowk/Intersection,Medium,Two-Wheeler,Minor,0
7628,43,Meur More,23.423,85.34,2024-01-11,17:05:00,Thursday,Foggy,Highway,Medium,Two-Wheeler,Minor,0
7800,43,Meur More,23.423,85.34,2025-05-04,07:07:00,Sunday,Rainy,Chowk/Intersection,Medium,Two-Wheeler,Minor,1
7803,43,Meur More,23.423,85.34,2021-09-25,21:40:00,Saturday,Rainy,Main Road,Low,Two-Wheeler,Serious,2
7841,43,Meur More,23.423,85.34,2023-04-06,17:41:00,Thursday,Clear,Chowk/Intersection,Medium,Auto-Rickshaw,Serious,1
7883,43,Meur More,23.423,85.34,2022-11-05,19:25:00,Saturday,Clear,Main Road,Medium,Two-Wheeler,Serious,1
7916,43,Meur More,23.423,85.34,2025-04-25,09:50:00,Friday,Rainy,Chowk/Intersection,High,Car,Minor,0
7965,43,Meur More,23.423,85.34,2023-08-25,19:33:00,Friday,Clear,Main Road,Low,Truck,Fatal,2
61,44,Vidyalaya Road,23.365,85.332,2022-11-15,17:09:00,Tuesday,Clear,Residential Road,Low,Two-Wheeler,Serious,3
87,44,Vidyalaya Road,23.365,85.332,2021-03-24,08:26:00,Wednesday,Foggy,Highway,Low,Two-Wheeler,Minor,0
97,44,Vidyalaya Road,23.365,85.332,2021-04-15,08:33:00,Thursday,Clear,Chowk/Intersection,Low,Two-Wheeler,Minor,0
151,44,Vidyalaya Road,23.365,85.332,2023-05-03,09:11:00,Wednesday,Clear,Main Road,Medium,Truck,Serious,1
183,44,Vidyalaya Road,23.365,85.332,2024-03-09,06:38:00,Saturday,Clear,Highway,High,Auto-Rickshaw,Minor,0
199,44,Vidyalaya Road,23.365,85.332,2024-07-22,05:39:00,Monday,Foggy,Residential Road,Low,Two-Wheeler,Minor,1
210,44,Vidyalaya Road,23.365,85.332,2021-09-16,21:40:00,Thursday,Clear,Main Road,High,Bus,Minor,0
216,44,Vidyalaya Road,23.365,85.332,2025-11-11,07:29:00,Tuesday,Clear,Residential Road,Low,Two-Wheeler,Minor,0
255,44,Vidyalaya Road,23.365,85.332,2024-11-06,09:55:00,Wednesday,Clear,Main Road,Medium,Two-Wheeler,Minor,0
256,44,Vidyalaya Road,23.365,85.332,2021-08-14,08:57:00,Saturday,Clear,Main Road,Medium,Car,Minor,0
268,44,Vidyalaya Road,23.365,85.332,2022-05-22,09:02:00,Sunday,Clear,Highway,High,Auto-Rickshaw,Minor,1
442,44,Vidyalaya Road,23.365,85.332,2024-05-02,12:22:00,Thursday,Foggy,Main Road,Medium,Two-Wheeler,Serious,2
521,44,Vidyalaya Road,23.365,85.332,2023-06-30,07:54:00,Friday,Clear,Highway,High,Car,Serious,1
558,44,Vidyalaya Road,23.365,85.332,2023-01-15,19:25:00,Sunday,Stormy,Main Road,Medium,Two-Wheeler,Serious,1
663,44,Vidyalaya Road,23.365,85.332,2025-06-14,09:35:00,Saturday,Clear,Highway,Medium,Two-Wheeler,Minor,1
673,44,Vidyalaya Road,23.365,85.332,2022-07-15,09:14:00,Friday,Stormy,Highway,Low,Two-Wheeler,Serious,1
726,44,Vidyalaya Road,23.365,85.332,2024-06-14,07:47:00,Friday,Clear,Chowk/Intersection,Low,Truck,Serious,2
755,44,Vidyalaya Road,23.365,85.332,2022-05-26,19:42:00,Thursday,Foggy,Residential Road,Low,Two-Wheeler,Minor,0
777,44,Vidyalaya Road,23.365,85.332,2021-06-12,08:12:00,Saturday,Foggy,Chowk/Intersection,Medium,Two-Wheeler,Serious,1
804,44,Vidyalaya Road,23.365,85.332,2024-06-25,07:09:00,Tuesday,Stormy,Highway,Medium,Two-Wheeler,Serious,2
856,44,Vidyalaya Road,23.365,85.332,2024-08-04,19:09:00,Sunday,Foggy,Highway,Low,Two-Wheeler,Serious,2
901,44,Vidyalaya Road,23.365,85.332,2025-08-28,06:56:00,Thursday,Clear,Main Road,Low,Car,Minor,0
1070,44,Vidyalaya Road,23.365,85.332,2025-04-15,07:04:00,Tuesday,Clear,Chowk/Intersection,Low,Auto-Rickshaw,Serious,1
1348,44,Vidyalaya Road,23.365,85.332,2024-05-17,19:27:00,Friday,Rainy,Chowk/Intersection,Low,Two-Wheeler,Serious,1
1378,44,Vidyalaya Road,23.365,85.332,2025-12-11,09:42:00,Thursday,Clear,Main Road,High,Car,Minor,1
1423,44,Vidyalaya Road,23.365,85.332,2025-03-01,20:28:00,Saturday,Clear,Highway,High,Two-Wheeler,Serious,2
1456,44,Vidyalaya Road,23.365,85.332,2024-02-25,20:44:00,Sunday,Rainy,Chowk/Intersection,Low,Car,Minor,1
1493,44,Vidyalaya Road,23.365,85.332,2025-04-03,18:10:00,Thursday,Clear,Chowk/Intersection,Low,Two-Wheeler,Minor,0
1530,44,Vidyalaya Road,23.365,85.332,2021-08-31,11:00:00,Tuesday,Clear,Main Road,Medium,Two-Wheeler,Serious,2
1565,44,Vidyalaya Road,23.365,85.332,2021-09-28,16:25:00,Tuesday,Clear,Highway,Low,Two-Wheeler,Minor,1
1684,44,Vidyalaya Road,23.365,85.332,2023-04-21,12:09:00,Friday,Clear,Main Road,High,Car,Serious,2
1706,44,Vidyalaya Road,23.365,85.332,2022-07-08,05:33:00,Friday,Clear,Residential Road,Low,Two-Wheeler,Serious,1
1830,44,Vidyalaya Road,23.365,85.332,2021-04-26,17:31:00,Monday,Rainy,Highway,Medium,Car,Serious,1
1840,44,Vidyalaya Road,23.365,85.332,2024-03-15,04:26:00,Friday,Clear,Residential Road,Low,Car,Minor,0
1842,44,Vidyalaya Road,23.365,85.332,2021-01-26,08:29:00,Tuesday,Clear,Chowk/Intersection,Low,Auto-Rickshaw,Minor,0
1936,44,Vidyalaya Road,23.365,85.332,2021-09-06,09:02:00,Monday,Clear,Highway,High,Two-Wheeler,Fatal,3
1947,44,Vidyalaya Road,23.365,85.332,2024-06-12,19:14:00,Wednesday,Clear,Chowk/Intersection,Low,Two-Wheeler,Minor,0
2055,44,Vidyalaya Road,23.365,85.332,2021-05-10,17:00:00,Monday,Clear,Main Road,High,Car,Serious,3
2143,44,Vidyalaya Road,23.365,85.332,2021-10-28,17:53:00,Thursday,Rainy,Main Road,Medium,Two-Wheeler,Fatal,1
2190,44,Vidyalaya Road,23.365,85.332,2023-10-08,20:03:00,Sunday,Clear,Chowk/Intersection,Low,Truck,Serious,1
2204,44,Vidyalaya Road,23.365,85.332,2022-05-16,15:51:00,Monday,Clear,Main Road,Low,Car,Serious,1
2307,44,Vidyalaya Road,23.365,85.332,2023-07-04,20:55:00,Tuesday,Clear,Residential Road,High,Auto-Rickshaw,Serious,2
2325,44,Vidyalaya Road,23.365,85.332,2022-02-17,18:01:00,Thursday,Clear,Highway,High,Two-Wheeler,Fatal,2
2365,44,Vidyalaya Road,23.365,85.332,2022-09-04,19:19:00,Sunday,Clear,Main Road,Low,Two-Wheeler,Minor,0
2419,44,Vidyalaya Road,23.365,85.332,2021-06-03,08:40:00,Thursday,Clear,Main Road,High,Truck,Serious,2
2457,44,Vidyalaya Road,23.365,85.332,2025-04-20,08:05:00,Sunday,Clear,Main Road,Low,Two-Wheeler,Fatal,2
2462,44,Vidyalaya Road,23.365,85.332,2025-10-04,08:40:00,Saturday,Rainy,Main Road,Medium,Two-Wheeler,Minor,0
2467,44,Vidyalaya Road,23.365,85.332,2025-10-25,20:00:00,Saturday,Stormy,Main Road,High,Auto-Rickshaw,Fatal,2
2488,44,Vidyalaya Road,23.365,85.332,2025-03-21,18:58:00,Friday,Foggy,Highway,High,Two-Wheeler,Serious,2
2494,44,Vidyalaya Road,23.365,85.332,2025-11-09,18:14:00,Sunday,Clear,Residential Road,High,Car,Minor,0
2572,44,Vidyalaya Road,23.365,85.332,2024-09-04,16:24:00,Wednesday,Rainy,Main Road,High,Auto-Rickshaw,Fatal,1
2585,44,Vidyalaya Road,23.365,85.332,2022-04-22,09:26:00,Friday,Clear,Highway,Low,Auto-Rickshaw,Serious,3
2628,44,Vidyalaya Road,23.365,85.332,2022-01-14,18:06:00,Friday,Clear,Chowk/Intersection,High,Two-Wheeler,Minor,1
2765,44,Vidyalaya Road,23.365,85.332,2022-02-23,08:13:00,Wednesday,Clear,Residential Road,High,Truck,Serious,1
2817,44,Vidyalaya Road,23.365,85.332,2025-05-08,21:40:00,Thursday,Clear,Chowk/Intersection,Medium,Two-Wheeler,Minor,0
2828,44,Vidyalaya Road,23.365,85.332,2025-10-05,07:04:00,Sunday,Clear,Chowk/Intersection,Low,Two-Wheeler,Serious,1
2873,44,Vidyalaya Road,23.365,85.332,2024-11-05,07:40:00,Tuesday,Clear,Chowk/Intersection,High,Truck,Minor,0
2887,44,Vidyalaya Road,23.365,85.332,2025-10-19,08:47:00,Sunday,Clear,Highway,High,Car,Fatal,4
2890,44,Vidyalaya Road,23.365,85.332,2023-06-30,18:59:00,Friday,Rainy,Highway,Medium,Two-Wheeler,Fatal,1
2898,44,Vidyalaya Road,23.365,85.332,2022-11-26,08:06:00,Saturday,Clear,Main Road,Medium,Car,Minor,1
2916,44,Vidyalaya Road,23.365,85.332,2023-06-30,21:06:00,Friday,Stormy,Chowk/Intersection,High,Car,Serious,2
2966,44,Vidyalaya Road,23.365,85.332,2025-10-10,03:19:00,Friday,Clear,Chowk/Intersection,Medium,Auto-Rickshaw,Minor,1
2978,44,Vidyalaya Road,23.365,85.332,2022-06-26,18:26:00,Sunday,Rainy,Highway,Medium,Bus,Minor,0
3091,44,Vidyalaya Road,23.365,85.332,2023-11-23,09:46:00,Thursday,Clear,Highway,Medium,Two-Wheeler,Minor,0
3096,44,Vidyalaya Road,23.365,85.332,2021-06-22,12:22:00,Tuesday,Clear,Main Road,Medium,Two-Wheeler,Minor,0
3098,44,Vidyalaya Road,23.365,85.332,2024-09-05,12:37:00,Thursday,Clear,Residential Road,Low,Two-Wheeler,Fatal,1
3236,44,Vidyalaya Road,23.365,85.332,2024-05-06,18:02:00,Monday,Rainy,Chowk/Intersection,Medium,Two-Wheeler,Minor,1
3253,44,Vidyalaya Road,23.365,85.332,2022-07-21,07:43:00,Thursday,Rainy,Residential Road,High,Two-Wheeler,Minor,0
3350,44,Vidyalaya Road,23.365,85.332,2024-06-04,20:08:00,Tuesday,Clear,Highway,High,Two-Wheeler,Minor,0
3371,44,Vidyalaya Road,23.365,85.332,2021-02-04,09:27:00,Thursday,Clear,Residential Road,High,Two-Wheeler,Serious,1
3419,44,Vidyalaya Road,23.365,85.332,2025-08-06,06:49:00,Wednesday,Clear,Chowk/Intersection,Low,Two-Wheeler,Minor,0
3491,44,Vidyalaya Road,23.365,85.332,2024-08-23,09:06:00,Friday,Foggy,Residential Road,Low,Auto-Rickshaw,Minor,0
3710,44,Vidyalaya Road,23.365,85.332,2024-12-17,09:01:00,Tuesday,Clear,Chowk/Intersection,High,Two-Wheeler,Minor,1
3822,44,Vidyalaya Road,23.365,85.332,2022-03-18,07:32:00,Friday,Clear,Highway,High,Two-Wheeler,Minor,0
3877,44,Vidyalaya Road,23.365,85.332,2022-06-05,09:36:00,Sunday,Clear,Chowk/Intersection,Medium,Car,Serious,2
3973,44,Vidyalaya Road,23.365,85.332,2023-10-12,11:46:00,Thursday,Clear,Chowk/Intersection,Low,Two-Wheeler,Fatal,3
4082,44,Vidyalaya Road,23.365,85.332,2022-08-29,15:12:00,Monday,Foggy,Residential Road,Low,Auto-Rickshaw,Serious,3
4104,44,Vidyalaya Road,23.365,85.332,2022-07-24,18:15:00,Sunday,Clear,Residential Road,Low,Two-Wheeler,Minor,1
4147,44,Vidyalaya Road,23.365,85.332,2022-12-22,15:24:00,Thursday,Clear,Chowk/Intersection,High,Two-Wheeler,Serious,2
4188,44,Vidyalaya Road,23.365,85.332,2021-10-14,10:36:00,Thursday,Stormy,Chowk/Intersection,Low,Two-Wheeler,Minor,0
4192,44,Vidyalaya Road,23.365,85.332,2025-06-07,08:11:00,Saturday,Clear,Main Road,Low,Auto-Rickshaw,Serious,1
4241,44,Vidyalaya Road,23.365,85.332,2023-01-10,20:04:00,Tuesday,Clear,Main Road,Low,Car,Serious,2
4406,44,Vidyalaya Road,23.365,85.332,2025-10-22,08:26:00,Wednesday,Clear,Highway,High,Two-Wheeler,Fatal,4
4430,44,Vidyalaya Road,23.365,85.332,2025-10-06,07:18:00,Monday,Rainy,Main Road,Medium,Car,Minor,0
4463,44,Vidyalaya Road,23.365,85.332,2024-05-31,18:32:00,Friday,Stormy,Highway,High,Two-Wheeler,Minor,0
4574,44,Vidyalaya Road,23.365,85.332,2021-08-15,17:56:00,Sunday,Stormy,Main Road,High,Car,Minor,0
4578,44,Vidyalaya Road,23.365,85.332,2025-11-06,07:56:00,Thursday,Clear,Main Road,Medium,Two-Wheeler,Minor,1
4594,44,Vidyalaya Road,23.365,85.332,2024-04-08,17:44:00,Monday,Clear,Main Road,Low,Truck,Minor,0
4597,44,Vidyalaya Road,23.365,85.332,2024-04-17,19:28:00,Wednesday,Clear,Highway,High,Two-Wheeler,Minor,0
4690,44,Vidyalaya Road,23.365,85.332,2021-12-27,17:58:00,Monday,Clear,Main Road,Medium,Two-Wheeler,Serious,1
4692,44,Vidyalaya Road,23.365,85.332,2023-04-02,09:01:00,Sunday,Clear,Chowk/Intersection,Medium,Auto-Rickshaw,Serious,1
4795,44,Vidyalaya Road,23.365,85.332,2023-05-14,07:28:00,Sunday,Clear,Main Road,Medium,Auto-Rickshaw,Minor,1
4843,44,Vidyalaya Road,23.365,85.332,2021-11-14,09:03:00,Sunday,Rainy,Chowk/Intersection,High,Two-Wheeler,Minor,0
4847,44,Vidyalaya Road,23.365,85.332,2021-12-23,08:50:00,Thursday,Clear,Highway,Medium,Car,Fatal,2
4868,44,Vidyalaya Road,23.365,85.332,2021-11-04,19:51:00,Thursday,Clear,Residential Road,High,Car,Minor,1
4990,44,Vidyalaya Road,23.365,85.332,2025-04-07,17:16:00,Monday,Clear,Residential Road,High,Car,Minor,0
4994,44,Vidyalaya Road,23.365,85.332,2025-10-21,06:07:00,Tuesday,Foggy,Main Road,Medium,Two-Wheeler,Minor,0
4999,44,Vidyalaya Road,23.365,85.332,2023-05-12,17:28:00,Friday,Clear,Chowk/Intersection,Medium,Auto-Rickshaw,Minor,0
5016,44,Vidyalaya Road,23.365,85.332,2023-09-15,20:25:00,Friday,Clear,Highway,Low,Car,Minor,0
5062,44,Vidyalaya Road,23.365,85.332,2025-06-25,17:55:00,Wednesday,Foggy,Chowk/Intersection,High,Truck,Serious,1
5243,44,Vidyalaya Road,23.365,85.332,2025-08-25,08:31:00,Monday,Rainy,Main Road,High,Car,Minor,0
5247,44,Vidyalaya Road,23.365,85.332,2021-08-04,06:53:00,Wednesday,Clear,Highway,High,Two-Wheeler,Minor,0
5273,44,Vidyalaya Road,23.365,85.332,2022-08-25,15:25:00,Thursday,Clear,Chowk/Intersection,High,Auto-Rickshaw,Minor,0
5281,44,Vidyalaya Road,23.365,85.332,2021-07-10,18:45:00,Saturday,Clear,Main Road,High,Two-Wheeler,Serious,2
5311,44,Vidyalaya Road,23.365,85.332,2023-08-01,10:01:00,Tuesday,Clear,Chowk/Intersection,High,Car,Minor,1
5312,44,Vidyalaya Road,23.365,85.332,2023-07-10,19:49:00,Monday,Clear,Chowk/Intersection,Low,Bus,Serious,2
5345,44,Vidyalaya Road,23.365,85.332,2022-10-13,18:10:00,Thursday,Clear,Chowk/Intersection,High,Two-Wheeler,Minor,1
5374,44,Vidyalaya Road,23.365,85.332,2025-11-18,19:53:00,Tuesday,Clear,Highway,High,Two-Wheeler,Minor,0
5541,44,Vidyalaya Road,23.365,85.332,2025-11-04,08:47:00,Tuesday,Clear,Main Road,High,Two-Wheeler,Serious,1
5578,44,Vidyalaya Road,23.365,85.332,2024-03-10,20:03:00,Sunday,Clear,Highway,Low,Auto-Rickshaw,Minor,1
5703,44,Vidyalaya Road,23.365,85.332,2023-12-11,19:42:00,Monday,Foggy,Chowk/Intersection,Medium,Two-Wheeler,Minor,0
5933,44,Vidyalaya Road,23.365,85.332,2023-11-27,17:54:00,Monday,Clear,Chowk/Intersection,Low,Car,Minor,1
5946,44,Vidyalaya Road,23.365,85.332,2024-04-01,17:07:00,Monday,Clear,Chowk/Intersection,High,Auto-Rickshaw,Minor,0
5981,44,Vidyalaya Road,23.365,85.332,2023-11-19,20:38:00,Sunday,Stormy,Highway,Low,Car,Fatal,1
6116,44,Vidyalaya Road,23.365,85.332,2024-03-20,09:45:00,Wednesday,Clear,Chowk/Intersection,Medium,Bus,Minor,0
6140,44,Vidyalaya Road,23.365,85.332,2023-11-26,21:07:00,Sunday,Clear,Highway,High,Auto-Rickshaw,Fatal,1
6156,44,Vidyalaya Road,23.365,85.332,2021-11-01,21:27:00,Monday,Clear,Main Road,High,Two-Wheeler,Minor,1
6260,44,Vidyalaya Road,23.365,85.332,2024-07-01,17:16:00,Monday,Clear,Main Road,High,Car,Serious,1
6281,44,Vidyalaya Road,23.365,85.332,2022-08-13,09:05:00,Saturday,Stormy,Chowk/Intersection,Low,Two-Wheeler,Serious,2
6517,44,Vidyalaya Road,23.365,85.332,2024-08-06,08:03:00,Tuesday,Foggy,Residential Road,Medium,Two-Wheeler,Serious,1
6544,44,Vidyalaya Road,23.365,85.332,2024-07-28,08:08:00,Sunday,Clear,Chowk/Intersection,High,Auto-Rickshaw,Serious,2
6581,44,Vidyalaya Road,23.365,85.332,2023-12-08,09:00:00,Friday,Clear,Main Road,High,Two-Wheeler,Serious,1
6594,44,Vidyalaya Road,23.365,85.332,2024-10-19,06:59:00,Saturday,Foggy,Main Road,Low,Auto-Rickshaw,Minor,1
6838,44,Vidyalaya Road,23.365,85.332,2024-10-18,19:07:00,Friday,Rainy,Main Road,High,Two-Wheeler,Fatal,2
6920,44,Vidyalaya Road,23.365,85.332,2025-01-07,10:13:00,Tuesday,Clear,Highway,Low,Two-Wheeler,Fatal,1
6960,44,Vidyalaya Road,23.365,85.332,2022-05-26,08:26:00,Thursday,Foggy,Residential Road,High,Two-Wheeler,Minor,1
6973,44,Vidyalaya Road,23.365,85.332,2021-04-19,09:19:00,Monday,Clear,Residential Road,Medium,Truck,Minor,0
6985,44,Vidyalaya Road,23.365,85.332,2021-03-28,17:03:00,Sunday,Foggy,Chowk/Intersection,Medium,Bus,Serious,1
6987,44,Vidyalaya Road,23.365,85.332,2024-06-30,09:13:00,Sunday,Clear,Residential Road,Medium,Two-Wheeler,Fatal,4
7046,44,Vidyalaya Road,23.365,85.332,2025-09-02,20:38:00,Tuesday,Clear,Highway,Low,Car,Fatal,1
7169,44,Vidyalaya Road,23.365,85.332,2023-02-06,10:07:00,Monday,Clear,Main Road,High,Car,Fatal,1
7209,44,Vidyalaya Road,23.365,85.332,2024-01-01,17:45:00,Monday,Clear,Chowk/Intersection,Medium,Car,Minor,1
7280,44,Vidyalaya Road,23.365,85.332,2023-10-09,10:35:00,Monday,Clear,Chowk/Intersection,Low,Auto-Rickshaw,Serious,2
7292,44,Vidyalaya Road,23.365,85.332,2023-07-30,07:50:00,Sunday,Clear,Highway,Low,Truck,Serious,2
7407,44,Vidyalaya Road,23.365,85.332,2024-06-27,11:34:00,Thursday,Clear,Highway,Medium,Truck,Serious,3
7430,44,Vidyalaya Road,23.365,85.332,2023-06-10,09:16:00,Saturday,Clear,Main Road,High,Two-Wheeler,Minor,0
7463,44,Vidyalaya Road,23.365,85.332,2025-09-03,07:43:00,Wednesday,Clear,Main Road,High,Two-Wheeler,Serious,1
7553,44,Vidyalaya Road,23.365,85.332,2023-01-16,15:27:00,Monday,Clear,Chowk/Intersection,High,Car,Minor,0
7554,44,Vidyalaya Road,23.365,85.332,2022-04-17,18:19:00,Sunday,Clear,Chowk/Intersection,Medium,Car,Serious,1
7695,44,Vidyalaya Road,23.365,85.332,2021-12-27,08:31:00,Monday,Rainy,Main Road,High,Two-Wheeler,Serious,1
7697,44,Vidyalaya Road,23.365,85.332,2025-05-11,19:55:00,Sunday,Clear,Chowk/Intersection,High,Two-Wheeler,Minor,0
7758,44,Vidyalaya Road,23.365,85.332,2023-11-14,08:15:00,Tuesday,Clear,Chowk/Intersection,Low,Two-Wheeler,Serious,1
7792,44,Vidyalaya Road,23.365,85.332,2022-04-05,10:29:00,Tuesday,Rainy,Chowk/Intersection,High,Two-Wheeler,Fatal,1
7795,44,Vidyalaya Road,23.365,85.332,2025-08-20,06:28:00,Wednesday,Stormy,Highway,Medium,Two-Wheeler,Serious,2
7818,44,Vidyalaya Road,23.365,85.332,2021-02-05,07:05:00,Friday,Clear,Main Road,Low,Two-Wheeler,Minor,0
7981,44,Vidyalaya Road,23.365,85.332,2023-05-25,08:38:00,Thursday,Foggy,Main Road,Medium,Auto-Rickshaw,Minor,0
